domain,label,class
writecomics.com,normal.alexa,0
vatwedea.ru,,1
qxgtbezdnpdk.info,,1
i7nohynsazthg8u865.biz,,1
cchaxcess.com,normal.alexa,0
39.net,normal.alexa,0
albanyclinic.ca,normal.alexa,0
downblocked.com,normal.alexa,0
fundiary.in,normal.alexa,0
auwcrfudeeupvscxclnvskfkreq.ru,,1
nedbatchelder.com,normal.alexa,0
erouxbu.name,,1
edgefonts.net,normal.bambenek,0
ns1.dnsfor9.biz,,1
propertynl.com,normal.alexa,0
fbrell.com,normal.alexa,0
of6aeeca9b19d77cbbbc2997b5ff96ef47.cc,dga.dyre,1
raidjapan.com,normal.alexa,0
neehivtu.ddns.net,,1
phoenixmarketcitypune.com,normal.alexa,0
o15367701505fdb310ff1e1d85a43479f8.cc,,1
ibq.com.tw,normal.alexa,0
squizzbox.com,normal.alexa,0
polska-kaliningrad.ru,normal.alexa,0
ultra-bux.com,normal.alexa,0
pereowan.ru,,1
3cf6865c50c662ba46e6563f9a53fb09.info,,1
stevescomments.wordpress.com,normal.alexa,0
tsktxefswdjnpblxdobir.net,,1
ecolines.net,normal.alexa,0
cssrfknuppyb.com,,1
sipdvygmeutm.com,dga.ramnit,1
kkabkmeccklnllcb.de,,1
xeanon.com,normal.alexa,0
eiugxwlkvhahlrcmhtgkrknrczd.com,,1
cookiebuddypraygrabcowpart.com,,1
vdfvbexuucrr.pw,,1
takmax.com,normal.alexa,0
rajeacuk.ru,,1
traderfeed.blogspot.com.ar,normal.alexa,0
muslimahcorner.com,normal.alexa,0
scissorvixens.com,normal.alexa,0
qqareqswpwpghnh.com,,1
litklyprb.info,,1
sentora.org,normal.alexa,0
brianzacque.it,normal.alexa,0
torontofeed.in,normal.alexa,0
autodecore.ru,normal.alexa,0
8esport.com,normal.alexa,0
argentinaindependent.com,normal.alexa,0
office-vender.com,normal.alexa,0
rhglv.com,,1
ypqattqgk.eu,,1
soin-et-nature.com,normal.alexa,0
dameihotel666.com,normal.alexa,0
wnspavqle.top,,1
ustrcr.cz,normal.alexa,0
googleblog.blogspot.com.br,normal.alexa,0
nkzsdylcd.top,,1
thebirdwrites.com,normal.alexa,0
emaily.eu,normal.alexa,0
vathikokkino.gr,normal.alexa,0
tirumalabalaji.in,normal.alexa,0
ogfyamentalistfanchonut.com,dga.banjori,1
jepmnpnkklvk.co.uk,dga.cryptolocker,1
yqkawaiaixpjrvnbvye.org,,1
secomtrust.net,normal.alexa,0
tcookcsnuu.com,,1
continu.nl,normal.alexa,0
pornopoppen.net,normal.alexa,0
moneycanbuymehappiness.com,normal.alexa,0
afreecodec.com,normal.alexa,0
ywuswljqdetqmi.com,,1
mcnzpvmsmdumjexpu.net,,1
sharonsantoni.com,normal.alexa,0
zdrav.kz,normal.alexa,0
newsrt.co.uk,normal.alexa,0
vxlnhqjjskampo.org,dga.qakbot,1
planbranchscrewshallpropose.com,,1
xwxjvocwrmx.info,,1
ginfuuzua9gi422.net,,1
kosmghqxwzptopbif.net,,1
gmifurj.info,,1
g200kg.com,normal.alexa,0
cookingwithplants.com,normal.alexa,0
vertinity.com,normal.alexa,0
ib4tujglinc1.com,,1
nurseryjobs.org,normal.alexa,0
xpsxrnehqe.dynserv.com,,1
pointsback.lv,normal.alexa,0
powstock.com,normal.alexa,0
oeqsongovqbc.com,,1
uxsjiaqcmgmkoyrivq.ir,,1
sportsbook.ag,normal.alexa,0
edotntexprlore.info,,1
dengy.in.ua,normal.alexa,0
alpincenter.com,normal.alexa,0
cfiujkx.info,,1
hlmzidablyhoosieraw.com,dga.banjori,1
fukudaya.net,normal.alexa,0
qetyv.eu,,1
ffvuzxyc.com,,1
dekorasyondunyasi.net,normal.alexa,0
sweetfunnycoool.com,normal.alexa,0
alekzmx.tumblr.com,normal.alexa,0
novemberlearning.com,normal.alexa,0
rebeccajuddloves.com,normal.alexa,0
selectica.com,normal.alexa,0
gai001.com,normal.alexa,0
hublmcmqlig.cc,,1
fqhfaia.mooo.com,,1
yamisiones.com,normal.alexa,0
ftgtso.com,,1
pfugmdusayoqtzia.com,,1
clientservebrickmeetfarm.com,,1
ovngedruhdljwquivbk.com,,1
fuvsbujc.top,,1
x203ccf5df4ec3a3de9b165965f041a897.cn,,1
medyaistasyonu.blogspot.com.tr,normal.alexa,0
a1eh1gyxhzipwikgzb2afisf.org,,1
raihjrnj.net,dga.pykspa,1
aweqruwcgqtwwnbusern.xxx,,1
adc1439e1b75adcfe423d66788448213e1.cc,,1
wfe6gde872epcfsf107.ddns.net,,1
tntweb.wordpress.com,normal.alexa,0
ymfmhkdsjblb.xyz,,1
eahulfpcmcqmneqsoovylnkzxhqx.com,,1
phimbook.com,normal.alexa,0
a-kimama.com,normal.alexa,0
akogtlnkmjjmp.com,,1
8650745d1afc46620f6a5bf4e2c09277.cz.cc,,1
huss-licht-ton.de,normal.alexa,0
oneejkevmgfigkni.eu,,1
spservicing.com,normal.alexa,0
8c819026ae98572fdc9683510fc4ec50.org,,1
ilylmfulgtajyn1.ddns.net,,1
giornalegiornaliero.com,normal.alexa,0
leadingstrategicinitiatives.com,normal.alexa,0
fltwudp.info,,1
rencontrer-mignon.org,normal.alexa,0
status-now.com,normal.alexa,0
cfuyuk.com,,1
nexbqcvajp.yi.org,,1
classifiedsciti.com,normal.alexa,0
fabbox.net,normal.alexa,0
mossberg.com,normal.alexa,0
laxshuttletix.com,normal.alexa,0
societe-gamma.com,normal.alexa,0
grajaudefato.blogspot.com.br,normal.alexa,0
dmodbbbkbedkmban.com,,1
ojtocypnzljffyifdwcskzdhaxo.org,,1
qcrbsyriowdp.com,dga.tinba,1
reosh.ru,normal.alexa,0
qfkgepobxlupsqot.su,,1
grafkellerinvestor.com,normal.alexa,0
bpaeyyxvldpuqaww.eu,,1
ygyksagabardinedazyx.com,,1
chandigarhacademy.com,normal.alexa,0
defender2.net,normal.alexa,0
ekogundem.com,normal.alexa,0
wsesluarbidvie.com,,1
teknovi.com,normal.alexa,0
sjowkyzdbozaqoy.com,,1
halquin.jp,normal.alexa,0
9z74eeoldp7ocjgd.com,,1
prizm.media,normal.alexa,0
sigortatahkim.org,normal.alexa,0
jlrfllaabettingk.com,dga.banjori,1
lyrem.eu,,1
lowesthosting.com,normal.alexa,0
ixirgpqh.com,,1
diatem.net,normal.alexa,0
oivpsatformalisticirekb.com,,1
visitorlando.com,normal.alexa,0
ofnaset.com,normal.alexa,0
blogpicture.net,normal.alexa,0
rufile.org,normal.alexa,0
irkcenfq.com,,1
fjfmlijvoxib.com,,1
sotdicb.ru,,1
stcsm.gov.cn,normal.alexa,0
applus.com,normal.alexa,0
byeiucq.com,,1
ehktijhfjljtmfpu.eu,,1
lpflwocuqkobkzfqcqrkcmtowo.ru,,1
s951e1132fb6b6ed02b9a627e15dada6bf.hk,,1
ljncqppvuwhehovnrcibqstfpn.ru,,1
tfvfwedsj.pw,,1
bfkrsxgoqbwu.com,,1
hkoubgzpz.net,,1
vegankit.com,normal.alexa,0
setbookmarks.com,normal.alexa,0
politico.eu,normal.alexa,0
yxaehtceznryxlwguocilvropf.com,,1
dzcoidjlgidohk.net,,1
elektroversand-schmidt.de,normal.alexa,0
gl06k2ykzehd1ejnm0y1s2t2rn.net,dga.post,1
mm3pai1fwcd191mgjy98z6drde.com,,1
babiniotis.gr,normal.alexa,0
pujetyg.info,,1
sightsleep.net,,1
ghlyuzvijhgddbz.com,,1
croplife.com,normal.alexa,0
theme-one.com,normal.alexa,0
nlclubvp.ru,normal.alexa,0
ippopetshop.it,normal.alexa,0
rtklicpxyyktfbwj.eu,,1
bejiuutsoxui.com,dga.tinba,1
jcpir0pyfs5q.net,,1
1x2w6qxcxsq2w1j0dvd0h2mbr2.biz,,1
wdntoday.com,normal.alexa,0
vuruxoogikeqci.ddns.net,,1
cesaosisuseccsaa.org,,1
umiqanerraticallyqozaw.com,dga.banjori,1
nrsworld.com,normal.alexa,0
khv.info,normal.alexa,0
tzzxxiex.info,,1
9ckdbxd3dditt2y.net,,1
xxggdmmtofrtinsx.biz,,1
j1rwoa1ytb7rx1x1ozx7146tytq.org,,1
ovhiatg.net,,1
vakilsearch.com,normal.alexa,0
snwwk2m1m3pg.net,,1
asialive.info,normal.alexa,0
knyagna.ru,normal.alexa,0
ogokygsmiaecesga.org,dga.ramdo,1
svunylxiwknqphf.com,dga.murofet,1
soundbreeze.ru,normal.alexa,0
efiynhgtmhedj2656o.cn,,1
w-t-f.cc,normal.alexa,0
cq756me84yskt8hf16.cn,,1
losvideosviral.net,normal.alexa,0
bi4suhglcj29f50j.ru,,1
nesta.hk,normal.alexa,0
wcmhsgbufitwlvxgsglvpbeuug.ru,,1
1gnaw4k1pflq3ubx2pu5vm0k78.com,,1
topoznei.ru,,1
potteroman.ru,normal.alexa,0
advooble.kz,normal.alexa,0
14tdhp190nvt01ay2mp91gce1bb.org,,1
hmzduydmfemdzdhqkjtczhwcvo.info,,1
winterdumpruinrelatedoctor.com,,1
w3e6963b30cff7ecadd2c1f11525cef829.hk,,1
136e3y01avi1tnvtz2c51hx97ye.com,,1
garenatotal.com,normal.alexa,0
oufurxbhatwoekpscj.eu,,1
cbwbgpcj.ru,,1
large.nl,normal.alexa,0
weixiaodian.com,normal.alexa,0
leanactionplan.pl,normal.alexa,0
ppixhayrmvsmf52.com,,1
mjktybop6z0t.net,,1
milkingcocks.tumblr.com,normal.alexa,0
xutihyx.info,,1
theislandwiki.org,normal.alexa,0
oyrprrn.cc,,1
jzitnvkl.dynserv.com,,1
csnytpxwfxkqnbii.eu,,1
balkanviator.com,normal.alexa,0
dagimozj.ru,,1
zjfoqieh.com,,1
fxkurvi.info,,1
dpxttuimyfvq.com,dga.tinba,1
vc5gnwlyjiyrdnjtuh.net,,1
speechrentbelongbringindicate.com,dga.matsnu,1
freeforums.com,normal.alexa,0
solarroadways.com,normal.alexa,0
jjrbakn.cc,,1
kimdentistry.com.vn,normal.alexa,0
geireobo.ru,,1
feqqsiv.eu,,1
weare.de,normal.alexa,0
mwcljtmgxqutkrw.co.uk,dga.cryptolocker,1
osegredodaaprovacao.com.br,normal.alexa,0
wallabycoin.link,normal.alexa,0
caganu.com,normal.alexa,0
mnzwcmtabq.com,,1
nswzpxezznwv.tv,,1
vowubaf.info,,1
pcbnsnojsykpdmfbrfp.ug,dga.necurs,1
ncnfbandmddnbdcl.net,,1
nbg9gnkgbjzfq.com,,1
xcmgqnmveieb.so,,1
onanisuta.com,normal.alexa,0
vk-book.ru,normal.alexa,0
teatropablotobon.com,normal.alexa,0
institutosmas.com.ar,normal.alexa,0
1w7wsg01cvj6herz4pxg1vaxx9z.org,,1
faxpgbwsas.org,,1
installment4u.com.pk,normal.alexa,0
jrgptpxlolpikl.biz,,1
a4yvsfgrk2mdyvyfitepqxk.ddns.net,,1
cpounjkcxuabkjkdofi.com,dga.ramnit,1
ihkiugrtxxp5.com,,1
lxfynkkolc.com,,1
delightstudio.ru,normal.alexa,0
9tkgca5pnm.net,,1
vgat.net,normal.alexa,0
d5ys.net,normal.alexa,0
bullmgo.info,,1
v8opvc7bp3efqhwdrj.ru,,1
vjkykuu.net,,1
sozkawup.ru,dga.pushdo,1
vkffekfzlinfmvowqkqcpfytbe.ru,,1
dblemkbmombodffd.cc,,1
mos.co.jp,normal.alexa,0
nx9eekh6i4432vkq01mvo9vu.biz,dga.post,1
rdot.org,normal.alexa,0
mysubtitlesrt.com,normal.alexa,0
yaosai.com,normal.alexa,0
seha.com.tr,normal.alexa,0
frugals.ca,normal.alexa,0
companiess.com,normal.alexa,0
turzagranicu.ru,normal.alexa,0
hefjjjotmmuu.com,,1
listingbook.com,normal.alexa,0
sasaustin.org,normal.alexa,0
nettetescil.com,normal.alexa,0
buzzoole.com,normal.alexa,0
etravels.cn,normal.alexa,0
takingprofit.ru,normal.alexa,0
wb3p7uwdvgmw7vfyov.net,,1
56mls8k6adwt5bu236q.ddns.net,,1
trickcowstormbottleparent.com,,1
cekos.rs,normal.alexa,0
h4v4bx8upcwsg31v551rbmwl3.net,,1
qbqctbt.info,,1
xe71bn7sw1od7rhrh5.net,,1
donotshotnigers.com,,1
alcatel-sbell.com.cn,normal.alexa,0
jeepkids.tmall.com,normal.alexa,0
kbookmarkshop.com,normal.alexa,0
nvtcvimt.com,,1
nintendoeverything.com,normal.alexa,0
qktgyjgfmcuwv.biz,dga.cryptolocker,1
odmvaqywwctlfr.com,,1
ulebkdyf.top,,1
zpmyowywdnsfbwsdaidr.info,,1
rtgjkaiediyubk.tw,dga.ranbyus,1
okhelp.cz,normal.alexa,0
icehitz.com,normal.alexa,0
virtualizationhowto.com,normal.alexa,0
rkwprfkplwfnsrrg.info,,1
continental-reifen.de,normal.alexa,0
ebookyhoc.com,normal.alexa,0
arscenic.org,normal.alexa,0
qqma.com,normal.alexa,0
1wv8lj71r92grbvuxyoq1lzsdiz.com,,1
ns1.dnsfor9.net,,1
15rm7kw1owrr2w1121i0rwg3alu.net,,1
theworldin.com,normal.alexa,0
spaandpoolstore.com,normal.alexa,0
ironholebookbonesmellturn.com,dga.matsnu,1
peda.gov.in,normal.alexa,0
rebeccannemontgomery.net,,1
3unk.com,normal.alexa,0
quicktate.com,normal.alexa,0
newsking.gr,normal.alexa,0
kuizina.com,normal.alexa,0
c7w3lffcgxcylrcm.org,,1
rusichi-center.ru,normal.alexa,0
cas.ru,normal.alexa,0
sxdeopjeuqrnhwqmo.info,,1
xkcibkc.info,,1
exfactorguide.com,normal.alexa,0
findaccountingsoftware.com,normal.alexa,0
pxqpanerraticallyqozaw.com,dga.banjori,1
jqw.com,normal.alexa,0
vnajw7xeyl661klc5841iwpuz9.org,dga.post,1
coinfreebtcve.com,normal.alexa,0
wibis.gr,normal.alexa,0
shopmiamihurricanes.com,normal.alexa,0
ebony-fucked-tubes.com,normal.alexa,0
ldlgvinskycattederifg.com,dga.banjori,1
ns1.dnsfor8.net,,1
ciasgsssoyokiiyc.org,,1
ctjnhgay.com,,1
regeneron.com,normal.alexa,0
p9c9fc53552ea79e7ce5be10d1cc1c2c54.in,,1
guesser.email,normal.alexa,0
ponury.net,normal.alexa,0
lyaaxxclffiiljfkt.com,,1
gjxmppzjcqpnuxnq.biz,,1
mbbcmacbcmbaoalf.online,,1
ilmuternak.com,normal.alexa,0
izuminki.com,normal.alexa,0
the-movie-times.com,normal.alexa,0
austinsymphony.org,normal.alexa,0
yukseklisans.com.tr,normal.alexa,0
1eynxb81xek2g0fycaoy7xjhy6.com,,1
prhtyq.com,,1
ujtyzqjcb.info,,1
christabelsappington.net,,1
greengluecompany.com,normal.alexa,0
erk1qr01mbk1.org,,1
mwadqdc.dynserv.com,,1
oceanspray.com,normal.alexa,0
batiburrillo.net,normal.alexa,0
ganaf.com,normal.alexa,0
synigoroskatanaloti.gr,normal.alexa,0
zrayxq.com,,1
gdsjuxm.com,,1
midori-anzen.co.jp,normal.alexa,0
mwmvdiiugkeq.biz,dga.pykspa,1
euq0d2hbi9l5ow6x.cn,,1
shadysrour.net,normal.alexa,0
elqdmtovev.org,,1
native.ad,normal.alexa,0
nbcneb.com,normal.alexa,0
ikdivhzgu.info,,1
brankic1979.com,normal.alexa,0
vufbjptgkifsly.su,,1
canakkalememleket.com,normal.alexa,0
landybridal.co,normal.alexa,0
egmqpncb.com,,1
sdidsmxdmufbmfxec.cc,,1
quiznightchief.com,normal.alexa,0
competitivedge.com,normal.alexa,0
hackscheats.net,normal.alexa,0
tinykesu.com,normal.alexa,0
freeanimal-porn.com,normal.alexa,0
18u88rv1ouc2js1n20c2niabe5.biz,,1
suvmsxwdicsne.info,,1
frantic.com.pl,normal.alexa,0
cassinellimuscle.com,normal.alexa,0
kefdq.tmall.com,normal.alexa,0
runningstreet365.com,normal.alexa,0
ukpreppersguide.co.uk,normal.alexa,0
mpngngsscgtsytk.org,,1
b2b168.com,normal.alexa,0
s4d0f328ea782876dcef536c807eb34b70.tk,,1
canadapostalcodes.net,normal.alexa,0
etadobeflagshplayer.co.uk,,1
nozhevoy.ru,normal.alexa,0
masinyf.info,dga.simda,1
mut.ac.ir,normal.alexa,0
iznihqfqbex.com,,1
seans.pl,normal.alexa,0
ntelos.com,normal.alexa,0
dkcbonaddmalcbem.com,,1
shwoodshop.com,normal.alexa,0
conranshop.fr,normal.alexa,0
neontrauma.de,normal.alexa,0
xp5mly8lxgzos8vkbs.net,,1
discoverforever.com,normal.alexa,0
pfsnnmsfkrqmnfvjf.com,,1
ennthykiodqagohe.eu,,1
iidx.jp,normal.alexa,0
robot-de-forex.com,normal.alexa,0
guitarprofi.ru,normal.alexa,0
eefilmnqqdqq.com,,1
zhihuishu.com,normal.alexa,0
lyvqvgbula.ru,,1
1j49f1fzrm7lc1k0cvw3vne6mz.net,,1
wamoeb.com,,1
pc-help.cz,normal.alexa,0
a3cqmmlqemnwgxri.com,,1
zhiyinlou.com,normal.alexa,0
bittenus.com,normal.alexa,0
360docs.net,normal.alexa,0
qidqvwmvivjpbvnktjt.com,dga.ramnit,1
astrujvxmrh.cn,,1
iedzvuyxzihzdwccayx.com,,1
gouskids.com,normal.alexa,0
laptopmexico.com,normal.alexa,0
eukhrvcjdthqtrj.info,,1
americanstandard-us.com,normal.alexa,0
ouyrntorgjsefnnb.eu,,1
catawiki.com,normal.alexa,0
ooafbfndccabfbkb.co.uk,,1
tivieglaexapo.ddns.net,,1
cursormania.com,normal.alexa,0
roymech.co.uk,normal.alexa,0
nbk.io,normal.alexa,0
mtywotiwmtya.org,,1
bankofcolorado.com,normal.alexa,0
upmjafitoti.com,,1
normeetributi.it,normal.alexa,0
furvdvt.cc,,1
xaekzqqsocfaanrgasd.com,,1
yqymepkns.biz,,1
c17068acd28efef7554f107a3eadad14.org,,1
dafo1q7ctenw.com,,1
1cmgisnztvwq115fmmws1wm1qvq.biz,,1
sibopjthvw.eu,,1
hesabet.com,normal.alexa,0
liputan.co.id,normal.alexa,0
cicveiwu.ru,,1
yahomail.com,normal.alexa,0
vqxqdgpszaj.info,,1
dycowxkowravcl.cc,,1
checkthatvin.com,normal.alexa,0
i0cbf85a18b08cb70887b07fe1e3315775.tk,,1
unicefusa.org,normal.alexa,0
20151030.cc,normal.alexa,0
jvqwfemzrkifnzordyphseyzhyjv.ru,,1
elvzol.dyndns.org,,1
masterofmalt.com,normal.alexa,0
programworkshop.com,normal.alexa,0
3robanews.com,normal.alexa,0
zenrin-net.co.jp,normal.alexa,0
lfzija2efwzsjszv.cn,,1
fnxjpqkcpsxj.com,,1
blackpantera.ru,normal.alexa,0
a1z6n9z0ae2mth327plf4xwu.net,,1
imkfiptcafwu.co.uk,,1
travelogwithjem.com,normal.alexa,0
u7459c1ab0da14dac8b850698c51222c63.tk,,1
gkegshtdsgnrahxh.com,,1
tjjcvik.cc,,1
sultangaziarcelikservisi.com,normal.alexa,0
aieaeeovderi.biz,,1
nao.ac.jp,normal.alexa,0
bwdnfgbvgbsi.xyz,dga.tinba,1
4bg.info,normal.alexa,0
plombier-paris-15-urgent.fr,normal.alexa,0
speedway.com,normal.alexa,0
1ykwekv1dukmjs11bke1w19bk6ve.net,,1
transmilenio.gov.co,normal.alexa,0
sasayama.jp,normal.alexa,0
yzk1ir4xyrcl.net,,1
vgaifbvhellqace.co.uk,,1
omhhisuiwcymao.net,,1
msmediagra.gov.in,normal.alexa,0
kniga-diva.ru,normal.alexa,0
cjsyhtoakj.ru,,1
metaltoad.com,normal.alexa,0
nadir.com.br,normal.alexa,0
gestionhumana.com,normal.alexa,0
headsupenglish.com,normal.alexa,0
dgfghgfrvkcy.com,dga.tinba,1
medviewairline.com,normal.alexa,0
gopczg.com,,1
sterlingbackcheck.com,normal.alexa,0
synergydrinks.com,normal.alexa,0
kakdelatdengi.ru,normal.alexa,0
hezxtgyaxev.com,,1
q56ksjndah512k5yyr17easrq.biz,dga.post,1
khcc.gov.tw,normal.alexa,0
milka.es,normal.alexa,0
1rc572r1ktuf151oiah8wzidfv1.com,,1
autoshopowner.com,normal.alexa,0
ns1.backdates8.net,,1
yjbpmtmkirzdyddch.net,,1
mikesmithdev.com,normal.alexa,0
loudsound.su,normal.alexa,0
xrkqpbidobrix9.com,,1
ad5z4iuajt1obrj.com,,1
offtowork.co.uk,normal.alexa,0
wpboard.net,normal.alexa,0
fbmfcdcafkbddafb.org,,1
1mx9qm617qa4el1cwek2l2ihibr.net,,1
clmrbpcjvgu7e.com,,1
tgztyxlbnzwkrqsduwjzvgz.ru,,1
otdjphnuvnjfnox.com,,1
usaweekly.me,normal.alexa,0
xfhwestnessbiophysicalohax.com,dga.banjori,1
dimitriskarras.com,normal.alexa,0
xdqaxliajyu.ru,,1
nevrpgpufxlmsnqx.org,,1
beceuolhxkpqgqkhmyyheu.ru,,1
1qjkti3kpir4.top,,1
j-mac.or.jp,normal.alexa,0
az-net.ir,normal.alexa,0
fickra.com,normal.alexa,0
ipqaqvva.com,,1
ninepr.16mb.com,normal.alexa,0
j26b68pri35nrasewiwe31m49mxlrgvlze11ps.ru,,1
compnow.com.au,normal.alexa,0
zymanga.com,normal.alexa,0
flowdee.de,normal.alexa,0
aliceapp.com,normal.alexa,0
jccshecavdglapig1z.net,dga.rovnix,1
91v3p.co,normal.alexa,0
vimeotomp3.com,normal.alexa,0
outsourceimage.com,normal.alexa,0
yb4hyn01ejkp.com,,1
ttfhvinskycattederifg.com,dga.banjori,1
ledfon.com,normal.alexa,0
loivreid.ddns.net,,1
lieronerg.ddns.net,,1
mamejiten.com,normal.alexa,0
terraltech.com,normal.alexa,0
turkdown.com,normal.alexa,0
swyumkpyqwqvp.com,,1
wiltingwoonidee.nl,normal.alexa,0
unemploymentapply.com,normal.alexa,0
14pxrzx3o7lpn4by89z154fvgk.com,,1
wqutsfjtrljvomf.net,,1
bancuasung.com,normal.alexa,0
youmustbetrippin.com,normal.alexa,0
znouiferbfetcxpy.com,,1
explanationarecowdoubttank.com,,1
japanesemegagirls.com,normal.alexa,0
caisses-sociales.mc,normal.alexa,0
thuemualanvn.blogspot.com,normal.alexa,0
reference.md,normal.alexa,0
tlg21qjzzb5.net,,1
obwjmpudi.org,,1
tiendamall.com,normal.alexa,0
dg-yug.ru,normal.alexa,0
fanafalcon.com.ar,normal.alexa,0
qjbuzuce.cc,,1
gelish.com,normal.alexa,0
feumjch.info,,1
mupcxvyqap.cn,,1
qqyehhyyulxu.xyz,,1
alfange.link,normal.alexa,0
submitmyarticless.com,normal.alexa,0
lvgwokthfpvulxx.net,,1
putlockere.com,normal.alexa,0
reporter-24.com,normal.alexa,0
elec-cigs.co.uk,normal.alexa,0
vestia.nl,normal.alexa,0
themedicplace.com,normal.alexa,0
clickhoofind.com,normal.alexa,0
1minutemailer.com,normal.alexa,0
fgnncoxufydy.com,dga.tinba,1
vnrum.com,normal.alexa,0
livealoe.com.br,normal.alexa,0
taxes.gov.il,normal.alexa,0
titaniumpaladium.com,,1
ujvbvwbhkvgqqfdqc.su,,1
kgufvwiwbotgh.com,,1
ulslursnqj.top,,1
nutrytec.es,normal.alexa,0
plusgamer.com,normal.alexa,0
vme1zjj8ambz1qhp5pm1bkkedi.org,,1
ymagonf.net,,1
parentattemptmodelstuffguy.com,,1
princetronics.com,normal.alexa,0
1caf3baa4dcc256028e6b5121a1b633d.info,,1
idibxisuf.ddns.net,,1
roizdvcjfbevsnzskjnjfbemfxhex.com,,1
methodcash.com,normal.alexa,0
photojaanic.com,normal.alexa,0
dxtah.info,,1
vadtibemmkve.ru,,1
intrac.org,normal.alexa,0
8dexpress.com,normal.alexa,0
marcelotorresweb.com,normal.alexa,0
mchwtb.info,,1
iy6tfymgqkqhlqzu2e.cn,,1
screen4screen.com,normal.alexa,0
ceadobat.ru,,1
lostsaga.com,normal.alexa,0
puwokjxztzsottwkjaqsceqkj.biz,,1
cnwrrdpixq11.com,,1
ey4lzcvclcz2t.com,,1
f1-gate.com,normal.alexa,0
iranak.org,normal.alexa,0
busesplus.com,normal.alexa,0
thefrankmedrano.com,normal.alexa,0
selaputdaraperawan.net,normal.alexa,0
of6f3162767bea2f745d2e5460ad0714fc.hk,,1
yasmkqiqwesoaaie.org,,1
packbarre.com,normal.alexa,0
alwasluae.com,normal.alexa,0
taiwanviptravel.com,normal.alexa,0
jmknvkxjrn.se,,1
besttechguru.in,normal.alexa,0
24elieprb9um3v9.com,,1
tdmzdtsljvsbyojlmbwonvxsdh.ru,,1
y059d2f4dbe91204af1c5ae2fbc0ee4ca5.tk,,1
ctimls.com,normal.alexa,0
uwgnykrkdnmoa.com,,1
ns1.backdates12.info,,1
ckbgocckmtsf.com,,1
u97cd18f71354fc729ad956033c95fc4b1.cc,,1
dkncppbgk.com,,1
servings.org,normal.alexa,0
sbtonline.in,normal.alexa,0
qgmbcu.com,,1
icqxcphjgohvtmjrc.net,,1
otacoo.com,normal.alexa,0
oczasemitismgavenuteq.com,,1
ltghdg.com,,1
afriled.co.za,normal.alexa,0
reefcompany.com,normal.alexa,0
you85.cn,normal.alexa,0
dunlop.co.jp,normal.alexa,0
ne3d151b717ecb40976a40863519199734.in,,1
kundenserver42.de,normal.alexa,0
pariscraft.com,normal.alexa,0
myshiftwizard.com,normal.alexa,0
q74l2bgpaj0t.net,,1
eredotnterxplo.net,,1
ulasgadget.com,normal.alexa,0
fandimefilmu.cz,normal.alexa,0
tdn-net.com,normal.alexa,0
ondarock.it,normal.alexa,0
howto-money.org,normal.alexa,0
19nt02mdmd993q4a4zbsto8mq.org,,1
fnkdqyeddnvfanxx.eu,,1
yfkgdvewl.ru,,1
ns1.dnsfor14.info,,1
eurosport.cz,normal.alexa,0
humanitarianresponse.info,normal.alexa,0
lcdeodrpdkrrpuy.com,,1
ashplayerlgetadobef.net,,1
qelgbgoqtr.com,,1
ubietylab.net,normal.alexa,0
gjolyz7dbhcvdros.cn,,1
duty-freespb.ru,normal.alexa,0
f11f2c696a0859595a4c60db991b8a3b.co.cc,,1
boykvm.name,,1
101wmw.com,normal.alexa,0
medicalexpo.it,normal.alexa,0
nwk47lriqowntlulsivdtoukufreshulq.net,,1
w8h1xujro3gsxc64zz.ru,,1
hxvadvideqaztbanqr.com,,1
qwtzjokvjfvecysgypbd.com,,1
oruvmxyxzohjfyihv.org,,1
drinkvintage.com,normal.alexa,0
manufacturermilkwishtaxturn.com,,1
newscronaca.it,normal.alexa,0
euymorcajanunal.com,dga.banjori,1
ahvecoup.ddns.net,,1
onlinevideohd.ru,normal.alexa,0
b0xqnkty3496.net,,1
rechargercommandernavigo.fr,normal.alexa,0
eoxvwakuvuitxb.ru,,1
ncge.org,normal.alexa,0
jeulin.fr,normal.alexa,0
stardust-member.jp,normal.alexa,0
ifn-modern.com,normal.alexa,0
mokoshig.com,normal.alexa,0
folhabaiana.com,normal.alexa,0
baadedfnndaaabbc.co,,1
nixtelefon.org,normal.alexa,0
mafmohah.ru,,1
ordercontinuepauseadmire.com,,1
lxsdciug.biz,,1
leaderkid.com.tw,normal.alexa,0
bitdefenderme.ir,normal.alexa,0
ovenhabitticketinfluence.com,,1
ouma.jp,normal.alexa,0
bobbiskozykitchen.com,normal.alexa,0
delawarepark.com,normal.alexa,0
jvklmfcwqfgg.com,,1
smartbuyglasses.com,normal.alexa,0
graphicmania.net,normal.alexa,0
1x6jh7hny80euxaadkyjxw4da.com,,1
restartcomputer.it,normal.alexa,0
abodyuniverse.com,normal.alexa,0
heath-zenith.com,normal.alexa,0
vpiklf.com,,1
bcdehfzlxcaajpfs.cn,,1
viaero.com,normal.alexa,0
y7abb2e97b6bd358b1396557956379088d.tk,,1
videoboytube.com,normal.alexa,0
healthcareplaza.info,normal.alexa,0
djbdxr.info,,1
tkwbtptzotcfloq.org,,1
booufqtqhi.com,,1
zjtelecom.com.cn,normal.alexa,0
mbotunqfeza.ru,,1
orxeap.com,,1
malteskitchen.de,normal.alexa,0
dcjilqxfvhljas.me,,1
akhodro.com,normal.alexa,0
nrvukceizhuljeqhuytobtcyswtz.ru,,1
ayseuzunoglu.com,normal.alexa,0
freewhatsappstatus.com,normal.alexa,0
triedouter.net,,1
nrug1mozquwrl1tq6s.ru,,1
yergetadobefalashpl.net,,1
onefdaobkbkfdnne.org,,1
brooklynnjermaine.net,,1
eredrotntexplo.net,,1
renderyourmind.tumblr.com,normal.alexa,0
fq.edu.uy,normal.alexa,0
fnmcmqhmdzpf.info,,1
leechpremium.link,normal.alexa,0
ghurka.com,normal.alexa,0
iuekgayiwucoyucg.org,,1
cachorro.info,normal.alexa,0
emgoxcdmxrzlrcugxkytwsoj.ru,,1
lihofanw.ru,,1
4d782b76c332247d0762a5213eb49c20.cz.cc,,1
micromania.es,normal.alexa,0
netpanel.hu,normal.alexa,0
huirvgppfceizxkqoaeswhudbmzh.ru,,1
arabe-eye.com,normal.alexa,0
sacom.mx,normal.alexa,0
no1options.com,normal.alexa,0
dietboneansweradmirerush.com,dga.matsnu,1
rockybrands.com,normal.alexa,0
iaaysnjegy.net,,1
infostrada.it,normal.alexa,0
playonline.ru,normal.alexa,0
god.tv,normal.alexa,0
u6bo1l9058dcff3z.cn,,1
angara-jewelry.overblog.com,normal.alexa,0
gkvqquyjetuvsx.pw,,1
devdcutb.net,,1
pnxooltnzjyjim.com,,1
8ea8df04789c0ff65a6e4a723586b47b.cz.cc,,1
monsterlikes.com,normal.alexa,0
68684a76941d02a351b63d3ad45e32ee.org,,1
orilatam.com,normal.alexa,0
keekay.ph,normal.alexa,0
phpbook.jp,normal.alexa,0
pearsonelt.com,normal.alexa,0
o-o-6-o-o.ru,normal.alexa,0
thankgodimnatural.com,normal.alexa,0
fxuqvluqryiuhr.su,,1
sathyabamauniversity.ac.in,normal.alexa,0
yibizi.com,normal.alexa,0
midasmedia.co.uk,normal.alexa,0
good2go.com,normal.alexa,0
layergetadopbeflash.net,,1
ergeytadobeflashpla.net,,1
19yuo791nnrw841ukp2v516nqqt8.com,,1
rggcjopqlwe.su,,1
ficjwylfwxokvi.tw,,1
hallmarkchannel.com,normal.alexa,0
cpubsxqvc96n.org,,1
zzzhaojiao.com,normal.alexa,0
hsbteam.com,normal.alexa,0
preludecharacteranalysis.com,normal.alexa,0
usyxvgdqamvsqsorknlneipfqtp.com,,1
telkomcel.tl,normal.alexa,0
ujfzpzj.net,dga.conficker,1
thueringer-hc.de,normal.alexa,0
teenagespicegirls.com,normal.alexa,0
ghozaliq.com,normal.alexa,0
kameradepo.hu,normal.alexa,0
jyqxfcbfkqklicli.eu,,1
barbershopwindow.com,normal.alexa,0
nw9s7hhnndcp1e5ieqtf4xffw.net,,1
amtfvv.com,,1
btdao.net,normal.alexa,0
coolex.tk,normal.alexa,0
negharfonooni.com,normal.alexa,0
happydl.com,normal.alexa,0
ykxctypfrw.com,,1
autoboy.pe.kr,normal.alexa,0
nw3plx5bhp6pnfmfet.cn,,1
r5.ru,normal.alexa,0
rcuk.ac.uk,normal.alexa,0
gtpl.net,normal.alexa,0
wpimagesuite.com,normal.alexa,0
fbm.es,normal.alexa,0
alphasportrc.com,normal.alexa,0
f9be72218b012953f5daae28aa435e9d72.cn,,1
sygcyus.xxx,,1
desirethis.com,normal.alexa,0
tusculum.edu,normal.alexa,0
enmoretheatre.com.au,normal.alexa,0
qprace.cz,normal.alexa,0
bancodelpueblo.gob.ve,normal.alexa,0
rivalo3.com,normal.bambenek,0
carsclub.ru,normal.alexa,0
adolfforua.com,,1
dcncdiz.net,,1
barcelonasmartmoving.com,normal.alexa,0
heylook.fi,normal.alexa,0
kwbvqvkiugk.net,,1
dlgxyjp.eu,,1
video-watermark.com,normal.alexa,0
altrecht.nl,normal.alexa,0
4dt7qjvc5vy91a1bsl08wfdoz.org,,1
belfortfurniture.com,normal.alexa,0
123admin.com,normal.alexa,0
galilu.pl,normal.alexa,0
handlino.com,normal.alexa,0
pasar.my,normal.alexa,0
heart4u.co.kr,normal.alexa,0
inahneloedopi.ddns.net,,1
zabawydladzieci.com.pl,normal.alexa,0
rrbmvkbnjqjyjhyw.org,,1
hxksynxix.im,,1
4ae565558521be73b77fccdf59596175.co.cc,,1
yatianerraticallyqozaw.com,,1
sxnorbefgvmv.net,,1
pslhtqufrmmomruuyiy.im,,1
hqonline.com.br,normal.alexa,0
mui.ir,normal.alexa,0
eugenioderbez.tv,normal.alexa,0
nvy6rmcy7nzmvbu5ea1mru3cg.com,,1
cdywjuyjb.net,,1
ehpqtswsombnzofmnlqspblnca.org,,1
usjnzhimveqytptwwketobmhyw.org,,1
rccqndzjnr.net,,1
doyloprfdserr.com,,1
servercontrol.com.au,normal.alexa,0
parentsgethelpnow.com,normal.alexa,0
dubna-blago.ru,normal.alexa,0
wordsnquotes.com,normal.alexa,0
mymommadethat.com,normal.alexa,0
wrede.se,normal.alexa,0
lbvshwgsibo.info,,1
conversion-seo.cn,normal.alexa,0
llwnabobkcmkkfe.org,,1
ayerlgetadobeflashp.net,,1
redeotntexplor.info,,1
chelseakrost.com,normal.alexa,0
ogikosawwyykkuas.org,,1
znlfvinskycattederifg.com,dga.banjori,1
ceuswc.yi.org,,1
7dc5531749db33428111be4f604bf8e9.cz.cc,,1
openedu.com.cn,normal.alexa,0
46045188f0d945104b5498f9d6e39db2.co.cc,,1
estelab.ru,normal.alexa,0
dzknlhmbjckfdyrkr.net,,1
singlesaroundme.com,normal.alexa,0
obalamyglupote.pl,normal.alexa,0
xqojblgmivnfkdylztjrxhx.com,,1
zp1twffuyki.com,,1
elodiscovery.com,normal.alexa,0
kurdiu.org,normal.alexa,0
z898c417c327d01d31203b10b8704d01be.in,,1
wfmrynuf.org,,1
servis43.ru,normal.alexa,0
quimihouse.com.br,normal.alexa,0
quqjpp.com,,1
floralclassic.com,normal.alexa,0
iwopi.org,normal.alexa,0
knqmfwyammrpvrlughyqke.ru,,1
psiwaresolution.com,normal.alexa,0
qoncious.com,normal.alexa,0
mypcjnrjzpoy.info,,1
rhmiodlisru.biz,,1
mamapapa-arh.ru,normal.alexa,0
obamacareusa.org,normal.alexa,0
foto-tip.pl,normal.alexa,0
mastifm101.com,normal.alexa,0
deftwxnrztlvvkzxofjftfiyqgxk.ru,,1
3odmjg56n4pu.org,,1
bonermakers.tumblr.com,normal.alexa,0
akxutupaehw.ddns.net,,1
oraclejavamagazine-digital.com,normal.alexa,0
gobesew.info,,1
royalcliff.com,normal.alexa,0
arqadia.co.uk,normal.alexa,0
inside-galaxy.blogspot.in,normal.alexa,0
nsk.com.br,normal.alexa,0
haporuh.info,,1
lyurklfhirnnzzjpfhzyfzp.org,dga.qakbot,1
beavercreek.com,normal.alexa,0
tcw.com,normal.alexa,0
expertpages.com,normal.alexa,0
nozaorfmvcl.com,,1
lamandragora.com,normal.alexa,0
geekyjerseys.com,normal.alexa,0
urbanministry.org,normal.alexa,0
vietnam.com.co,normal.alexa,0
trucoteca.com,normal.alexa,0
ecologyasia.com,normal.alexa,0
aozfpa7acsg11ru6vr615mhmta.org,,1
fytte.jp,normal.alexa,0
iunbydgsouzrsfacmtsah.org,,1
rrfiwys.ru,,1
k9wife.com,normal.alexa,0
changeyourlifespells.com,normal.alexa,0
dovatwoq.ru,,1
krav-maga.ru,normal.alexa,0
qomuguka.ru,,1
maxperformanceinc.com,normal.alexa,0
soulswipe.com,normal.alexa,0
accanmfbldbmmaol.com,,1
secretlyhealthy.com,normal.alexa,0
accme.org,normal.alexa,0
ns1.backdates10.biz,,1
czabgnahmju.com,,1
blossomheartquilts.com,normal.alexa,0
playergehtadobeflas.co.uk,,1
mfkddadabcffmaae.com,,1
qthmgbcpjkutsjpk.eu,,1
jb8v50gj0u9717it1ttp7nmfq.org,,1
jevwvkysctg.info,,1
thepipeguys.com,normal.alexa,0
shopkindableu.com,normal.alexa,0
ojvpmeliqzozkuo.org,,1
mpm.pl,normal.alexa,0
wkwraa.com,,1
iiexqy.com,,1
jxeqgjkcvkviw.biz,,1
aliexpresses.ru,normal.alexa,0
negareh.ac.ir,normal.alexa,0
canakkaleicinde.com,normal.alexa,0
theseback.net,,1
pfvswl1enlnkj837s48wmhr8g.com,,1
dream.co.id,normal.alexa,0
canadianvitaminshop.com,normal.alexa,0
commscon.com.au,normal.alexa,0
ezozjue41lxivfvl48etkre31byc39hyptar.biz,,1
qjrsqr3bp3aae6r1l4152udnz.org,,1
farmlands.ru,normal.alexa,0
hdztpzbydmlvbewgmbxnryp.ru,,1
74snajy4yvung2ovmd5.ddns.net,,1
cd2j4tyf85i7.com,,1
dealmirror.in,normal.alexa,0
1unz5ssyomli816gwbcc1h6cvaf.com,,1
uzhuang.com,normal.alexa,0
tjnyafqlyghvdd.me,,1
yxvzb.com,normal.alexa,0
dzodererwyatanb.com,,1
ulabgmwhhwwnsrle.com,,1
scrapeboxfaq.com,normal.alexa,0
lunetaweb.com,normal.alexa,0
newsprom.ru,normal.alexa,0
games-two.su,normal.alexa,0
fotosik.pl,normal.alexa,0
vilidum.info,,1
submissiontoday.co.uk,normal.alexa,0
jurcatalog.by,normal.alexa,0
vhsmag.com,normal.alexa,0
fjzr.gov.cn,normal.alexa,0
8f9qk7gc4drr1ipn7t4e7k6gq.com,,1
taxi-angel.ru,normal.alexa,0
yafitgbcjijpmwki.eu,,1
bibeltext.com,normal.alexa,0
a1storage.com,normal.alexa,0
zhkftpfxcwsuktociirtkmvaewsqgkv.ru,,1
fsibvrkrof.com,,1
erd4yqpfeg.net,,1
yqpogxiiqqef.ru,dga.tinba,1
sasuke25.com,normal.alexa,0
zeitgeistfilms.com,normal.alexa,0
vgboapqteamu.info,,1
hpklj.info,,1
bmbkgpotrevoqkozc.com,,1
waiter.com,normal.alexa,0
cxslixugarbv.com,,1
tuwymyp.info,,1
cihmfagmchtjhhicn.cc,,1
kirtsy.com,normal.alexa,0
crcuonline.org,normal.alexa,0
draftloantrysheltergrass.com,,1
mlavvgdzq.com,,1
sabacloud.com,normal.alexa,0
ficleiga.ru,,1
getadobeflasrhplaye.net,,1
91k6j21xrpqug1kwjc7m12av2h6.biz,,1
intershoe.com.pl,normal.alexa,0
xesehq.com,,1
ebutubcnwj3rc4adu41lsdg.ddns.net,,1
janmpgf.top,,1
akshatblog.com,normal.alexa,0
myphysio.com,normal.alexa,0
ulrx2dulfcue.com,,1
ns1.backdates10.org,,1
profitsavedisciplinepersuade.com,dga.matsnu,1
400.com.cn,normal.alexa,0
pbimanerraticallyqozaw.com,,1
table.org,normal.alexa,0
racpizlymtqmnsisz.net,,1
sitandgoplanet.com,normal.alexa,0
wjhnptqywplkss.biz,,1
gjuf70gfcl7x70w45tctmvk.ddns.net,,1
caxfqlj.info,,1
benchdepot.com,normal.alexa,0
ucoin.net,normal.alexa,0
plus2net.com,normal.alexa,0
almasreyeenalahrrar.com,normal.alexa,0
niu.edu.tw,normal.alexa,0
jugueteseideas.com,normal.alexa,0
5ajgpirs9en8.org,,1
asyapielemanlari.com.tr,normal.alexa,0
leibokxo.ru,dga.pushdo,1
eczacibasi.com.tr,normal.alexa,0
portalpicante.com.br,normal.alexa,0
casadepedra.com.br,normal.alexa,0
cqwmcrxriwrlfs.com,,1
cgmupartbulkyf.com,,1
cme-mec.ca,normal.alexa,0
shimto.com,normal.alexa,0
kacirfut.ru,dga.pushdo,1
vcx2ro9ufwhu.net,,1
banaat.com,normal.alexa,0
4ud4qfx9hb1uk8tu.net,,1
tafdjptates.net,,1
crystalwash.com,normal.alexa,0
nejlepsi-nabytek.cz,normal.alexa,0
automaticsync.com,normal.alexa,0
xhkdidablyhoosieraw.com,,1
vakcentrum.nl,normal.alexa,0
nfpsqnpruolvt.org,,1
gamen.vn,normal.alexa,0
cuhk.edu.hk,normal.alexa,0
famdecadaeocfabb.com,,1
kfmlutkx.ru,,1
65lj4rdha6hrmjel5t.biz,,1
givjye.com,,1
oregonstate.edu,normal.alexa,0
i749yfo1er81.net,dga.qadars,1
wdjzyy.net,,1
fuspdqhon.com,normal.bambenek,0
8mpkmhdiajzae6e2qy.biz,,1
acrosoft.pe.kr,normal.alexa,0
uxytzhlvgthuuwbxxkifzpcm.ru,,1
r8fa19a8c70a7ecc0e94e2885b823008d7.ws,,1
aiejlkxvxmxfldil.eu,,1
ujbbwq22isd1agjd.ru,,1
fbokererwyatanb.com,,1
yfuwmmbrdd.com,,1
scswpbsodelw.pw,,1
alafoss.is,normal.alexa,0
osd.at,normal.alexa,0
cosmopolitan.bg,normal.alexa,0
hahbfjw.click,,1
kywekoyuiuwugkwk.org,,1
ekhjkysl.com,,1
znqapwl.org,,1
ns1.dnsfor14.net,,1
xudeqqcajrcnng.in,,1
hqqsfpwqscelvgsoinvcelzpln.ru,,1
edebiyatfakultesi.com,normal.alexa,0
optionmint.com,normal.alexa,0
podxgz.org,dga.conficker,1
figcstore.com,normal.alexa,0
lpmfuabvltrykwb.com,,1
hiebmuttenaxwwhj.com,dga.ramnit,1
friendster-layouts.com,normal.alexa,0
nangsaigon.edu.vn,normal.alexa,0
tsvopjgvupqvgsqt.net,,1
kutub.info,normal.alexa,0
circusreno.com,normal.alexa,0
meteo-tv.ru,normal.alexa,0
les3vallees.com,normal.alexa,0
gayvideoporn.net,normal.alexa,0
byinmind.com,normal.alexa,0
kentem.net,normal.alexa,0
5q8nqvog87llee6g.info,,1
bloswgeyckds.com,dga.tinba,1
drct2u.com,normal.alexa,0
mastugino.blogspot.co.id,normal.alexa,0
jacksonemc.com,normal.alexa,0
uembimmahslumc.info,dga.qakbot,1
ozusfgmxowb.cn,,1
getannoyed.com,normal.alexa,0
fekuvfbrjubovyutyak.com,,1
jdswffisaux.pw,,1
outdooractive.com,normal.alexa,0
uodqfupmfyxeqpfcuhdafidetglz.ru,,1
hcdzdfkc.net,,1
rqckneltb.com,,1
autoship.by,normal.alexa,0
i-cg.jp,normal.alexa,0
magazynprzemyslowy.pl,normal.alexa,0
byzp.net,normal.alexa,0
abvrnnyf.com,,1
telemart.pk,normal.alexa,0
mswmmhojrfipthcornh.com,,1
pyrcxqvc9qbs.net,,1
httypxsxnblomo.biz,,1
maliactu.info,normal.alexa,0
xavfever.com,normal.alexa,0
codetengu.com,normal.alexa,0
ockuecuyqgkiqckm.org,,1
kjihgbfodbqq.com,,1
numecuquindaod.ddns.net,,1
madrugaworks.com,normal.alexa,0
dreamnetcash.com,normal.alexa,0
rtywzg.info,,1
mkeuwqeemeoe.com,,1
shitaraba.com,normal.alexa,0
blackjack.org,normal.alexa,0
ahalazcpc.ru,,1
singtaonewscorp.com,normal.alexa,0
cleansis-soratemplates.blogspot.com,normal.alexa,0
ujgmtj.com,,1
do3gpa1g2begc11btl0lxblmqx.org,,1
mieybxygww.cc,,1
bibeelscmdde.com,dga.tinba,1
ucanwest.ca,normal.alexa,0
mcouamugeyaqawmu.org,,1
luckypantsbingo.com,normal.alexa,0
ffgjilgfepfx.info,dga.tinba,1
qaudqifu.ddns.net,,1
ns1.dnsfor15.net,,1
plejrphenceowhzfa.net,,1
wsgmswaauymuocqm.org,,1
syopt.co.kr,normal.alexa,0
leicestersquaretheatre.com,normal.alexa,0
moppy.jp,normal.alexa,0
xooit.be,normal.alexa,0
beautifulpixels.com,normal.alexa,0
ldmcfldaeenenooc.website,,1
qudao.com.cn,normal.alexa,0
14k8wdargxul561.ddns.net,,1
wvuthdhvu.info,,1
bjfcyhmxodxtzxjqqbqlvws.biz,,1
giaoan.com.vn,normal.alexa,0
wirelessandroid.com,normal.alexa,0
voicenews.com,normal.alexa,0
cnohabqts.ru,,1
oukabxqqicnikbxkxnngl.org,,1
nyhabitat.com,normal.alexa,0
c5forum.de,normal.alexa,0
getadobeflrashplaye.net,,1
dogejoh.info,,1
swrprsensinaix.com,,1
xhznllaabettingk.com,dga.banjori,1
piimbwg.info,,1
dgtengiakolrtoxx.eu,,1
equipmentimes.com,normal.alexa,0
ns1.dnsfor6.info,,1
eblgaosyeszzjkbhhdyh.com,,1
banjx.com,normal.alexa,0
pnpi.spb.ru,normal.alexa,0
persplan.net,normal.alexa,0
xsccrufiplxi.com,,1
1vwz026hfb7zwl65id1xjf183.com,dga.post,1
uklshfuztpvhdrcswyphi.ru,,1
tiapqndjbeoqfnyjd.net,,1
cowzbidvabmufxa.com,,1
ukrsugar.kiev.ua,normal.alexa,0
auto15.ro,normal.alexa,0
prontofresco.ca,normal.alexa,0
simplitv.at,normal.alexa,0
lfebihicapdqqgpcagqyxrcd.ru,,1
1wb0h87nqmfbb1o550651ddulaz.net,,1
zodiak.web.id,normal.alexa,0
befodkffkkbmcaol.de,,1
difikvdu.dynserv.com,,1
365education-my.sharepoint.com,normal.alexa,0
deqerqal.click,,1
mebqiwruvg.com,,1
kmiaszkosbaohqyzaj.biz,,1
ebgumketlqbmtvemt.me,,1
gruppocap.it,normal.alexa,0
wmoeccu.info,,1
deepapple.com,normal.alexa,0
ashplayergetadobefl.net,,1
hardhomevideo.com,normal.alexa,0
letterresolvedumpreferattract.com,,1
bolabolabenang.com,normal.alexa,0
thpkzfiylhabieygyemqcfpzt.org,,1
naksung.re.kr,normal.alexa,0
bligemail.com,normal.alexa,0
hawaowhedacotuf.ddns.net,,1
dbcffemlbcfcadbb.com,,1
webion.pl,normal.alexa,0
4h5eazogslw.net,,1
asika.tw,normal.alexa,0
beikokupat.com,normal.alexa,0
3fdw2oy6qabwyqrxpi.net,,1
cxyncj1ny2uxaxstwrmte0k.ddns.net,,1
allolesparents.fr,normal.alexa,0
dlgamer.eu,normal.alexa,0
1wgfiypm6h3an5b09uq1xrx0fz.com,,1
avwktxy.info,,1
dhkbcdcbrlcv.com,,1
porn2018.com,normal.alexa,0
iffobgvdi.com,dga.conficker,1
www.gr.jp,normal.alexa,0
ksiegaimion.com,normal.alexa,0
lovamus.com,normal.alexa,0
efficacy.org,normal.alexa,0
newkfptosgswcumyirs.biz,,1
mduwotiwmtya.net,,1
knnandartywwi.pw,dga.necurs,1
gicsuxri.ru,,1
expressjet.com,normal.alexa,0
1czr3a1q5cfo11vqcfo5kd91oj.org,,1
brickbang.com,normal.alexa,0
rohvuyxtuulr.me,,1
fozozmbmjo.ru,,1
3cblnaez1ieizb.com,,1
okcfox.com,normal.alexa,0
lsslonyzpfuqlwm.org,,1
sutherlandfelt.com,normal.alexa,0
elson.com.ua,normal.alexa,0
angiejones.com,normal.alexa,0
cheznous.com,normal.alexa,0
ombcmkamaafmfacb.com,,1
zariniran.com,normal.alexa,0
chatbazan.ir,normal.alexa,0
kancelarialexim.pl,normal.alexa,0
vidl.ir,normal.alexa,0
jsrxzbtubs.in,,1
vam0zzanoz9c1csr66t1blug20.net,,1
altaya.fr,normal.alexa,0
familias.com,normal.alexa,0
catalunya.ru,normal.alexa,0
stablerentmouthnosecomplain.com,,1
maggiordomus.blogspot.it,normal.alexa,0
dreamtv.com.tr,normal.alexa,0
vpjsvz.info,,1
5du3l80dzcr0o5rb.org,,1
thebigquestions.com,normal.alexa,0
typhongroup.net,normal.alexa,0
msf.fr,normal.alexa,0
mazda3forums.com,normal.alexa,0
pzlzbasokvszthvomdqzxgpzzp.ru,,1
debpartisi.org,normal.alexa,0
prologueindia.com,normal.alexa,0
freedomofmovement.co.za,normal.alexa,0
enteresan.com,normal.alexa,0
gtmyhbltoj.com,,1
jddfrkcfhlyp.tw,,1
swznmjfvxhtru.com,,1
voba-mainspitze.de,normal.alexa,0
staffmate.com,normal.alexa,0
mxcrakoxpgpbvphq.eu,,1
55515.net,normal.alexa,0
qiguo.com,normal.alexa,0
erdeminsaatyapi.com,normal.alexa,0
masterpc2000.ru,normal.alexa,0
staatsloterij.nl,normal.alexa,0
pumyjepequs.eu,,1
1f4c17ebded08e8c97ceab6382d57b43.cz.cc,,1
netmedia1.com,normal.alexa,0
wowkbfypzceugongydyaqolzlvkn.ru,,1
servicemanualspro.info,normal.alexa,0
cityfarmhouse.com,normal.alexa,0
gfpics.com,normal.alexa,0
oferta-exclusiva.com,normal.alexa,0
1jstkdlq4jbdghu3mb617vbtae.com,,1
springtrainingconnection.com,normal.alexa,0
nvaswwrkmctapi.com,,1
hourpoundbiteattractletter.com,,1
kkihxkbtdsxx.com,,1
irecruit-us.com,normal.alexa,0
lvmighkkhejtrdvrm.com,,1
thocsagabardinedazyx.com,,1
scotswhisky-community.de,normal.alexa,0
javteg.net,normal.alexa,0
zgrrhmnkaykgi3.com,,1
hartap73.com,normal.alexa,0
kksdnwcvn.in,,1
johnbroot.com,normal.alexa,0
enjoyrussian.com,normal.alexa,0
faceboook.com,normal.alexa,0
extremeusenet.nl,normal.alexa,0
qcfjkvvmiwcyejst.eu,,1
hooklinkbluetransitionsharp.com,,1
wrpjaziuqiw7y4j9xh1q4sjx1.com,,1
cordlife.com,normal.alexa,0
sltuxjapvjktnzivb.net,,1
scentswarmers.com,normal.alexa,0
runsky.com,normal.alexa,0
edupre.co.kr,normal.alexa,0
jmam.jp,normal.alexa,0
uedcuk.net,,1
ptketqpqgknprhl.info,,1
ludwigs-pferdewelten.de,normal.alexa,0
fenoxvc.com,normal.alexa,0
couponcodeplugin.com,normal.alexa,0
sihqenhancedysb.com,,1
famosos-nus-portal.com,normal.alexa,0
disney.com.au,normal.alexa,0
passlist.net,normal.alexa,0
supernad2.tumblr.com,normal.alexa,0
tr.im,normal.alexa,0
gahyvaz.com,,1
hawekyb.info,,1
dokmvkhragqfxjclf.com,,1
iqcertificate.org,normal.alexa,0
pvuykwok.net,,1
qjsbutkvpkonar.org,,1
ligabank.de,normal.alexa,0
ttnlmmbrufrf.com,,1
accountancyage.com,normal.alexa,0
grgpylivef.com,,1
medvik.cz,normal.alexa,0
aislkgbtoqaahlp.com,,1
xuucgawgstz.info,,1
sleepyboy.com,normal.alexa,0
lncenemklfkcbmcl.com,,1
bangaloremirror.com,normal.alexa,0
stnwsssweongpsrs.net,,1
elbashayeronline.com,normal.alexa,0
lavozlibre.com,normal.alexa,0
coolproject-store.com,normal.alexa,0
qokuzuj.net,,1
erponline.vn,normal.alexa,0
roomi.com.tw,normal.alexa,0
freegiftcodegenerator.com,normal.alexa,0
widener.edu,normal.alexa,0
dionhinchcliffe.com,normal.alexa,0
thekinghumanelite.com,normal.alexa,0
dns.az,normal.alexa,0
b906y85zwml1u2jgiy1lj1ea7.org,,1
trcgy9150b3hn30xxak9cqwyk.biz,dga.post,1
18k5yf21q50u4h1vv2e7c12zs8vw.net,,1
yizijia.cn,normal.alexa,0
hureftjversxatdtp.com,,1
dwecvm.com,,1
eqestpqotngqvdci.eu,,1
mobda3.net,normal.alexa,0
mwfkepictom.com,dga.banjori,1
bustybloom.com,normal.alexa,0
hdsongscafe.com,normal.alexa,0
tamiltvp.net,normal.alexa,0
reumatologia-dunakeszi.hu,normal.alexa,0
wummellefrictionlessv.com,dga.banjori,1
therivardreport.com,normal.alexa,0
otzwkdtlzd.org,,1
alimama.cn,normal.alexa,0
couponcraze.com,normal.alexa,0
dotonbori-h.co.jp,normal.alexa,0
xkvbojbkwahk.biz,,1
xudezyxe.info,,1
idees-cate.com,normal.alexa,0
tvyespectaculos.com,normal.alexa,0
magicland.it,normal.alexa,0
vtkkanerraticallyqozaw.com,dga.banjori,1
ovnuxaoqkap.ddns.net,,1
hartphp.com.pl,normal.alexa,0
webstep.in,normal.alexa,0
gomore.se,normal.alexa,0
whatson.ae,normal.alexa,0
times.co.zm,normal.alexa,0
grandtrend.ua,normal.alexa,0
miguelhidalgo.gob.mx,normal.alexa,0
e-go.gr,normal.alexa,0
babyboss.tw,normal.alexa,0
orovhepmpqniuqvo.eu,,1
3nnrnn2zsf7rqmktu6.net,,1
1jljc2b9qpzfc1pwymm81u7l2fx.com,,1
mogi2fruits.net,normal.alexa,0
yoummy.com,normal.alexa,0
dijla-wasit.com,normal.alexa,0
y4z9en2qp2p4qwen9uyyp38h.com,,1
rf13iw23qurednrx.info,,1
lhwhnnuacvwjjoqlokc.sc,,1
theleadersguide.org,normal.alexa,0
insound.com,normal.alexa,0
74xeaen5yh8fvql6oghhnra3.biz,,1
securegive.com,normal.alexa,0
aqaptrbiiowoglkwlaicrw.org,,1
dq5q1yn0dm3kbt97.cn,,1
ns1.dnsfor0.biz,,1
planetanovidade.com,normal.alexa,0
mrtechday.com,normal.alexa,0
pausefest.com.au,normal.alexa,0
tdhsydqnhstndcsy.eu,,1
thaitouro.com,normal.alexa,0
wjofgpwood.biz,,1
jrj.com,normal.alexa,0
tabtdnipiokafqko.su,,1
kppyqfpqvvoqgrt.biz,,1
flgcllaabettingk.com,,1
xcj69l12egmzug2evkqj5222s.biz,,1
heatbranchlawyerpipecake.com,dga.matsnu,1
ozebiz.com.au,normal.alexa,0
japan-talk.com,normal.alexa,0
maestrodelaseduccion.com,normal.alexa,0
englishavenue.co.kr,normal.alexa,0
polisarium.pl,normal.alexa,0
plusmedicalinternacional.com,normal.alexa,0
geihinkan.co.jp,normal.alexa,0
yorkdispatch.com,normal.alexa,0
pqfbnaszjaszcnnemowp.com,,1
soniu.net,normal.alexa,0
oxpbzjbaovixsyisxwlkhp.org,,1
yzgsmrjkluyiwmxyc.info,,1
428qsqoaoy4y.top,,1
birthday9.com,normal.alexa,0
photobox.co.nz,normal.alexa,0
yxrhh.net,,1
nspmanaged.com,normal.alexa,0
thelittleappfactory.com,normal.alexa,0
abbcekeoakdfbdmb.info,,1
vqsqosxjvrvxczskrwsjabx.biz,,1
alchezop.com,,1
e8779615f58d807771e745f7afa68287d7.hk,,1
mbc-times.squarespace.com,normal.alexa,0
paintballshop-hannover.de,normal.alexa,0
qtfhafexaviaamkr.eu,,1
jerecuperemonex.com,normal.alexa,0
provillus.com,normal.alexa,0
izxse.com,normal.alexa,0
e-go.com,normal.alexa,0
6w9iqkfxnc3vyx9b.org,,1
openintro.org,normal.alexa,0
krbojpovcemjcbxh.eu,,1
pwycugbbovmghss.com,dga.ramnit,1
yhlbhjgmqvqopr.com,,1
ijqunhcwqjsqpw.me,,1
jenniferdawn.ca,normal.alexa,0
fatsecret.co.za,normal.alexa,0
62f3897ce77aa47eb73058241977181d.co.cc,,1
vfnambacxp.net,,1
jawdafood.com,normal.alexa,0
asjvtydccaduvknj.org,,1
iiesorcajanunal.com,dga.banjori,1
manbilco.ru,,1
pbjmanagement.co.uk,normal.alexa,0
jayl.ee,normal.alexa,0
bmbf.gv.at,normal.alexa,0
ggpczcmimaex.net,,1
lqqvbljbsmfbfuwr63.com,,1
chocolatier.ru,normal.alexa,0
aliasvaughn.tumblr.com,normal.alexa,0
103psfp1l1kexq125rb0mk1vmhu.net,dga.post,1
binmajid.com,normal.alexa,0
jobsathomeday.com.au,normal.alexa,0
qodiawovb.ddns.net,,1
h2k0vu1fctz0bs0f2k31bqk5wg.org,,1
menager-technic.fr,normal.alexa,0
kpksojolsmwv.yi.org,,1
iulydooelfno.in,,1
thesucculentgarden.com.au,normal.alexa,0
aoptrljpsxa.mooo.com,,1
deleivil.ru,dga.pushdo,1
brandclub.mx,normal.alexa,0
bookmarkfollow.com,normal.alexa,0
vmihcenhgca.org,dga.conficker,1
inramstechnology.com,normal.alexa,0
wvupnsqqlnmx.net,,1
yksucv16k0vdy1bcq49j4ttmne.net,,1
q26rwwc953iwkbybsa41k4y6.net,,1
realpornxxx.com,normal.alexa,0
ntexplorteredo.info,,1
orlandotravelacademy.com,normal.alexa,0
hackclick.com,normal.alexa,0
robinsharma.com,normal.alexa,0
eflabshplayergetado.net,,1
tacpcsbhrpmhwuyy.com,dga.ramnit,1
windex.com,normal.alexa,0
ithuiabwoegqoqow6.com,,1
yafzmnfq.net,,1
tenr.com.au,normal.alexa,0
ceweicgqqqisoksy.org,,1
cfqjpwluqkmovtozl.com,,1
bozteafa.ru,,1
daklodbkkdaldbda.eu,,1
havebitcoin.com,normal.alexa,0
mywpexpert.com,normal.alexa,0
jogoslutas.com.br,normal.alexa,0
uoovuttndinj.ru,,1
femexfut.org.mx,normal.alexa,0
xafteowe.ru,dga.pushdo,1
121fcu.org,normal.alexa,0
southslopenews.com,normal.alexa,0
ks7fh5x6ss3x72m8cb.biz,dga.rovnix,1
muneamij.ru,,1
sanktuariumzabawa.pl,normal.alexa,0
rusbellmadrigal.com,normal.alexa,0
mrvxdjgwkk.com,,1
humoreba.com.br,normal.alexa,0
ctczczglkv.org,,1
vgbbhrp.info,,1
9yteztwwmun.net,,1
notamusic.net,normal.alexa,0
e6319ea9a140cd752712d1337ff545f3.cz.cc,,1
1nnhghfoen80g1ijt7b814dwe7n.com,,1
5ib0darg923s.net,,1
didgeridoobreath.com,normal.alexa,0
wtkfidatyhc.ru,,1
herniadedisco.com.br,normal.alexa,0
msoffice.jp,normal.alexa,0
dpeiancorml.com,,1
biaozhun8.com,normal.alexa,0
conaseg.com,normal.alexa,0
orkfngmp.com,,1
pqcsneup.info,,1
iekfbsleybytywjdh.su,,1
ovcsports.com,normal.alexa,0
zoxvym.yi.org,,1
policlinicocampusbiomedico.it,normal.alexa,0
ijrbecmvkwwcvm.su,,1
swkvkbmbrspfmfijobzhjfmucob.ru,,1
mansworld.news,normal.alexa,0
wijmjzlfimnmyhvswogyukjrc.ru,,1
1sdf5xz1yktgpr1ruw06n1nzjm6c.biz,,1
888spoker.com,normal.alexa,0
qfllrvpmutwpirv.com,,1
4fbfec40a80d0a15510fc0480dc8efb7.co.cc,,1
informationclearinghouse.info,normal.alexa,0
sony.at,normal.alexa,0
uojqnt.info,,1
controlaqar.com,normal.alexa,0
recordshopx.com,normal.alexa,0
fartuchy-kuchenne.pl,normal.alexa,0
9fbd0365234abf1e36194895db23eda7.co.cc,,1
emcbbcfafckodecc.com,,1
10f3f4tbd1oaerk2mz18h215z.biz,dga.post,1
ijboqmoctmqz.com,,1
inkfactory.com,normal.alexa,0
rzotizeikmyscej23t.com,,1
13bz2kvwrn8dkojcjk619athh9.org,,1
pndbkijqe.tv,,1
fsnczm.com,,1
waxpqhwe.org,,1
storminvestor.com,normal.alexa,0
wozrwsuosvo.info,,1
kerstpakkettenstop.nl,normal.alexa,0
nkxapam.info,,1
ode.az,normal.alexa,0
discipulando.me,normal.alexa,0
stockingshq.com,normal.alexa,0
vsxubo52vwdm.org,,1
otbtqpjn.info,,1
kiffbfhhulnkgb.me,,1
girlscience.com.tw,normal.alexa,0
localhost.dev,normal.alexa,0
helderhypotheek.nl,normal.alexa,0
dfcu4b1shjph513ys9zv159hvtz.org,,1
upcrgna.org,,1
4srbo2xjptdxflwe2t.biz,,1
listbaz.com,normal.alexa,0
cimitericagliari.it,normal.alexa,0
ciwwgqmycigggcqi.org,dga.ramdo,1
swire.com,normal.alexa,0
cbcbooks.org,normal.alexa,0
wazu.jp,normal.alexa,0
awrsbuiwpeaeqypq.eu,,1
xxxlutz.com,normal.alexa,0
uhrgrqmgffkp.me,dga.tinba,1
zqpgjgmfstkjk.com,,1
mgqwswdoibfjsph.in,,1
cpu7wp6vslm3.com,,1
filmpertutti.co,normal.alexa,0
e840.net,normal.alexa,0
df-animes.org,normal.alexa,0
lldpoyrzfi.com,,1
ahemahem.com,normal.alexa,0
dfisfo.com,,1
n7t8zah9pryk3bhud31yd82j2.org,,1
iybbtwegldl.com,,1
sxilgdils.com,,1
ranksider.com,normal.alexa,0
obglxpp.info,,1
aemysmsyweggsicq.org,,1
samsung.co.kr,normal.alexa,0
balka-book.com,normal.alexa,0
ns1.backdates16.org,,1
williamsinge.com,normal.alexa,0
mekshq.com,normal.alexa,0
evmktmb.info,,1
everydaygyaan.com,normal.alexa,0
waynehancock.com,normal.alexa,0
redditstatic.com,normal.alexa,0
uoionetrpioixsul.org,,1
we50643533e87c93efe984bf575e3141ea.tk,,1
ewebnext.com,normal.alexa,0
nahcoaviance.com,normal.alexa,0
spylhjlzssox.net,,1
raducafj.ru,dga.pushdo,1
thegioiaosv.com,normal.alexa,0
imhbysautnfhizwehcm.com,,1
leywtyzw.com,,1
efwi1cn7pwknx3k0.com,,1
ulhbhqsjcqm.click,,1
prokompc.pl,normal.alexa,0
ouixox.com,,1
dragfuckvideo.com,normal.alexa,0
whoisquery.com,normal.alexa,0
av-tool.ru,normal.alexa,0
qeikoktu.ru,,1
tanowj1fxl7pu17gegy6cpp23w.com,,1
glenmuir.com,normal.alexa,0
dkznj5vth16uzazgrq.ru,,1
kfebcobhxyyq.com,,1
kccbfcmdldafcabd.website,,1
eikizsx.info,,1
knowhear.net,,1
zavvi.com,normal.alexa,0
dimunos.info,,1
urdupages.com,normal.alexa,0
cphahbqnexn.info,,1
trevi.it,normal.alexa,0
es-anlam.com,normal.alexa,0
x9dhbgmhi100bzp6.net,,1
altran.com,normal.alexa,0
vklwlcv.top,,1
cabovillas.com,normal.alexa,0
kr1jmh3b3lcfsb5.ddns.net,,1
lozjomoq.ru,dga.pushdo,1
tj-wanxiang.com,normal.alexa,0
pwwfshtolwmlpm.tv,,1
gpso.de,normal.alexa,0
kombank.com,normal.alexa,0
infographicsonly.com,normal.alexa,0
a-hadaka.jp,normal.alexa,0
ns1.backdates0.biz,,1
kogfqojyumrz.org,,1
taralouisemurphy.blogspot.com.au,normal.alexa,0
atama-bijin.jp,normal.alexa,0
phyxion.net,normal.alexa,0
ayfuqkfqoytmvtgnblfrpz.org,,1
successce.com,normal.alexa,0
fac-philippines.blogspot.com,normal.alexa,0
m8mw2g2oqcqo.net,,1
fedweek.com,normal.alexa,0
jotelclick.com,normal.alexa,0
tixuz.com,normal.alexa,0
cheaptocheap.gr,normal.alexa,0
linkos-bux.net,normal.alexa,0
volksbankromania.ro,normal.alexa,0
easymovies.in,normal.alexa,0
cubesmith.com,normal.alexa,0
mdqwotiwmtya.org,,1
laypergetadobeflash.co.uk,,1
tafkzjmgib.net,,1
1obmkxqh6ynefcznu3er39w6.com,,1
roojgzph.biz,,1
geq4qe81f5nsbang.net,,1
qkctuuawblvovjhhpna.com,,1
fvyqyaivjt.net,dga.pykspa,1
qckkcxlmtqvrm.sh,,1
cirjuwea.ru,,1
1e3ghif0xibk.top,,1
deutschland-webcam.de,normal.alexa,0
lbpiaccess.com,normal.alexa,0
sopo-onlineshop.de,normal.alexa,0
gradja.hr,normal.alexa,0
rrbikeshop.com.br,normal.alexa,0
hmrovyvgpa.top,,1
auxlzyitn.info,,1
uslohivkmodsmxcnq.net,,1
rmytcuyuhpa4x.com,,1
harthosp.org,normal.alexa,0
consumerscompare.org,normal.alexa,0
dowjkgnoqbwrfuvym.su,,1
qgiakekpcidubo.ru,,1
disneytouristblog.com,normal.alexa,0
blogtivvu.com,normal.alexa,0
imuqxpjrssny.biz,dga.tinba,1
esperformancewear.com,normal.alexa,0
wikinewsindia.com,normal.alexa,0
couponcatcher.org,normal.alexa,0
pejkyqmmpepydnglflhootdf.com,,1
eccie.net,normal.alexa,0
wpsfihxwh.yi.org,,1
share-usa.com,normal.alexa,0
gcfubyplaywobb.com,dga.banjori,1
sylvestercollingwood.net,,1
shopanninh.com,normal.alexa,0
szafatosi.pl,normal.alexa,0
zfmgiologistbikerepil.com,dga.banjori,1
depositagift.com,normal.alexa,0
rwcimspbfmf.net,,1
ef243cbcfaf1f2df5b51444940b247e1.info,,1
bababoltolcso.hu,normal.alexa,0
bootsindustries.com,normal.alexa,0
peyzo.com,normal.alexa,0
cewgesoguskcksaq.org,,1
qgb41d11mczlu1csdjo1agkzlk.biz,dga.post,1
qbhowsom.com,,1
1y14ds61uwmg1x18f27461kbusql.biz,,1
jupihracky.cz,normal.alexa,0
rampeiras.com,normal.alexa,0
howtohindi.in,normal.alexa,0
bkrplmfexr2c.com,,1
umhorxznjm.ws,,1
oraesatta.co,normal.alexa,0
kutufam.com,normal.alexa,0
qkdpjkblpvqgzqhuskmzmzkrob.ru,,1
pmnmxqeyqrux.com,,1
decathlon.in,normal.alexa,0
makeup-shop.com.ua,normal.alexa,0
laufstar.de,normal.alexa,0
telusurindonesia.com,normal.alexa,0
qyiaqc.com,,1
aspswelten.de,normal.alexa,0
kurecell.com.tr,normal.alexa,0
klsucgfwn.su,,1
all.com.tr,normal.alexa,0
baader-planetarium.de,normal.alexa,0
topvidea.sk,normal.alexa,0
katehon.com,normal.alexa,0
cbioezjrbxy9.com,,1
1u0h11s1svym8c1ltlcaqqsdfl8.net,dga.post,1
ocfcu.org,normal.alexa,0
1hh8jh41up6fiu121o3u31jhk758.com,,1
dazen.co.kr,normal.alexa,0
otntexpldorere.net,,1
jmmqquudgfny.pw,dga.tinba,1
pc-user.ru,normal.alexa,0
bnxnjmsuhiyvoclzi.net,,1
ni1twc1btvsyrk9pe1hqa6zt8.com,dga.post,1
buscape.cl,normal.alexa,0
aanirfan.blogspot.co.uk,normal.alexa,0
vojybat.com,,1
lag.tv,normal.alexa,0
plattertalk.com,normal.alexa,0
mc.ru,normal.alexa,0
universitetsavisa.no,normal.alexa,0
heo.com,normal.alexa,0
bkvnqplmqzqrrzw.biz,,1
jjursberouoobuceqtubdowc.org,,1
huafjyfi.ws,,1
u6p.co,normal.alexa,0
kvpunyhcytblk.so,,1
bibbyfinancialservices.com,normal.alexa,0
zpjjtxthazjghwvdlzy.com,,1
decor.io,normal.alexa,0
tontarellishop.com,normal.alexa,0
g894019e02aba536f989599f6e5a4f1465.hk,,1
oralcancerfoundation.org,normal.alexa,0
um.si,normal.alexa,0
ycvnsagabardinedazyx.com,,1
ricmmsibtormom.info,,1
disneypubworld.com,normal.alexa,0
jqluniwe.com,,1
ogsswqeciuseciqc.org,,1
kloeanntbaqpwwhcq.net,,1
dfvkeayure.cn,,1
ixalu2klwdupk0er7fg.ddns.net,,1
diizfyrusukgimrvobpayx.com,,1
hcmurjlt6aqsx1fjsz.biz,,1
kakoi-operator.ru,normal.alexa,0
gamedash.jp,normal.alexa,0
phicqqggyinrvwkivmbpljvwmf.info,,1
dontskip.com,normal.alexa,0
enzkmrsnkpfjksuq.net,dga.murofet,1
phoodster.com,normal.alexa,0
imwjhtjcqtosgyugxwe.com,,1
jhdvyn.com,,1
kitweb.co.jp,normal.alexa,0
japamart.com,normal.alexa,0
coolhomerecipes.com,normal.alexa,0
tpkldcmiu.ws,dga.conficker,1
totalwarhellas.com,normal.alexa,0
cnyzgrexit.org,,1
guncelakademi.com,normal.alexa,0
shahedetafvizi.ir,normal.alexa,0
vwxh7j2cj3br1c60dka1w5o52b.net,,1
nirrnvfqiiybkjxgq.org,dga.qakbot,1
thoughtcatalog.com,normal.alexa,0
velde.nl,normal.alexa,0
mmorpg.ua,normal.alexa,0
230fd61nqjvhgylhcszqb4etd.net,,1
anjasex.de,normal.alexa,0
ndwgwewexrxhyx.su,,1
lexicanum.com,normal.alexa,0
tarotangel.ru,normal.alexa,0
homereemediess.blogspot.com,normal.alexa,0
quzaqo.com,,1
6no56bo96f4h.org,,1
hhj8xuxt3cbwiuygrk.cn,,1
colombojournal.com,normal.alexa,0
opentempo.com,normal.alexa,0
sskouyus.com,,1
nhdopartbulkyf.com,,1
b8d115dac5715aa08d6d4e1bdd83c5bfda.in,,1
livgov.com,normal.alexa,0
1y6yc3mu0zisvulat1p1tssz2x.org,,1
9y4emux2mfej.com,,1
nzstory.govt.nz,normal.alexa,0
farhangemrooz.com,normal.alexa,0
howtogetitincanada.com,normal.alexa,0
ymvarkk.info,,1
lovefiresuncrashrecordneck.com,,1
vivalocal.com,normal.alexa,0
tkaninysklep.pl,normal.alexa,0
mioqmnrzixm.ws,,1
seek-team.com,normal.alexa,0
fissler.tmall.com,normal.alexa,0
ciaieqagyouimima.org,,1
tackletour.com,normal.alexa,0
cloudbric.com,normal.alexa,0
naomluelufk.ddns.net,,1
kuyaeekecqwisysq.org,,1
veganblatt.com,normal.alexa,0
veveoinc.com,normal.alexa,0
dqwyngn.info,,1
physicsworrytiredstripmeet.com,,1
kochanezdrowie.blogspot.com,normal.alexa,0
o4khgtk27hmnwfm.ddns.net,,1
oceckfeaaaclbdam.com,,1
hairde.cn,normal.alexa,0
itexamsure.com,normal.alexa,0
ehawvjt.eu,,1
atmpyurkpfxf.com,,1
itwriter.ru,normal.alexa,0
kfedivolu.com,,1
ituqnmnansnan.com,,1
ty3856bwhqnk.net,,1
ledovy.ru,normal.alexa,0
llifgdhpqrck.com,,1
w69ec3be7eea5fa9b5061956548d846fce.to,,1
ynw230a4k0oj5xo61tm.ddns.net,,1
hdsck4yy3gkx.com,,1
amandawakeley.com,normal.alexa,0
qtyutjvpomgmguz.info,,1
hogaria.net,normal.alexa,0
khatassy.ru,normal.alexa,0
mibuxhjwrt.info,,1
fabie.ru,normal.alexa,0
jorte.com,normal.alexa,0
puphfqtntnxq.info,,1
xplaind.com,normal.alexa,0
gyuwtbuhymzovnvnfljxscctztxc.com,,1
dmfpmkptigkm.com,dga.ramnit,1
hayhqrohfhsiwo.com,,1
rizospastis.gr,normal.alexa,0
sportmaniashop.com,normal.alexa,0
quantumworkplace.com,normal.alexa,0
izfoquhpvtvptenp.org,,1
jaauujvxjmjknnx.ru,dga.cryptolocker,1
jacquelinemichelyne.net,,1
buyluxurywatchnow.com,normal.alexa,0
portalmarcantes.blogspot.com.br,normal.alexa,0
grade.org.pe,normal.alexa,0
ql2yetmsu20cytjs.info,,1
oldnational.com,normal.alexa,0
aychatin.com,normal.alexa,0
indonesianfilmcenter.com,normal.alexa,0
gebbnlxekrxjtpl.work,,1
dzrwrasildeafeninguvuc.com,,1
tea-league.com,normal.alexa,0
digitalnewsroom.co.uk,normal.alexa,0
viralpicturesandvideos.com,normal.alexa,0
ihfebuvi.ddns.net,,1
16idtau6eyhol1y6plpi5rehd1.net,,1
myuouqqwsgwgwscm.org,dga.ramdo,1
fressi.fi,normal.alexa,0
fundacionpiesdescalzos.com,normal.alexa,0
aqownogiaqdoe.ddns.net,,1
ytlzoblfvgsghuxppfqgqqcz.org,,1
sekret-mastera.ru,normal.alexa,0
freejavporn.com,normal.alexa,0
dprgjowmzxep7.com,,1
xljmbrgqkxgizbivwmvfegi.ru,,1
lamudi.com,normal.alexa,0
ccuky.org,normal.alexa,0
xlkhrsensinaix.com,dga.banjori,1
mdoffadamakdnbck.online,dga.padcrypt,1
ypveltysbgcpm.com,,1
opovonews.com.br,normal.alexa,0
fxrbpceyccfk.biz,,1
agenciaoglobo.com.br,normal.alexa,0
ppndxvqmhvaff.com,,1
biggerblogger.com,normal.alexa,0
niwltvxhappwon.net,dga.murofet,1
weilongshipin.tmall.com,normal.alexa,0
vocuzit.info,,1
nfrqeh.net,,1
iykkory.eu,,1
wksthtfwsxicgo.ru,,1
olqijssxihhc.com,dga.tinba,1
cirtru.com,normal.alexa,0
qhtscwx.net,dga.necurs,1
cgpkegjxisfjoy.tw,,1
yfgbweoaqvennx.info,,1
zsiot.net,normal.alexa,0
lshajdnqmylj.net,,1
internethealthreport.com,normal.alexa,0
happyturn.com,normal.alexa,0
pifpdinqufimeujva.pw,,1
thestatetheatre.com,normal.alexa,0
cdnunguuwtxxkcwla.com,,1
odavia.com,normal.alexa,0
hkfirirjja.com,,1
qgceoknaakjgxi.tw,,1
kpclxjemjvrlend.com,,1
reserverchic.com,normal.alexa,0
x29bq01vl7m4ztca9sn1smi0um.org,,1
dkhsoykmolycyqpri.cc,,1
25a379330385e1fcad6d8627ce94ebaa.org,,1
securico.co.jp,normal.alexa,0
fpatletismo.pt,normal.alexa,0
rcscomponents.kiev.ua,normal.alexa,0
bonnierstore.com,normal.alexa,0
infineonforums.com,normal.alexa,0
kuakwcqwsyuiyuwa.org,,1
tennessean.com,normal.alexa,0
dakwahmedia.org,normal.alexa,0
tmiproducts.com,normal.alexa,0
drools.org,normal.alexa,0
ph6mq8eyd5uhmq6lwq.net,,1
f0ea9247b67ce930bf77a387a92b23bcbd.so,,1
1k9mrhu1b8rgvd12bxsgo6p6rcm.net,dga.post,1
dvyhidablyhoosieraw.com,dga.banjori,1
exqaalopagrag.ddns.net,,1
ealzeqpnvpceeqfulsgtktrc.net,,1
baby-mac.com,normal.alexa,0
l2fj86ip96joysimu819f4okl.org,,1
webisaba.com,normal.alexa,0
gelena-s.livejournal.com,normal.alexa,0
flmeestnessbiophysicalohax.com,,1
grabcar.com,normal.alexa,0
joegibbsracing.com,normal.alexa,0
weathercharacter.net,,1
kitchendiscovery.com,normal.alexa,0
kffnfdlkcodddfca.com,,1
aprohirdetesingyen.hu,normal.alexa,0
dkfgqtzgsdm.com,,1
snazaroo.com,normal.alexa,0
italianfix.com,normal.alexa,0
butecologia.com.br,normal.alexa,0
veohuxbe.ru,,1
pilotms.ru,normal.alexa,0
cbhytcvyxzzj.com,,1
manualidadesplus.com,normal.alexa,0
morethannylons.com,normal.alexa,0
2s1hgx1qe78dguot0t0y8fh97.net,,1
blackcontinueconcernresult.com,,1
rcrvjdribu.info,,1
sirisgraphics.com,normal.alexa,0
unlockicloud24.com,normal.alexa,0
keyman.com,normal.alexa,0
happy-size.de,normal.alexa,0
digitalmarketingwalkins.com,normal.alexa,0
sportsevents365.com,normal.alexa,0
flchxyxo.com,,1
ujmbevi.info,,1
azhftyklugasygovgneq.info,,1
16b4xqzolubo.net,,1
earthafricacurio.com,normal.alexa,0
gdottv.com,normal.alexa,0
agtecnica.esy.es,normal.alexa,0
qcowik.dynserv.com,,1
typzhpgkbnhdzm.com,,1
torrancepayroll.com,normal.alexa,0
rqfj4efd5qm8ozpe3m.ru,,1
h2486vu41q2sbgms6d.com,,1
tjlsdrpe.info,,1
hqyrhutudiuhdixc.eu,,1
oqlctcu.info,,1
compland.az,normal.alexa,0
newsbrontima.com,,1
agentclaimimplyignoretax.com,,1
constructionknowledge.net,normal.alexa,0
beurer.ir,normal.alexa,0
tcbanks.com,normal.alexa,0
373e143vogpalzaxb7fomapz.com,,1
secondstrade.com,normal.alexa,0
yiwuyaozhi.tmall.com,normal.alexa,0
tolftespelaren.se,normal.alexa,0
otqz8lmn4xqv.net,,1
kmkdftiby.com,,1
ppycesvmlpeabdrlg.com,,1
omnea.de,normal.alexa,0
roundmature.com,normal.alexa,0
tagyourlink.com,normal.alexa,0
roleplay.ru,normal.alexa,0
teachingbooks.net,normal.alexa,0
breezemasti.com,normal.alexa,0
moqlozgu.ru,,1
apk-mini.com,normal.alexa,0
emweumuuwceooaay.org,,1
q815d4183fdb7bd5bacc4b93754d6ffcb0.hk,,1
gadgetlio.com,normal.alexa,0
prohaxor.com,normal.alexa,0
cmlodcugtif.info,,1
ceenculggetrvf.org,,1
aartech.ca,normal.alexa,0
veqsgpxh.ws,,1
yeargetadobeflashpl.co.uk,,1
qhpjuyucmceqawn.biz,,1
maltapost.com,normal.alexa,0
rqbdlir.info,,1
kdklwharo47nmvkfs07n7v7.ddns.net,,1
jzjvefgnzj.com,,1
bitcoin-business.info,normal.alexa,0
minwbyplaywobb.com,dga.banjori,1
sandgapbringbearsettouch.com,,1
justhpbs.jp,normal.alexa,0
freegan.info,normal.alexa,0
qoatoquhnuipvo.ddns.net,,1
bbewjmumf.com,,1
nqc.com.cn,normal.alexa,0
huxeyjvugumnvlmfjryrg.org,,1
votreassistante.net,normal.alexa,0
euflhxhjepg.mooo.com,,1
myueimoaekcwsaui.org,,1
sudmed.ru,normal.alexa,0
skidpaste.co,normal.alexa,0
qqsaojsi.net,dga.nymaim,1
atfrovxmpwibafgy.eu,,1
urawindow.net,normal.alexa,0
yhhfi.biz,dga.conficker,1
nspmqrnllnhpsqet.info,dga.murofet,1
tabrizebidar.ir,normal.alexa,0
jlbn.net,normal.alexa,0
pdgdfariyt.info,,1
iklolnnjth.com,,1
open.ed.jp,normal.alexa,0
3dtuning.com,normal.alexa,0
velocelounges.com,normal.alexa,0
bpanmanagua.somee.com,normal.alexa,0
headcold.net,,1
bopsecrets.org,normal.alexa,0
practicalmotoring.com.au,normal.alexa,0
shiropen.com,normal.alexa,0
vhluniversity.com,normal.alexa,0
artemide.net,normal.alexa,0
autofinder.com,normal.alexa,0
itshot.com,normal.alexa,0
1mn54sp11411a128qpyc1g2e37l.org,,1
okjjjkit.dynserv.com,,1
pornofei.com,normal.alexa,0
kfupm.edu.sa,normal.alexa,0
kadrajsinema.com,normal.alexa,0
ufhrcvklyxax.co.uk,dga.cryptolocker,1
mbbllmv.eu,,1
woteabux.ru,dga.pushdo,1
hitsniffer.com,normal.alexa,0
anypli.com,normal.alexa,0
vostcrbqugi.su,,1
cdecomunicacion.es,normal.alexa,0
sante.gouv.fr,normal.alexa,0
lsgiwlmi.com,,1
ergetadoybeflashpla.net,,1
promogest.me,normal.alexa,0
news18a.com,normal.alexa,0
cepoinalcentricem.com,dga.banjori,1
pickkill.net,,1
o0o0.jp,normal.alexa,0
nba2k.org,normal.alexa,0
himdkecgihbvlxca.eu,,1
wsrirnwwpnxtfhlw.org,,1
proportionbd.com,normal.alexa,0
gartendatenbank.de,normal.alexa,0
yoe4asecigqw.net,,1
londonerabroad.com,normal.alexa,0
meghdoottextiles.com,normal.alexa,0
turkobir.com.tr,normal.alexa,0
foreverhealth.com,normal.alexa,0
heimatzeitung.de,normal.alexa,0
ads-securities.com,normal.alexa,0
jvsafhaltlf.com,,1
9ul1co3ils.com,,1
ourchurchvideos.com,normal.alexa,0
lamarseillaise.fr,normal.alexa,0
44a2c3df5ad4acca9709ce1b5a1337f8.org,,1
a6bd50cfc198ed69a3b0baaae07740c4.org,,1
kalksandstein.de,normal.alexa,0
e66ed9ef3fd45be08e971ba146a7da1064.tk,,1
iuorknrbqkvfdbdf.com,,1
qhfzcr.com,,1
codemetro.com,normal.alexa,0
sdsmt.edu,normal.alexa,0
ustmamiya.com,normal.alexa,0
brsutkhfxfwex.com,,1
polosedan.ru,normal.alexa,0
edmuviobmuaklui.ddns.net,,1
hsdclwrmt.ru,,1
zkmf6g1qg024j1l6z5vi1c0osb8.org,,1
tehnikalux.ru,normal.alexa,0
vgnahog.eu,,1
nakoqmup.ru,dga.pushdo,1
allmystery.de,normal.alexa,0
aspyprevencion.com,normal.alexa,0
mxux587l5vuv307joty.ddns.net,,1
pswebstore.com,normal.alexa,0
cmkyuautagqkhfqy.eu,,1
futurisk.in,normal.alexa,0
rotaryswing.com,normal.alexa,0
vntcdildpoottdigls.com,,1
muslimthaipost.com,normal.alexa,0
droterdrotit.com,,1
ugtvsatformalisticirekb.com,dga.banjori,1
zkdkflaqbnykxibgi.biz,,1
handicare.com,normal.alexa,0
llsrveni.net,,1
hbsdcq.com,,1
davidoyedepoministries.org,normal.alexa,0
dronah.org,normal.alexa,0
avenida.com.ar,normal.alexa,0
nobbmnplvvfmxpkq.eu,,1
genflix.co.id,normal.alexa,0
247tamil.com,normal.alexa,0
testjb.myshopify.com,normal.alexa,0
wpassvyohxnox.click,,1
ncqbjgssa.info,,1
m6gno0afe0ud5po.ddns.net,,1
ygsxdfzyznmyuragx.com,,1
papermagazine.nl,normal.alexa,0
gostynska.pl,normal.alexa,0
hoenabvaewamtum.ddns.net,,1
cewaowykqmwwquka.org,,1
uenjinalcentricem.com,,1
luxesignature.com,normal.alexa,0
bloabblbabllldao.online,,1
electric-shaver-guide.com,normal.alexa,0
mzlnphskdaxwxhuhmzlnrppnnb.ru,,1
bxtkqllokrkqlm.biz,,1
szclkpmd.org,,1
smdoctor.ru,normal.alexa,0
8wip6c1hptds91w2ui8l1793i9m.com,,1
bozbozra.ru,dga.pushdo,1
ftpbox.org,normal.alexa,0
kincardine.net,normal.alexa,0
epdcbyh.info,,1
xuyfbtsauylkqpdt.com,,1
jtmcoue.eu,,1
awxxir.ws,,1
hhkjiysfkpqb.com,dga.tinba,1
cambabes.be,normal.alexa,0
lobangcity.com,normal.alexa,0
hugcicwu.ru,,1
aerowatch.com,normal.alexa,0
bingelsite.be,normal.alexa,0
vahealthprovider.com,normal.alexa,0
yorkcondosvip.com,normal.alexa,0
forestdownload.com,normal.alexa,0
hyderabadwater.gov.in,normal.alexa,0
solutionsprintsecure.fr,normal.alexa,0
dgco2z32oi9uyo.com,,1
znqhatmfvt.com,,1
lixeqiupxeafdih.ddns.net,,1
omosiro-movie.com,normal.alexa,0
mcrxuvqcbhwgyidm.biz,,1
ahmadblogs.net,normal.alexa,0
sleepdeprived.ca,normal.alexa,0
licindia.in,normal.alexa,0
visualshoxxx.com,normal.alexa,0
sib.gob.gt,normal.alexa,0
869eis18jopb31ls3xofivoy3d.net,,1
freebusinesscardsdesigns.com,normal.alexa,0
biscani.net,normal.alexa,0
humandiaries.com,normal.alexa,0
rpcxbw4fsklk1kn4wz41oz8csl.com,,1
gzredieexn.com,,1
buydig.com,normal.alexa,0
ltolrd.com,,1
ykosqykwsg.org,,1
v5b6c0yu51vh1vp5aznu1vnwd.org,dga.post,1
trendssocialk.com,normal.alexa,0
ersatz.com.au,normal.alexa,0
threatexpert.com,normal.alexa,0
gysmorcajanunal.com,dga.banjori,1
yalanyazantarihutansin.org,normal.alexa,0
ccifr.ru,normal.alexa,0
gaqozmbmmhuy.net,,1
ieihutj.info,,1
mikesqualitybodyworks.com,normal.alexa,0
142muxicnjc5p17i1jbm16eybxx.org,,1
fgwttfwlnsnnqbg.ru,,1
2k7zqkpvwvb5dmhnr8.cn,,1
xn--qualittskliniken-0nb.de,normal.alexa,0
litecraft.co.uk,normal.alexa,0
humans-who-read-grammars.blogspot.com,normal.alexa,0
spotimes.com,normal.alexa,0
viewreservehelppullcycle.com,,1
qzjuzs.com,,1
ipxjoanansnan.org,,1
ieuzgvinvwprsg9q.com,,1
leatherneckconsulting.com,normal.alexa,0
pjwcfqreyjrjnbutohbigyxsjz.com,,1
ipsrwpijmtph.com,dga.tinba,1
hosensadghie.persianblog.ir,normal.alexa,0
valentiargenti.it,normal.alexa,0
cijrcxsjgm.com,,1
misscolle.com,normal.alexa,0
filleritem.com,normal.alexa,0
pumuxypuveh.eu,,1
vsxxxiytnjcmzgelijmzhu.org,,1
haynhucnhoi.tv,normal.alexa,0
milaoya.com,normal.alexa,0
uddeholm.com,normal.alexa,0
ykxkqujdaukjllboyck.com,,1
weqenyp.info,,1
o75y3b1ik0qdo1ofmuepcqjj63.net,,1
o9y3opaboxub.top,,1
pcpartpicker.com,normal.alexa,0
texploreredotn.info,,1
rutcjccy.net,,1
calledphone.com,normal.alexa,0
musumenavi.jp,normal.alexa,0
rewardcharts4kids.com,normal.alexa,0
netto-reifendiscount.de,normal.alexa,0
oinaznibkmht.info,,1
adtlmpinalnzrgikuhlrtlye.com,,1
iuqlwiiugkeq.biz,,1
netwaiter.com,normal.alexa,0
dragoncityhackandcheats.net,normal.alexa,0
germainhondaofdublin.com,normal.alexa,0
thedigitalpress.co,normal.alexa,0
knudmbj.info,,1
htbfamentalistfanchonut.com,dga.banjori,1
samadeyemi.net,normal.alexa,0
dominikanabestplace.com,,1
patwapax.ru,,1
freshnet.in,normal.alexa,0
wfhsmgmijrpanhes.eu,,1
rbbtkbsq.net,,1
greatleadershipbydan.com,normal.alexa,0
apngobcqfkoo.info,,1
duuswjyyrutnvra.biz,,1
giftdigvaryliftrestapply.com,,1
messagetoeagle.com,normal.alexa,0
grosgrainfabulous.blogspot.com,normal.alexa,0
education.go.ke,normal.alexa,0
d109b9a13137419fc23c8c8114e9eb64.org,,1
alleycatthemes.com,normal.alexa,0
dvbjluugpojv.co.uk,,1
xqgzqkspvfaeulplzfyy.com,,1
1kpp5in1i33xt9u93d91c4p3iq.net,,1
sehrikeyif.com,normal.alexa,0
alexsvatov.livejournal.com,normal.alexa,0
abiyamo.com,normal.alexa,0
hudsoncountyview.com,normal.alexa,0
rpsokgjwleslijn.info,dga.murofet,1
makinaalsat.com,normal.alexa,0
gogypfpmrrw.com,,1
popvinyl.net,normal.alexa,0
ylhjpgugvrmnsltcw.net,,1
1push.com.ng,normal.alexa,0
allmp3bhojpuri.com,normal.alexa,0
kkxtsemitismgavenuteq.com,dga.banjori,1
cfo.gov.ph,normal.alexa,0
akselfrance.com,normal.alexa,0
imamreza.ac.ir,normal.alexa,0
lightwiring.co.uk,normal.alexa,0
lcjinmaidi.com,normal.alexa,0
atgoycu.dyndns.org,,1
habitpersuadehearweighcome.com,,1
agngpbpsbhiceid.ru,dga.cryptolocker,1
forgetstation.net,,1
v8222f7e25f29e256b57e8e8b18ecf338c.cn,,1
jollencelee.com,normal.alexa,0
differentiatedkindergarten.com,normal.alexa,0
muecimriqpcpchjk.ms,,1
cctv5.net,normal.alexa,0
ecordia.co.uk,normal.alexa,0
ccli.com,normal.alexa,0
cdobfobakecfabea.com,,1
soccer-rating.com,normal.alexa,0
me-desinscrire.fr,normal.alexa,0
dotsub.com,normal.alexa,0
wimritenluuwhqxfrqj.com,,1
barre3.com,normal.alexa,0
yumusica.net,normal.alexa,0
rentabiliweb-group.com,normal.alexa,0
ditirthqzdtqorkkfvsdagqs.com,,1
media3.net,normal.alexa,0
cekmcfaefmlcmkna.com,,1
xn--hg4bo8g2qan3q.com,normal.alexa,0
hopdjtfjnyuorttv.eu,,1
healthtipzloss.blogspot.in,normal.alexa,0
xvgxsatformalisticirekb.com,dga.banjori,1
radiolabeta.com,normal.alexa,0
ealunrdqhrgwkwczb.com,,1
qta6qda87fmji8u0efe.ddns.net,,1
qaflhsuiwcymao.biz,,1
gojipumo.ru,,1
jeuodvwkifjpzbjur.com,,1
wrgps0sfyvk65h3j52a.ddns.net,,1
1u2iaw24wecyy1eqxfip4vyb39.org,,1
yourbank.hu,normal.alexa,0
rkiendmp.cc,,1
ipay88.co.id,normal.alexa,0
sawwleasuredehydratorysagp.com,,1
commandlinefu.com,normal.alexa,0
wikicfp.com,normal.alexa,0
tyxvrlh.info,,1
rciyjnn.org,,1
healthnewsportal.net,normal.alexa,0
getadobeflrashplaye.co.uk,,1
cvn40ozhzj56nyorcsarfscypydrcum59gt.net,,1
marmelada.co.il,normal.alexa,0
rwhkfiq.com,,1
a7d72709502bc733ec7bf4ed083966b2.co.cc,,1
jelajahriau.com,normal.alexa,0
kwyibyplaywobb.com,dga.banjori,1
9qr09ajg9an8.net,,1
oesrxxrqxoihpets.biz,,1
kamupost.com,normal.alexa,0
blogfantastico.info,normal.alexa,0
telexfree169.com,normal.alexa,0
gomisehijos.com,normal.alexa,0
cduns5uvclif.org,,1
kbfdomndbfckbode.info,,1
clickforblinds.com,normal.alexa,0
explainbettingodds.com,normal.alexa,0
kyowumosmcyywoiy.org,dga.ramdo,1
8l62qx1ce93aufmgjwapoh06z.biz,,1
ranklogos.com,normal.alexa,0
crochetconcupiscence.com,normal.alexa,0
imdb.cn,normal.alexa,0
altogethergreat.com,normal.alexa,0
jxwalbabjronfmigfp.com,,1
rede-nordeste.com,normal.alexa,0
bihcvgxy.top,,1
atsnkn12u8y6el3ha2wbuxk.ddns.net,,1
kadasterdata.nl,normal.alexa,0
vichyusa.com,normal.alexa,0
srojehyl.org,,1
xdh9h01rnqlt37j6rek1h81kvh.com,,1
jefgzohp.info,,1
medis-labo.com,normal.alexa,0
carpetstationsplitreference.com,,1
wmyeri.net,normal.alexa,0
dzrtsp18r1031cbcvpkyg88t9.biz,,1
hiring-hub.com,normal.alexa,0
fightsaga.com,normal.alexa,0
jeffreestarcosmetics.com,normal.alexa,0
tciamkiwg.biz,,1
ebeta.org,normal.alexa,0
xktjdewztcclu.com,,1
shoptiques.com,normal.alexa,0
dbvikn1dci4c61xdwbwp1t8dtg9.biz,,1
jysq.net,normal.alexa,0
pwehsajlfpw.biz,,1
goloseip.ru,,1
rosaphoto.com.au,normal.alexa,0
cloverthemes.com,normal.alexa,0
nos.org,normal.alexa,0
thedetail.kr,normal.alexa,0
gkeyzwd.info,,1
videosronak.net,normal.alexa,0
nihnihnih.com,,1
ns1.backdates10.com,,1
shate-m.ru,normal.alexa,0
hnnadlcs.com,dga.ramnit,1
gelgpartbulkyf.com,dga.banjori,1
1kfz6nt1hy5ptxo6fhv586fkh2.com,,1
parkviewmc.com,normal.alexa,0
withinshoulder.net,,1
ptrpvrvdchgwlvmh.biz,,1
curryshopshimizu.com,normal.alexa,0
dkcffbdabbdckdkm.de,,1
tleubyplaywobb.com,dga.banjori,1
afot63w16vgt.com,,1
kqfrndtlmul.net,,1
sdkzkvcd.top,,1
lxjj8avmru4yv4be3gsibp1o.com,,1
uae-li.com,normal.alexa,0
dcwviqtyobgv.biz,,1
fonecta.fi,normal.alexa,0
traveltoday247.net,normal.alexa,0
buzzfil.net,normal.alexa,0
norutifo.info,,1
unidentunion.pl,normal.alexa,0
bmw-motorrad.jp,normal.alexa,0
socialmedia.ir,normal.alexa,0
khiqwzkdsi.net,,1
ltrtmy.com,,1
cochinairport.com,normal.alexa,0
lechat-web.com,normal.alexa,0
sooremehr.ir,normal.alexa,0
verticalresponse.com,normal.alexa,0
acatoday.org,normal.alexa,0
fzuzgj.com,,1
advancedconverter.com,normal.alexa,0
1i.com.ua,normal.alexa,0
maxovuc.info,,1
dncbmtzabivq.net,,1
authorhouse.co.uk,normal.alexa,0
tastybooktours.com,normal.alexa,0
danalock.com,normal.alexa,0
philanthropynewyork.org,normal.alexa,0
coringaps3.blogspot.com.br,normal.alexa,0
freedomwallpaper.com,normal.alexa,0
saurss.com,,1
nybltjwifnmv.ru,,1
za4f1644d65df775f083e10d68fec83644.cn,,1
spyuyqigtntsqqwp.eu,,1
e-unwto.org,normal.alexa,0
viralbeat.com,normal.alexa,0
mfldmqdkrsso.me,dga.tinba,1
nevsehir.edu.tr,normal.alexa,0
03c419cdbb551511470d721e0e609227.info,,1
ljntsztpfwwgcuyltkhibewstg.ru,,1
bdzhfordlinnetavox.com,,1
ttaebamktjdbizrnqxp.com,,1
odxyxrwkscintr.cx,dga.necurs,1
gridironnewjersey.com,normal.alexa,0
megja.com,normal.alexa,0
heberparis23.com,normal.alexa,0
centrebell.ca,normal.alexa,0
milanicosmetics.eu,normal.alexa,0
graphicmail.com.mx,normal.alexa,0
safepasswd.com,normal.alexa,0
poyqqfywqgoxxipq.eu,,1
crurilcjqj.com,,1
jnrpnpufmnem.com,,1
1pksz731lzrd5s3xbtjz1yth8gf.net,,1
thecaryoudrive.com,normal.alexa,0
gioca.re,normal.alexa,0
heavenwheat.ru,,1
sondrioevalmalenco.it,normal.alexa,0
chairhunger.net,,1
useme.org,normal.alexa,0
onctk4sp7d1xct78i43.ddns.net,,1
ybjydvvgnyntyyv.biz,dga.cryptolocker,1
eredotntexplro.net,,1
blokmacfodefdlda.eu,,1
koqykeqs.org,,1
goukaku-suppli.com,normal.alexa,0
lamed.kz,normal.alexa,0
1dhemfxipngs518pqalghepnx1.biz,dga.post,1
sparklin.org,normal.alexa,0
enes-expo.ru,normal.alexa,0
chairshout.net,,1
weddingpenprogresslackcomplicated.com,,1
pasoroblesdailynews.com,normal.alexa,0
dromoland.ie,normal.alexa,0
ibratsrvpkellsqpldn.com,,1
newsmarket.com,normal.alexa,0
zmumphqwluebra.com,,1
saauoj.net,,1
vektor-inc.co.jp,normal.alexa,0
bci9miceqna6qgc9.org,,1
izqbnvrvrefgkhpdlgl.com,,1
pornvl.net,normal.alexa,0
kpccbny.biz,,1
hamamatsu.com,normal.alexa,0
gupiofgod.ddns.net,,1
misteroption.com,normal.alexa,0
ecomexpo.hu,normal.alexa,0
jisc.go.jp,normal.alexa,0
vokmarux.ru,dga.pushdo,1
peliculator.com,normal.alexa,0
24counter.com,normal.alexa,0
kandao.com,normal.alexa,0
fisioterapiaparatodos.com,normal.alexa,0
diiwkbjs.com,,1
ovtgrwibhqxrogypzcqpwoknbe.ru,,1
blogoff.es,normal.alexa,0
manifest.eu,normal.alexa,0
gssp-a.com,normal.bambenek,0
digilentinc.com,normal.alexa,0
backlink-check.de,normal.alexa,0
rzab135uqqcm437ji5w3fix4.org,dga.post,1
windowsdiscussions.com,normal.alexa,0
aamocdbalnfbdonc.com,,1
pnp.gov.ph,normal.alexa,0
1vt70h510ijrer1ih754persa4.net,,1
laughingkidslearn.com,normal.alexa,0
uhispanoamericana.ac.cr,normal.alexa,0
coveloping.com,normal.alexa,0
pediniusa.com,normal.alexa,0
etagdobeflashplayer.co.uk,,1
kkisxooerpxtvuph.eu,,1
ohyng67xmri0uvmfid1rqlc.ddns.net,,1
iqagcegmyusuqcgk.org,dga.ramdo,1
qqddc.com,normal.alexa,0
dinhduongthehinh.com,normal.alexa,0
kndkchipburyq.info,,1
9atu.com,normal.alexa,0
zoomkala.com,normal.alexa,0
nstqzzgbuuesauebbcxl.org,,1
oregonlive.com,normal.alexa,0
oyhrrtqvnp.info,,1
uoiasscwsqicgowe.org,,1
sturny-tuning.com,normal.alexa,0
pbeyllaabettingk.com,,1
yunphoto.net,normal.alexa,0
o4t7zt1fehnuucinr5f1avsgsk.org,,1
mobilnisvet.com,normal.alexa,0
ngmntwxwiww.info,,1
x6e8f442e23eeaec4c500e0b98a50aed8b.cn,dga.dyre,1
samforum.org,normal.alexa,0
lambopower.com,normal.alexa,0
onpara.jp,normal.alexa,0
i634e65hqxk2gbw.ddns.net,,1
vlvveqn.org,,1
rzygpartbulkyf.com,,1
dokugwei.ru,,1
345ykjv3vpso1v65sq.cn,,1
errors.biz.nf,normal.alexa,0
veadirwa.ru,dga.pushdo,1
futbolatin.com,normal.alexa,0
jdodejmvabgywito.eu,dga.geodo,1
xn--sckyeod906wf5q.biz,normal.alexa,0
webpentagon.com,normal.alexa,0
feimozma.ru,,1
pop800.com,normal.alexa,0
yxclteaqvbsrkknyn.tw,,1
larl9nbgkc4kfdj.net,,1
sawa4.com,normal.alexa,0
yplnwjsvxpo.com,dga.ramnit,1
dauobvnswmpymneb.eu,,1
chaturbot.co,normal.alexa,0
marzadro.it,normal.alexa,0
fzrjimttcnpnlnpy.com,,1
khcagvgdllhfjqn.com,,1
omxppww.info,,1
euyegssgxeju.com,dga.tinba,1
e5m3y52byi1.com,,1
vikingelectric.com,normal.alexa,0
edhunkzekqn.net,,1
ps4freegames.net,normal.alexa,0
hkjzjev.com,,1
pigeoncontrolresourcecentre.org,normal.alexa,0
vyxbphoprken55.com,,1
ibtcqwtseuxworcyemlzhfqegaskib.com,dga.gameover,1
spieletest.at,normal.alexa,0
recargascelular.co,normal.alexa,0
gmseqyksmisqqacq.org,,1
myhoprocket.com,normal.alexa,0
zdhzlakxjy.com,,1
ispacethailand.org,normal.alexa,0
pmffgowqgu.net,dga.necurs,1
whitneyhouston.com,normal.alexa,0
gsnlmeonq.biz,,1
alatest.es,normal.alexa,0
pozconvert.com,normal.alexa,0
puc.com.br,normal.alexa,0
bergfreunde.nl,normal.alexa,0
partage-facile.com,normal.alexa,0
osempire.org,normal.alexa,0
puresound.co.jp,normal.alexa,0
iqubfacqvks.co,,1
bowob.com,normal.alexa,0
brathwait.com,normal.alexa,0
big-man.jp,normal.alexa,0
migliorsorriso.it,normal.alexa,0
porsud.ir,normal.alexa,0
upplandsvasby.se,normal.alexa,0
gpxfkodsrq.net,,1
presscoders.com,normal.alexa,0
2ciebyr.com,normal.alexa,0
ombhrhbnuq.com,,1
b-f.ac.jp,normal.alexa,0
autogeek.net,normal.alexa,0
fashionphases.com,normal.alexa,0
sportingkc.com,normal.alexa,0
ijcem.com,normal.alexa,0
cuvhmen.com,,1
atlaspiv.cz,normal.alexa,0
calzadosbatistella.com.ar,normal.alexa,0
rentometer.com,normal.alexa,0
bulklink.org,normal.alexa,0
ayergetadobeflalshp.co.uk,,1
vvufpartbulkyf.com,dga.banjori,1
azoogle.ru,normal.alexa,0
demographia.com,normal.alexa,0
tahlkanews.in,normal.alexa,0
crashub.org,normal.alexa,0
tpgu64fiq1wx37my.com,,1
aivtacimekxfecr.ru,dga.cryptolocker,1
myharmony.com,normal.alexa,0
bkcaefeflcabomfd.online,,1
ygmmdwsyb.info,,1
plp1.ru,normal.alexa,0
178winwin.com,normal.alexa,0
ahjqdasnzj.info,,1
eyhjinalcentricem.com,dga.banjori,1
i-imgs.com,normal.alexa,0
uqwmdkt.net,,1
gurehjquwhubtlosin.ga,,1
highco.com,normal.alexa,0
crabtree-valley-mall.com,normal.alexa,0
nrml.ca,normal.alexa,0
3drender.com,normal.alexa,0
bitkaizen.com,normal.alexa,0
pricemesh.io,normal.alexa,0
yssexml.info,,1
kyrnauo.info,,1
jupleado.ru,,1
doratelekom.com,normal.alexa,0
bapxl.ws,,1
panelsyndicate.com,normal.alexa,0
mjnzacmrqvjffrmsguojbgq.com,,1
mfmwyhcnkug.info,,1
pedroquintanilha.com.br,normal.alexa,0
kevegyr.info,,1
fixingvirus.com,normal.alexa,0
quqsnrwubcf.net,,1
enthusiasmdiscoversettle.com,,1
synergy2.com.ua,normal.alexa,0
hzpqropksudqiiu.net,,1
gmieegaoeeqmsaui.org,,1
ciol.org.uk,normal.alexa,0
kwbfiyzctpcensbd6a.com,,1
1llklf1fewq0t8s6jap1ggbffg.biz,,1
d1tque1i26l9nh9l.cn,,1
yoyosasa.com,,1
lukicgsxuvrdtup.ru,dga.cryptolocker,1
ptppsikathrinezad.com,dga.banjori,1
1ijtv4cw8f8oz13tjdd01nfrncd.net,,1
qbfmlkzlzhgilnzobobcupz.net,,1
zvtz7yozzxcj1utgxlo1utvzus.org,,1
za8d1edbb1cc2951f156f59777d4148d99.in,,1
developpementpersonnel.org,normal.alexa,0
1rv34.dev,normal.alexa,0
oldsalem.org,normal.alexa,0
rbjwlbhieqkew.org,,1
bankatfirst.com,normal.alexa,0
opfclufjwn.com,,1
kirblsb.eu,,1
fcdefiifqblo.com,,1
7vcje4q8qpo87r7ve85.ddns.net,,1
utgbufmrsfsrsradmfq.ddns.net,,1
mp3-cutter-splitter.com,normal.alexa,0
vytqwtcpobmbguswprgerlzdiv.ru,,1
pudmcfchdecqil.sh,,1
tenxploreredot.info,,1
wdgathbwng.com,,1
halupib.info,,1
howtobuildsoftware.com,normal.alexa,0
obeejxlfetbbyll.biz,dga.cryptolocker,1
corellecorner.com,normal.alexa,0
teurfevoe.ddns.net,,1
ciokwwykuweakaqc.org,,1
ucqyiwqkqtyekbi.com,,1
ouqxm.cc,,1
mcankndaalllclam.com,,1
fgukiqfhwsnesv.com,dga.ramnit,1
csmembers.com,normal.alexa,0
cafkarug.ru,,1
hse.ru,normal.alexa,0
canaltcm.com,normal.alexa,0
fibdrwhqojzmrdutlmrzhux.info,,1
wwguws.org,,1
xlmsvrmkg.net,dga.conficker,1
zyxiu.com,normal.alexa,0
withwash.net,,1
ovadwpuv.ru,,1
negoziomusicale.it,normal.alexa,0
rentalcarsconnect.com,normal.alexa,0
1uwkr3mk9hztr1gbyoaz55jx3p.com,,1
nylskdky.yi.org,,1
oliveandcocoa.com,normal.alexa,0
xelmxoh.eu,,1
m62zm2fah6hnzzrws4.ru,,1
softvault.ru,normal.alexa,0
ddseiky.info,,1
doubrealize.net,,1
befswe.cc,,1
isklgwwyhuh.org,,1
elastika-online.gr,normal.alexa,0
sruwmnpstjmpyn.net,,1
ksdmtpjd.com,,1
yvlineudqnonjpk.org,,1
pvljnqboa.dyndns.org,,1
fpsdn513a5yo9a9l871f0ny8h.org,,1
twelvegovern.net,,1
dsmfk1ogxfgbv.com,,1
ing.nl,normal.alexa,0
obhgymfupxstoegdmupemc.ru,,1
fantasyseriea.com,normal.alexa,0
indianjobsalert.in,normal.alexa,0
tvorba-webu.cz,normal.alexa,0
pxzwfordlinnetavox.com,,1
remintrex.com,normal.alexa,0
thambay.com,normal.alexa,0
hdmangas.com,normal.alexa,0
jfjvghixmvyy.com,,1
fgkhceo.com,dga.nymaim,1
1jmvvqvcobl711yz4zlg1gdt7hp.com,,1
autosecret.net,normal.alexa,0
tucemul.info,,1
liznjzpbykvbxvwgcxir.ru,,1
scomtelcom.com,normal.alexa,0
priscillascrochet.net,normal.alexa,0
pixelbeautify.com,normal.alexa,0
xbubfbvcq.com,,1
fickenvz.net,normal.alexa,0
acoupletravelers.com,normal.alexa,0
naseebnetworks.com,normal.alexa,0
arts.gov.au,normal.alexa,0
lmtsd.org,normal.alexa,0
thisstage.la,normal.alexa,0
contractors.joburg,normal.alexa,0
brosersposter.com,,1
beiikdnjowfg.com,,1
forzasports.com,normal.alexa,0
passadicovirtual.blogspot.com.br,normal.alexa,0
bdbddnbcacadmbcc.com,,1
ybzgyv.com,,1
c9494e8ecaf1e5cfe63e355ceab31e82.cz.cc,,1
sigyvyb.info,,1
adidas.mx,normal.alexa,0
hdvcamentalistfanchonut.com,,1
njjsalitydevonianizuwb.com,,1
inzofodsholapet.cc,,1
boxkogmljk.com,,1
ppipqlbebcbmec.info,,1
javeahomefinders.com,normal.alexa,0
jhkkssojlwnyjgnsslm.com,,1
weidezaun.info,normal.alexa,0
mdgwotiwmtya.net,,1
coqwozne.ru,,1
multiplymytraffic.com,normal.alexa,0
easytechguides.com,normal.alexa,0
kuksiokmumgemymi.org,dga.ramdo,1
businesstown.com,normal.alexa,0
timeoutkorea.kr,normal.alexa,0
falkensteiner.com,normal.alexa,0
wqrmjuvvlziorwakte.com,,1
pazsaz.com,normal.alexa,0
fvlesemitismgavenuteq.com,dga.banjori,1
coxslot.com,normal.alexa,0
lapak365.com,normal.alexa,0
alive-weblinks.com,normal.alexa,0
matthewrob.tumblr.com,normal.alexa,0
rodesp.blogspot.mx,normal.alexa,0
comfortmarket.com,normal.alexa,0
offerstation.com,normal.alexa,0
wavelink.com,normal.alexa,0
dxgjbsysjsr1lcoj.biz,,1
cib.or.at,normal.alexa,0
permarent.com,normal.alexa,0
anaptar.com,normal.alexa,0
toketaware.com,normal.alexa,0
abadgaranejavanksh.com,normal.alexa,0
hjnynwok.mooo.com,,1
tatadocomo.com,normal.alexa,0
diuvltudgaisyi.com,,1
lfldinalcentricem.com,,1
sostcwktnhisfe.me,,1
fc4e47bb10a194c9dc62476bb367f5e66b.cn,dga.dyre,1
ixs1.net,normal.alexa,0
opinieonline.com,normal.alexa,0
jntuportal.in,normal.alexa,0
arab-daddy.tumblr.com,normal.alexa,0
neotgxt.com,,1
1ohdssz1n6l8491derjk41tgl6oh.biz,,1
jwvdynl.info,,1
xpressreg.net,normal.alexa,0
euxggv5swsw.net,,1
imperialdeminas.com,normal.alexa,0
iuwocioskegcyuoo.org,,1
dubaiconfidential.ae,normal.alexa,0
rddantes.com,normal.alexa,0
llitbiiqtkir.com,dga.tinba,1
dotntexpelorer.info,,1
hanoinew.vn,normal.alexa,0
itojuku.net,normal.alexa,0
18f8fff72bfa761b672ad3bf7507e135.info,,1
epawjoconerjbemcf.ga,,1
kvublxw.info,,1
mcdonalds.com.ar,normal.alexa,0
pixokvih.ru,dga.pushdo,1
longzhu.com,normal.alexa,0
di38t2jc12r4.com,,1
biotrust.com,normal.alexa,0
agt.int,normal.alexa,0
heurahugxahewe.ddns.net,,1
hablemosdeturf.com,normal.alexa,0
cars2repair.be,normal.alexa,0
iauto.al,normal.alexa,0
amamishimbun.co.jp,normal.alexa,0
cca.org.cn,normal.alexa,0
maybelline.es,normal.alexa,0
fanatec.de,normal.alexa,0
safariwest.com,normal.alexa,0
benefik-phyto.com,normal.alexa,0
spiderpos.it,normal.alexa,0
ellk.ru,normal.alexa,0
mywheels.nl,normal.alexa,0
newavhome.com,normal.alexa,0
eaz4ihxwt4toqe4.net,,1
ifsqn.com,normal.alexa,0
ratownictwo.opole.pl,normal.alexa,0
freekdownload.com,normal.alexa,0
tffvow.net,,1
lovecosmetic.net,normal.alexa,0
viralporn.com,normal.alexa,0
flaschenbauer.de,normal.alexa,0
filmezz.eu,normal.alexa,0
ummytkopxckr.xyz,,1
wtuqqpxuytye.ru,,1
matsuyama.co.jp,normal.alexa,0
qyylidghiza6j.com,,1
playerdue.com,normal.alexa,0
biglawnewsline.com,normal.alexa,0
tddpub.net,,1
auntyacid.com,normal.alexa,0
yuarpnbpjlckpdrnu.com,,1
fidesz.hu,normal.alexa,0
6444bef28843026e17ed983d3b72cde7.info,,1
77mugf1sf5c41inyi73bplnov.org,,1
qbiipkmvoxmaberig.net,,1
deluxeblogtips.com,normal.alexa,0
ftnusn.net,,1
subcrh.ws,,1
qsdjbcqsgjbhgqnfdbmcifeuam.ru,,1
tripadvisor.com.pe,normal.alexa,0
thinknice.com,normal.alexa,0
bizdb.co.uk,normal.alexa,0
zxiqllaabettingk.com,,1
nordby.se,normal.alexa,0
cbfchgfqxmqt.com,,1
evenues.com,normal.alexa,0
tehranpakhshmobile.com,normal.alexa,0
itpsolver.com,normal.alexa,0
nghotels.com.tr,normal.alexa,0
fulekesnjwdqd.info,,1
ssyoutu.be,normal.alexa,0
shingakunet.com,normal.alexa,0
vojyjef.com,,1
brightwater.ie,normal.alexa,0
fzddorcajanunal.com,,1
rpfxfxuptrfmtshu.info,,1
denzeaaqlnjhebipfexavcfifebi.info,,1
showtimeanytime.com,normal.alexa,0
70ec57c6deee7e1f0b9bebc2bc5f23ba.info,,1
kihnrzkcp.net,,1
dawslcqxsxqwfuifjfibqotxc.ru,,1
gpeasy.com,normal.alexa,0
jdquanerraticallyqozaw.com,,1
solamententv.com,normal.alexa,0
vrwntryonejthujp.biz,,1
floorcelebratesuckpersuade.com,dga.matsnu,1
aamizotw.cc,,1
stxblrfbspjbquwfz.net,,1
box6vol6jsxy.net,,1
icomedytv.com,normal.alexa,0
pulsephase.in,normal.alexa,0
candys.in,normal.alexa,0
mtiwotiwmtya.org,,1
mtvkney.eu,,1
mbgjvjmot.com,,1
nowandfutures.com,normal.alexa,0
17dvbmviy9m5qgye7ih1n3u36y.com,,1
soopage.com,normal.alexa,0
mrokhumtvnvs.com,,1
exittheroom.de,normal.alexa,0
tv-ark.org.uk,normal.alexa,0
connectis.be,normal.alexa,0
wibibi.com,normal.alexa,0
fifthsun.com,normal.alexa,0
ofsoqihab.ddns.net,,1
aiwaspb.ru,normal.alexa,0
mfomdjomuxjtkumfi4.com,,1
zspbweeeekla.com,,1
ln5wbfzd7gagr4fa.com,,1
kmdhy.com,normal.alexa,0
senneo.net,normal.alexa,0
123haody.com,normal.alexa,0
mmsscy.com,,1
hqwqna.com,,1
81en45y701iv.org,,1
cslesagabardinedazyx.com,,1
xvxziologistbikerepil.com,dga.banjori,1
woodlandimport.com,normal.alexa,0
ohxorpugrledo.net,dga.cryptolocker,1
bidaway.com,normal.alexa,0
srilankanrecipes.info,normal.alexa,0
mjrpsyocinxlftr62.com,,1
literaturepretendconsult.com,,1
gridline-construction.com,normal.alexa,0
mstonekr.com,normal.alexa,0
stou.ac.th,normal.alexa,0
lvklfgn.com,,1
sjz.gov.cn,normal.alexa,0
zulip.org,normal.alexa,0
passionegourmet.it,normal.alexa,0
hasznaltalma.hu,normal.alexa,0
tkdtqswcwljtftsofwzpdq.ru,,1
fizcifrage.net,,1
hepatitisctreatment.homestead.com,normal.alexa,0
myoutdesk.com,normal.alexa,0
uwritrxorhsnn.com,,1
obbamnhfawghaluzorijrgvmzuc.biz,,1
kamugundemi.com,normal.alexa,0
nugytppfyotsugeaagma.ac,dga.necurs,1
kfxguuvsibpuaueqhpdal.ru,,1
cvmsssaujopa.org,,1
dnh.nic.in,normal.alexa,0
mamejyt.info,,1
prrqsldpcaltdry.com,dga.cryptolocker,1
turuz.com,normal.alexa,0
somcriolo.net,normal.alexa,0
saludterapia.com,normal.alexa,0
yvy4k47830ab12sjcr1nati.ddns.net,,1
fygvk47lwnwatluptmrjwhthyh14oqa27pt.ru,,1
birkenhof-brennerei.de,normal.alexa,0
8ea8df04789c0ff65a6e4a723586b47b.info,,1
arkahost.com,normal.alexa,0
wellbeautyblog.com,normal.alexa,0
kcmafbcbbbfdkaaf.co,,1
desktoplightning.com,normal.alexa,0
poekmocuxifer.ddns.net,,1
kurtgsm.com,normal.alexa,0
veltevreepark.com,normal.alexa,0
zk21.com,normal.alexa,0
gojbienxivqd.com,dga.tinba,1
balian.jp,normal.alexa,0
w3p.co.in,normal.alexa,0
theteapartyleadershipfund.com,normal.alexa,0
information-facts.com,normal.alexa,0
boxsocialbookmark.com,normal.alexa,0
fdusrrmlbsayrc.com,,1
phpmatrimonialcode.com,normal.alexa,0
opendatastructures.org,normal.alexa,0
tantek.com,normal.alexa,0
zuzhirenshi.com,normal.alexa,0
dianying.fm,normal.alexa,0
wpju0492qx3m1gumyiwwtxx8h.com,,1
4orhsienw3ygv.net,,1
ns1.dnsfor4.biz,,1
datalclyxez.top,,1
uipgtopen.info,,1
porn77.info,normal.alexa,0
1ng2fx2lmh80q6wfelme9oax2.org,dga.post,1
gwhvvsncg.net,,1
butybox.com,normal.alexa,0
xemtaivideo.com,normal.alexa,0
omegawatches.co.kr,normal.alexa,0
tolpa.net,normal.alexa,0
dptevbqxkrpk.com,,1
ydrsxfurggdwkeaxfydqjbifjn.com,,1
s5a35c8e4ca3abda973348508f10262da4.to,,1
lmkocwrswtsyysvw.nu,,1
r08n1imcggot1kb866drp913h.com,,1
austinchronicle.com,normal.alexa,0
pbashvhkut.org,,1
mandirisekuritas.co.id,normal.alexa,0
concentrix.com,normal.alexa,0
kfxquopfetdfemjeavodeuxg.ru,dga.p2p,1
funtys.com,normal.alexa,0
hps-worldwide.com,normal.alexa,0
567cb91df35f6c13b3b994964cba0e4a.info,,1
vwhlktxqrqrfvsq.org,,1
magdalenefleurette.net,,1
toolteam.de.com,normal.alexa,0
lcecwheqvxck.biz,dga.necurs,1
p87w24skwf5q8splgq15ab2g8.biz,dga.post,1
fzkxjllpfh.info,,1
hilwobyzdvgauofnrxwkzswyprgov.com,,1
weatherwithout.net,,1
aberity.top,,1
pdfsdocuments2.com,normal.alexa,0
bmfbovespa.com.br,normal.alexa,0
hdkinomir.com,normal.alexa,0
parelstudio.com,normal.alexa,0
whjinen.com,normal.alexa,0
f922ziip9phwhih.com,,1
fotoplus.pl,normal.alexa,0
zirhtvrhgdco.net,,1
hugvsukwktorklcinfhkrifpr.com,,1
wobenben.com,normal.alexa,0
cqwxhvhosimevk.com,,1
freenaturalnudes.com,normal.alexa,0
smartmarine.co.nz,normal.alexa,0
stepshopsetoilcommitappeal.com,,1
zukylox.info,,1
sallymann.com,normal.alexa,0
fxjknynxhpgywb.in,dga.necurs,1
925.cc,normal.alexa,0
sokwmsqmowwykkoa.org,,1
appsfan.org,normal.alexa,0
closeoutcentral.com,normal.alexa,0
magicmovies.xxx,normal.alexa,0
62.com,normal.alexa,0
zelist.ro,normal.alexa,0
viralnewstrend.com,normal.alexa,0
juvlvvwodx.com,,1
bredow-web.de,normal.alexa,0
fuuvchezdbqsovcxciqgtmzdeq.info,,1
mhhe.com,normal.alexa,0
popcrunch.com,normal.alexa,0
linneanet.fi,normal.alexa,0
fe.esy.es,normal.alexa,0
gospotcheck.com,normal.alexa,0
okkfmcbblfndnema.website,,1
dwa.gov.za,normal.alexa,0
16a24ff803221432ccaaf3924a3cab8a.cz.cc,,1
online-share.ru,normal.alexa,0
eqvvfordlinnetavox.com,dga.banjori,1
nfidqidhxxpd.com,,1
theplasticdiaries.com,normal.alexa,0
jtgcbbj5utnrnmgzfz.cn,,1
kysrrwchbo.com,,1
arizonainfotech.com,normal.alexa,0
knkahiuhdgvshhu.biz,,1
parmissseir.ir,normal.alexa,0
nqhulpxpsqsssxn.net,dga.murofet,1
topword.net,normal.alexa,0
kla83zv3tw5wx0is.com,,1
xfyyshdc.com,,1
bankireview.ru,normal.alexa,0
nguoinoitieng.net,normal.alexa,0
artsjournal.com,normal.alexa,0
mtechuae.com,normal.alexa,0
energyfromshale.org,normal.alexa,0
10osho91lhzotr1cwyppl1cubmzs.net,dga.post,1
xn4mrzk3g4frhzah.cf,normal.alexa,0
khm.at,normal.alexa,0
applicantstream.com,normal.alexa,0
gigaset.net,normal.bambenek,0
lfphmemrmfpbsgkfdqrsheada.biz,,1
a9hongfange.com,normal.alexa,0
ns1.dnsfor14.org,,1
hujbipvkzjfmzcivwizqcltd.ru,,1
idcf3193d9711bc2b846bc477169a7788e.cc,,1
c9494e8ecaf1e5cfe63e355ceab31e82.co.cc,,1
xmjmtxrksslgjk.tj,dga.necurs,1
ullkbmi.info,,1
edotntexplorre.info,,1
fyaohqkpcg.com,,1
ciwazam.info,,1
dk1024.info,normal.alexa,0
zombiefan.ru,normal.alexa,0
bcfqpnm.eu,,1
rlcfiologistbikerepil.com,,1
fxbyepictom.com,dga.banjori,1
cesucameeqwocekc.org,,1
axudjnejlwjpwnfw.com,,1
192iy0a1lacj4amccupu1r04n4m.com,,1
performancehealth.com,normal.alexa,0
upel.edu.ve,normal.alexa,0
qmauoo.com,,1
spaghetti-interactive.it,normal.alexa,0
bntkxpxddyzu.net,,1
bodybyscience.net,normal.alexa,0
ispoenhancedysb.com,,1
bravo-archiv.de,normal.alexa,0
overseassingaporean.sg,normal.alexa,0
be3db63f3d054a7ff78fbd03e49b072e.org,,1
18j7u4g5k8fgz1qdc9t51r7i00w.org,,1
game-maker.ru,normal.alexa,0
ihs.org,normal.alexa,0
firstbgg.com,normal.alexa,0
layergetadobeflasph.co.uk,,1
centeroncongress.org,normal.alexa,0
hardindiansex.com,normal.alexa,0
cxihcts.com,,1
dfldsdt.de,,1
lyricskpop.com,normal.alexa,0
alfabrick.ru,normal.alexa,0
lovehotel-navi.jp,normal.alexa,0
xjfzpqcdyqivbiuvcdachyds.ru,,1
cwghxzycywuqjcral.com,,1
dorax.eu,dga.simda,1
armianazerbaijan.com,,1
gzhu.edu.cn,normal.alexa,0
hub3omxk7qjbzore.org,,1
sfdcpoint.com,normal.alexa,0
tims.tv,normal.alexa,0
lzfsrsensinaix.com,,1
femhype.com,normal.alexa,0
xeandapuepr.ddns.net,,1
otajobi.com,normal.alexa,0
pornstarselection.com,normal.alexa,0
senado.gov.br,normal.alexa,0
edudatos.com,normal.alexa,0
soccerstar.com,normal.alexa,0
ld9orxpfiuyh5kkp.com,,1
1jnm2vcfeq7zm1c8chog9zg2iy.net,,1
getrefe.com,normal.alexa,0
vinhomescentralpark.info,normal.alexa,0
mafvuxso.ru,,1
olmr0p678lej.net,,1
nugyvyypcwdoyr.bit,,1
ecovias.com.br,normal.alexa,0
kxcngxkvqbg.ru,,1
hiphire.co,normal.alexa,0
inwhgftuyxny.com,,1
dotntexplorere.info,,1
vwgtugntnyxiak.net,,1
gamesberry.com,normal.alexa,0
kzxrovyhgxcceceyhqhakzhegqai.ru,,1
hostingvirtuale.com,normal.alexa,0
countyoffice.org,normal.alexa,0
xllhidablyhoosieraw.com,dga.banjori,1
bofywot.info,,1
amtrakdowneaster.com,normal.alexa,0
itgroove.net,normal.alexa,0
wa-bms.blogspot.co.id,normal.alexa,0
fjebwvl.org,,1
bugwolf.com,normal.alexa,0
menu.az,normal.alexa,0
feedfront.com,normal.alexa,0
deservidores.com,normal.alexa,0
directfix.com,normal.alexa,0
deathsvertigo.com,normal.alexa,0
ctbuh.org,normal.alexa,0
mattblatt.com.au,normal.alexa,0
televisioncommentteamsharp.com,dga.matsnu,1
behrens-woehlk-gruppe.de,normal.alexa,0
wqvpsemitismgavenuteq.com,dga.banjori,1
qeiptbagalzpxmfqplnjnxtw.ru,,1
jrghx.biz,,1
bovotyf.su,,1
schoolssports.com,normal.alexa,0
xelvbf.com,,1
gzryum.net,,1
ylbsxdoqveyjob.net,,1
19bmqpkz43c8vh8tqnhn4nvov.com,,1
allegro234.net,normal.alexa,0
qmujmuy.info,,1
mcdonalds.co.kr,normal.alexa,0
actualways.com,normal.alexa,0
iidgfaum.com,,1
expert-earner.com,normal.alexa,0
heavenmodern.net,,1
gnrbgldgrejg.com,,1
framedistributemachinesubmit.com,dga.matsnu,1
znate.ru,normal.alexa,0
cedim.edu.mx,normal.alexa,0
jobsintech.io,normal.alexa,0
football-pr.com,normal.alexa,0
g8mxopyre0cnktqdg05.ddns.net,,1
yesasia.com,normal.alexa,0
gdglgklytdhqhjl.biz,,1
blackhatworldx.com,normal.alexa,0
sprayinstallcontributenetwork.com,dga.matsnu,1
njyq1wlj9c1vfo5.com,,1
tpjhhlwwnuguay.com,,1
markt-aktuell.de,normal.alexa,0
vboafd18a6qzqmk6al61nbgh6j.org,dga.post,1
thrive.place,normal.alexa,0
1jwfkqovy0lza1rvvnkv1kzdf8f.org,,1
edwardianball.com,normal.alexa,0
bloxcks.info,,1
internetrepublica.com,normal.alexa,0
imagencoco.com,normal.alexa,0
hensubindo.com,normal.alexa,0
11jkcnfiefz80fez99emupyzl.org,,1
n30n10bve21gsn40l58jwi25dzm69m19mtptisb48.com,,1
lutbynight.com,normal.alexa,0
rtzjwqxikcw.com,,1
hefdglxtwtby.com,,1
annees-laser.com,normal.alexa,0
ue127b9f6d4efeb93e37a24b5028a9ea09.hk,,1
itslovelyannie.com,normal.alexa,0
rentagreeballfinancebill.com,,1
saintmarys.edu,normal.alexa,0
bni.com.sg,normal.alexa,0
2f7bw41vvdrymfvcu1a54d7kz.net,,1
whute81r1tqhw4ivo0g.ddns.net,,1
gieldowy-wizjer.pl,normal.alexa,0
vpeerjp.dynserv.com,,1
dealsandyou.com,normal.alexa,0
shockbillwinwalkshowerlecture.com,dga.matsnu,1
ihgrefqdi.org,,1
ec5ji01h3cl8oao9pli3kdkvu.net,,1
geahbgabfndrkxz.com,,1
e-stat.go.jp,normal.alexa,0
ssloqe135omuukywisk500am5.org,,1
vdsl-tarifvergleich.de,normal.alexa,0
aekatowice.pl,normal.alexa,0
kulinar.bg,normal.alexa,0
qsqwbpfvl.info,,1
wanpeato.ru,,1
tlustezycie.pl,normal.alexa,0
suv-cars.de,normal.alexa,0
berkslibraries.org,normal.alexa,0
parvaz24.ir,normal.alexa,0
creasemplice.it,normal.alexa,0
aqwpwkjnz.com,,1
bbjfbyplaywobb.com,dga.banjori,1
ns1.dnsfor2.info,,1
learnhomebusiness.com,normal.alexa,0
xeocoqju.ru,,1
hattrick.cz,normal.alexa,0
qftwreeggbaqekmbm.net,,1
imprimalia3d.com,normal.alexa,0
sehqomocsebqrrulh.com,,1
mycasebuilder.com,normal.alexa,0
lesieur.name,normal.alexa,0
abnews24.com,normal.alexa,0
xrubsb166xchz1rxu0onwybjj.biz,,1
tgzedowbj.com,,1
jkwvkqmktvjpzrrq.com,dga.murofet,1
1nkf3a45nelojx0nrrck800sj.org,,1
onemediasales.nl,normal.alexa,0
yektakala.com,normal.alexa,0
moviecityplay.com,normal.alexa,0
brandseye.com,normal.alexa,0
rugby.it,normal.alexa,0
fsuruqcodsv.net,,1
xceomawafnc.com,,1
7ibdn5oj3u2b8uy7oc130l3y5.net,,1
yaeiiwoomgymsiea.org,,1
oho7eds60wotjtbl.biz,,1
ceivxuedwexoe.ddns.net,,1
golanaliz.com,normal.alexa,0
voyalifecustomerservice.com,normal.alexa,0
186wjnhlbrljp1ayatyhipn1pt.net,,1
okmwjpp.net,,1
tjsusatformalisticirekb.com,,1
ucohedunxuob.ddns.net,,1
daomopigdecun.ddns.net,,1
572e1e752e41c7d48eb6ff7ec8e1ff27.cz.cc,,1
rjsepuwncwak.com,,1
plintron.com,normal.alexa,0
twmkwepevso.com,,1
nadysha.ru,normal.alexa,0
edision.de,normal.alexa,0
hjfxrasildeafeninguvuc.com,,1
8wrzu91760n8azkx01pv6ad0.org,,1
47sdlmbi027l12uadmh3xglu3.biz,,1
dn5h2finkhlb36vbxr1cpssf7.com,,1
lxpkrxwqp.com,dga.ramnit,1
thejackalofjavascript.com,normal.alexa,0
naperville-lib.org,normal.alexa,0
udsdropship.com,normal.alexa,0
kmpcanerraticallyqozaw.com,dga.banjori,1
tm00.com,normal.alexa,0
933278.com,normal.alexa,0
pinoylottoresults.com,normal.alexa,0
1gmuc4bhz2w3gwzfbpz1e2wwrf.com,,1
xamxtwxwkhugehojqkxlx.com,,1
fxpwanerraticallyqozaw.com,,1
11is2zo1u0l7zrjgt0n135mwv4.org,,1
qcdeealimidflyab.eu,,1
madeincorporate.com,normal.alexa,0
mdt8ed7qydr1ygbgs7.com,,1
olorergrwbm.com,,1
yyoytlghand.com,dga.ramnit,1
1y50ore1sqn19q865u9fhwdqf.net,,1
becomingmartha.com,normal.alexa,0
fishingaccuseapplypractice.com,,1
calculette.com,normal.alexa,0
1ny1m6817g18b89xt53sri2j8e.org,dga.post,1
centraldeoportunidadesonline.com,normal.alexa,0
mochcckvjfboxocjjpf.com,,1
mpfa.org.hk,normal.alexa,0
xsoysqrlmjotovn.com,,1
nryrvl1684ohj9iplu21gli5rn.net,,1
csqdewsjsl.com,,1
wpwmhfpuhfxdsnbf.sx,,1
obzahqc.net,,1
1e8b78979puykbqd5kd13ftaa.com,dga.post,1
powersyncjt.tmall.com,normal.alexa,0
fourstateshomepage.com,normal.alexa,0
maxiptc.com,normal.alexa,0
robbotube.com,normal.alexa,0
unicommerce.com,normal.alexa,0
afajgvcnm.ru,,1
ezqshutpukx41q1ent91go9ox2.com,,1
atlantalightbulbs.com,normal.alexa,0
rgetadobeflashpleay.net,,1
jyhdbmvdekylhbkn.com,,1
elmwoodreclaimedtimber.com,normal.alexa,0
zxc51m5vwdo46cpf.net,,1
whl2s71ogs0rnddpsa519tnv5n.org,,1
btxomhtypgfkvebhx.com,dga.ranbyus,1
sadmatanza.com,normal.alexa,0
portaldemarcas.com,normal.alexa,0
hitchcraftdating.com,normal.alexa,0
lrclererwyatanb.com,dga.banjori,1
foecvariapkeveg.ddns.net,,1
drwholdings.com,normal.alexa,0
sagami-wu.ac.jp,normal.alexa,0
naafomaxogm.ddns.net,dga.symmi,1
mysqlya.com.ar,normal.alexa,0
negmhlm.info,,1
boogie-night.com,normal.alexa,0
techview.me,normal.alexa,0
fbqyinalcentricem.com,,1
pmcircles.com,normal.alexa,0
vdi.de,normal.alexa,0
7d03fe84cf0fa4bda9d0686710d5eb9d.cz.cc,,1
lingeriediva.com,normal.alexa,0
discovermymobility.com,normal.alexa,0
2xv5ozqokw.com,,1
kusisyogmyscikqc.org,,1
novembroazul.com.br,normal.alexa,0
ucqccegoku.org,,1
dilgtgdyeyjgplr.pw,,1
vg-news.ru,normal.alexa,0
snapsext.com,normal.alexa,0
fqvgdup.top,,1
rockprogressive.it,normal.alexa,0
sportsbookreview.com,normal.alexa,0
rbbkhtxfbesjeaizdp.net,,1
svtmbqct.cx,,1
imgknfgk.biz,,1
seamusic.ir,normal.alexa,0
1ujr8q758n1fd138c0eq1i7y7zi.net,,1
ielove.jp,normal.alexa,0
xkyzzwamv.net,,1
adbrmcqcxnmwoyekfluli.org,,1
gwtbfbmwknderlrvs.in,,1
3lgisf1gnz45f10z9khoy5s1aa.net,,1
bieaksqgz6jqdztm.info,,1
alltechvilla.net,normal.alexa,0
cueris.com,normal.alexa,0
coolinfographics.com,normal.alexa,0
learnspanishfeelgood.com,normal.alexa,0
wxqqexsqhpocids.com,,1
psdfinder.com,normal.alexa,0
afaywmnvvymqyzwhfvqsvzj.net,,1
jtpgrroogyythongx.com,,1
u53cy33cy4ae.com,,1
kfymwuscjwgbfrnnhe.to,,1
gkssnclinklh.com,,1
espantube.com,normal.alexa,0
d7b0a2dd67f9ecd59e5c465a5b20f6ce.info,,1
nugwozve.ru,dga.pushdo,1
vbuhlql.info,,1
uiqtutjkvarte.org,,1
6zglivclmzwp.org,,1
multicine.com.bo,normal.alexa,0
ulvomppudji4vjbfoqkfx56n.biz,,1
bjqwkgpahjdpem.com,,1
design-seeds.com,normal.alexa,0
icdn.pro,normal.alexa,0
mwilbhjnftwewxgb.eu,,1
avmgsg.mooo.com,,1
univers-animei.com,normal.alexa,0
prebid.org,normal.alexa,0
axefogkiwo.ddns.net,,1
zoo.org.au,normal.alexa,0
0tmvkhuvohmn.com,,1
jicrixpgfqqw.com,,1
promobrasil.com,normal.alexa,0
kzdduyyql.cc,,1
walletsbagsforsale.com,normal.alexa,0
xzlzhknmrpfaqwwozaehpshy.ru,,1
mwyiecoxbqd.com,dga.ramnit,1
facilcloud.com,normal.alexa,0
apyarbooks.club,normal.alexa,0
tribulant.net,normal.alexa,0
seomax.cz,normal.alexa,0
itacare.com.br,normal.alexa,0
q4a0etg4k6cx3fq.ddns.net,,1
astroworld.es,normal.alexa,0
infinebalance.com,normal.alexa,0
twilight3g.com,normal.alexa,0
teentinytits.com,normal.alexa,0
pfl-now.com,normal.alexa,0
aairfp.com,,1
vudqtodtb.net,,1
firstpagehq.com,normal.alexa,0
gratissoftwaresite.nl,normal.alexa,0
principleformac.com,normal.alexa,0
9f0e90730c761c7cc45096211872f235.org,,1
coloringpageskea.tk,normal.alexa,0
puxnufig.ru,,1
goldnstone.com,normal.alexa,0
netmozi.com,normal.alexa,0
cheapbids.co.uk,normal.alexa,0
1c81475b94318081819bb8c61f619a91.co.cc,,1
3x2hszfkst9z.com,,1
bffnpponuxwc.com,dga.tinba,1
9h4opzlfsxp.net,,1
mnogo-raboty.by,normal.alexa,0
ap.nic.in,normal.alexa,0
meuisaavw.co,,1
i6a23lg6qpu81nc8a23tsto.ddns.net,,1
linuxtiwary.wordpress.com,normal.alexa,0
delonghi.co.jp,normal.alexa,0
tmdwqwzxp.com,,1
vip-gclub.com,normal.alexa,0
1sjebqo1fn9q72d3qw5z3cqtz4.com,,1
joneswalker.com,normal.alexa,0
cfaponcxizo.ru,,1
gfgmmcscjljcczbduxesmh.net,,1
universe-tss.su,normal.alexa,0
signbrainpoundoccasionwalk.com,,1
mailbox.hu,normal.alexa,0
1bj0bkm133d96l1tnp68e1t62lgg.biz,,1
purpleheartpickup.org,normal.alexa,0
1g3zua81g4x50a1ptfwnjm5se5.org,,1
tubestack.com,normal.alexa,0
livingonadime.com,normal.alexa,0
badestadt.de,normal.alexa,0
loudfind.com,normal.alexa,0
sujonhera.com,normal.alexa,0
finecobank.it,normal.alexa,0
brothermarkbendprayfinish.com,,1
reliancemedical.co.uk,normal.alexa,0
decoplanet.ie,normal.alexa,0
r4ph04l4iqecks9ifk3k1388.org,,1
aoszqaiq.info,,1
qxpaeddywu.com,,1
internetkultur.at,normal.alexa,0
asu.lt,normal.alexa,0
vvrcxcfamjgkc.ru,,1
ltb7s91qfoy8ddczwntcolvax.biz,,1
bdmbkemkmckbeaak.website,,1
ztcfmttsuxfjjusoyoxeh.org,,1
dsbgedeepxla.info,,1
ktm-bikes.at,normal.alexa,0
cyclopsadventuresports.com,normal.alexa,0
ilewetdbqxwwotpdz.net,,1
qgxgdyrwuwtwnftizcmzlfmkrlz.ru,,1
berlinclubs.com,normal.alexa,0
udkrbrejkuwnpgmx.eu,,1
zbybleasuredehydratorysagp.com,dga.banjori,1
sknkulqcxfhvbhr.info,,1
smarterlife.pl,normal.alexa,0
urbansurvivalsite.com,normal.alexa,0
incentfit.com,normal.alexa,0
zhangchenghui.com,normal.alexa,0
atonkstail.com,normal.alexa,0
uzxb7l18a0ef4y3qsftrbk3vs.com,,1
osrdgrptvtgix.biz,,1
boxofficeaberdeen.com,normal.alexa,0
giipmeerfauxva.ddns.net,,1
souschef.co.uk,normal.alexa,0
chicasgames.com,normal.alexa,0
toqwenwntqkhpixymsycmt.org,,1
unjueylwhfhbag.pw,,1
dekjkzvcojyhhqeinxkukovvwnfjf.org,,1
8le7o12b0lqr.org,,1
volga-tv.ru,normal.alexa,0
windsorcakecraft.co.uk,normal.alexa,0
permisapoints.fr,normal.alexa,0
spg4oz34ihoz1vhx2fl2fcbqq.org,,1
sirris.be,normal.alexa,0
rajshahieducationboard.gov.bd,normal.alexa,0
monsternaukri.com,normal.alexa,0
loandecisions.com,normal.alexa,0
rgetaedobeflashplay.co.uk,,1
foxdyabktcvvevaxkewidncx.net,,1
16beyond.com,normal.alexa,0
jc8bcd20a8784e16195b49b91dbb6f751b.ws,,1
mqydnyzrmicd.com,,1
fokeluz.info,,1
jgjuomkxii.net,dga.conficker,1
sapeople.com,normal.alexa,0
qngukoqlyfssyoeq.org,,1
cieaoyouamowaqig.org,,1
fairfirst.net,,1
netdenegnakino.ru,normal.alexa,0
fnosohorci.info,,1
lfcf76d8ccc361d83ac8b926c5e29e9ba9.so,,1
ncqbpxalxkkmpy.me,,1
winka.net,normal.alexa,0
vqhqrzgwoy.dynserv.com,,1
mdcwotiwmtya.com,,1
kickasssisters.com,,1
wxopqtpafbpcvqktnmbi.com,,1
ynhqecetcmpbfaymf.net,,1
championshipboxenjoybone.com,dga.matsnu,1
budaev.ru,normal.alexa,0
toplist.eu,normal.alexa,0
mueblesarria.com,normal.alexa,0
zhonqi.com,normal.alexa,0
chungcugoldmark-city.com,normal.alexa,0
gogobus.it,normal.alexa,0
dieta-forum.pl,normal.alexa,0
gkkopnpzhcr.net,,1
roundshot.com,normal.alexa,0
8wydnzz4rkon1m8dolbpat0cu.biz,,1
gfjksrixwwxp.com,,1
ccbalbdbdmdaclad.com,,1
rombautimmo.fr,normal.alexa,0
wsnewspublishers.com,normal.alexa,0
mhaxozltmbspskpalfjnprg.com,,1
usi.edu,normal.alexa,0
ehntroroo.com,,1
labeauteparisienne.com,normal.alexa,0
embed-movies.com,normal.alexa,0
h3l0tfsbvego2bbf.com,,1
everybasket.com,normal.alexa,0
camara-e.net,normal.alexa,0
mklwkjnhrdpfppplt.in,,1
craftsman.com.tw,normal.alexa,0
zmogria9nr.com,,1
paid4clicks.com,normal.alexa,0
disisizazim.eu,,1
patriciadelicias.es,normal.alexa,0
jarjvddjzqrmnepeqwd.com,,1
celijcuiwcymao.info,,1
mondoarmi.it,normal.alexa,0
vgf68zbcm7w78i5rrsrblsox.biz,,1
surfearner.com,normal.alexa,0
gtyxjafyhkb.info,,1
siegessaeule.de,normal.alexa,0
fallout4.com,normal.alexa,0
nzu3ag118bz3015c1of7g14do2.org,dga.post,1
gioneetuanjia.tmall.com,normal.alexa,0
amscope.com,normal.alexa,0
tpzuanerraticallyqozaw.com,dga.banjori,1
cenabiznesu.pl,normal.alexa,0
davary.com,normal.alexa,0
writingcash.com,normal.alexa,0
ocxagmoak.info,,1
fultoncourt.org,normal.alexa,0
ypsqhn.com,,1
monerosfutboleros.com,normal.alexa,0
lapetitecuisinedenat.com,normal.alexa,0
buku-mimpi-togel.com,normal.alexa,0
pcdapension.nic.in,normal.alexa,0
soft-release.com,normal.alexa,0
huruedohak.ddns.net,,1
qllnnfrcabtnfj.co.uk,,1
hamad.qa,normal.alexa,0
123fans.cn,normal.alexa,0
forum-lemondeduquad.com,normal.alexa,0
rirnxicxqim.com,,1
zerobulletin.com,normal.alexa,0
informe.org,normal.alexa,0
moya-planeta.ru,normal.alexa,0
oblikon.net,normal.alexa,0
69f871e1c44cbe424baed7106f5577af.co.cc,,1
layerpainreadyownpersuade.com,,1
marlinmag.com,normal.alexa,0
chocolat-gourmandises-expo.com,normal.alexa,0
wfumqnazpcqkhsxi.org,dga.qakbot,1
reseau-chu.org,normal.alexa,0
wamydrl.info,,1
pragueairport.co.uk,normal.alexa,0
mvodibg5qbgt.net,,1
v484d1bdqnqr14pz6jl1ouofne.net,,1
qekusagigyz.eu,,1
gjsbydmrpfzsmnfiu.net,,1
zxsgxsfox.cc,,1
szttqcyp.tmall.com,normal.alexa,0
pmeatspbuhka.co.uk,,1
novavizia.com,normal.alexa,0
qzhzcc.info,,1
wicgofic.ru,,1
funsland.ir,normal.alexa,0
projecttriforce.com,normal.alexa,0
santehpremium.ru,normal.alexa,0
udoulojsckv.com,,1
kantoleague.net,normal.alexa,0
vamosreceber.com.br,normal.alexa,0
pjlrmrtrbmptbmbilnvtchyeyov.ru,,1
akcwxmqhkmelvktni.net,,1
quicklubesupply.com,normal.alexa,0
nyoozflix.com,normal.alexa,0
airfaresflights.com,normal.alexa,0
hplayergetadobesfla.net,,1
utglcd30gfq6shg.ddns.net,,1
m7c199811247fef5e87d7990ab2eb83732.hk,,1
ooxaaoktsjiialcat.com,,1
ctjgducr.click,,1
bmfkcffadblfddfb.co.uk,,1
unimi.it,normal.alexa,0
correiobraziliense.com.br,normal.alexa,0
eflashplbayergetado.net,,1
navabharat.org,normal.alexa,0
simyke.tmall.com,normal.alexa,0
pssdss.com,normal.alexa,0
isguifiv.ddns.net,,1
5cxes1mkcqgj62t23k.biz,,1
tipwin.com,normal.alexa,0
k2lr1hs1kw1gureul51mswkle.com,,1
housedsgn.com,normal.alexa,0
13tsgt615kv37kp1izlbidsa1.com,,1
cagirjfgcti.work,,1
fenurohg.top,,1
techawakening.org,normal.alexa,0
plissescreen.com,normal.alexa,0
knightfrank.ru,normal.alexa,0
tuqoqaft.ru,,1
1pvxtf0hu8k4iv2i0021xnmmjn.biz,dga.post,1
valdarnopost.it,normal.alexa,0
vdlcosmetics.com,normal.alexa,0
yqkktqdzii.com,,1
ic813dfaf95f1559af4aff29ec8a758ec3.hk,,1
integra.com.pl,normal.alexa,0
umuc.edu,normal.alexa,0
apkc8wnktl79xjmk.ru,,1
pshxxasxtkieai.pw,,1
hybsxqvk1u7g.net,,1
planungswelten.de,normal.alexa,0
jornadadodinheiro.com,normal.alexa,0
ajtazcjvce.com,,1
gratisjugarjuegos.com,normal.alexa,0
exgttkdilkfj.co,,1
auckland.ac.nz,normal.alexa,0
carrentals.co.uk,normal.alexa,0
gracery.com,normal.alexa,0
adqube.com,normal.alexa,0
baobdeimem.ddns.net,,1
cnrtitvopbvas.com,,1
phauthuatthammyhanquoc.com,normal.alexa,0
columbiaspectator.com,normal.alexa,0
kscblppdgbue.pw,,1
c959mz5aolbx.com,,1
wjfcrvyrqbjnl.com,,1
jvxbfs.com,,1
ogqygkggaismeaao.org,,1
tsjeqafox.org,,1
dtxuoddvvgjd.com,,1
readymadeb2bscript.com,normal.alexa,0
achievement-s.com,normal.alexa,0
alphareadingcenter.com,normal.alexa,0
economypersuadehidecashdesign.com,,1
uzwxmfw5mzch.top,,1
edotntexrplore.info,,1
reseau-tee.net,normal.alexa,0
ns1.backdates3.biz,,1
tulrnaa.xyz,,1
decisionnews.com,normal.alexa,0
bzprarr.biz,dga.conficker,1
mgakna1k2lsfg15qy3fxp8921d.org,,1
promozioneacciaio.it,normal.alexa,0
xgsqljmoypxbflety.net,,1
qzkuliopfnuwpfefa.org,dga.qakbot,1
theantijunecleaver.com,normal.alexa,0
irzqqpuc.com,,1
rzkgrsensinaix.com,dga.banjori,1
enahmiopalufu.ddns.net,,1
adero.co,normal.alexa,0
wkylsjrw.tv,dga.kraken,1
fqyjjtmryvyojraj.eu,,1
ngadem.com,normal.alexa,0
strategysharpgradeorganize.com,,1
srxkiozjoufka3m.com,,1
sightshot.net,,1
androidflip.com,normal.alexa,0
icimdenyemekgeldi.com,normal.alexa,0
muyuxfbtm.me,,1
keshi.com,normal.alexa,0
jzhpoijdy.com,,1
haohunli.cn,normal.alexa,0
gunungsteel.com,normal.alexa,0
1cyhjf0irdq0n1ijfac2s7wy6l.net,,1
playergehtadobeflas.net,,1
hartodecarrefour.blogspot.com.es,normal.alexa,0
6407569113374922893_d1a48221d6d7e121d833bc5ea,normal.alexa,0
yerlidiziizlesene.com,normal.alexa,0
scxqvqassjkjdknbg.in,,1
nathajoz.ru,,1
hackthis.co.uk,normal.alexa,0
rvjwoajmooccvnjvlq.com,,1
edotnrtexplore.net,,1
yjcqhmx9hudii4h.com,,1
maxiomtech.com,normal.alexa,0
flier.jp,normal.alexa,0
gdynia.pl,normal.alexa,0
fndufvwes.pw,,1
anlatsin.com,normal.alexa,0
check-in-online.com,normal.alexa,0
aq.pl,normal.alexa,0
ns1.backdates1.com,,1
yyigq4ynyttqb.net,,1
siterentgen.com,normal.alexa,0
1hl0pdd19nr89b1uk5xou1c2nnj0.org,,1
leronashop.ru,normal.alexa,0
pavilioncreative.com,normal.alexa,0
gcpaellefrictionlessv.com,,1
szegedcafe.com,normal.alexa,0
kidotirr.ru,,1
fftmvtk.info,,1
noamxrhfxo.info,,1
cspgrqgij.biz,dga.conficker,1
coffeeisland.gr,normal.alexa,0
buysellinnz.com,normal.alexa,0
oaoyorw.info,,1
mlcmxeahuqvsnsjjklx.com,,1
camera.co.id,normal.alexa,0
qujianglou.cn,normal.alexa,0
xduteyu.info,,1
euailnxorwmjottxbqkzvkrkcyp.net,,1
nvvvgtduvkrk.biz,dga.tinba,1
wdpromedia.com,normal.alexa,0
tropicos.org,normal.alexa,0
amigaos.net,normal.alexa,0
fossforce.com,normal.alexa,0
unicefkidpower.org,normal.alexa,0
foxroach.com,normal.alexa,0
crynigermike.com,,1
btnproperti.co.id,normal.alexa,0
joombig.com,normal.alexa,0
programavida.com,normal.alexa,0
18j3ban9erhhrzt8.cn,,1
vidaxl.co.uk,normal.alexa,0
gxmjklimcgtpdysw.eu,,1
sd.org.ua,normal.alexa,0
onshopnow.com,normal.alexa,0
yopi.com.ua,normal.alexa,0
oaguk20i460u.top,,1
mabulut.info,dga.simda,1
gp6kyutuhll5sh8v.info,,1
bjflckrqsahhgxwfipz.com,,1
reponseatout.com,normal.alexa,0
xnxx.fr,normal.alexa,0
thuybehxgvsp.com,,1
warioworld.com,normal.alexa,0
hkvstar.com,normal.alexa,0
tgayuhydmhyvshxhhenveurc.ru,,1
2vo9ijgxu3k1.org,,1
kyguaisaidus.com,,1
mbjybommgnwntubnu.com,,1
francochinois.com,normal.alexa,0
gjniwbdlgqkkjp.tw,,1
xkfuabrkoyvgdk.cc,,1
modelecoiffure2014.com,normal.alexa,0
d972404c831946f7a533012de739a861e4.cn,,1
csp.qc.ca,normal.alexa,0
bicimarket.com,normal.alexa,0
yellowpagesbusinessdirectory.co.uk,normal.alexa,0
michelaescortasti.com,normal.alexa,0
mcmillanfirearms.com,normal.alexa,0
f4lueva0anurfbkexz7r4hhx.org,,1
plissee-experte.de,normal.alexa,0
vjtuww.eu,,1
gziptest.com,normal.alexa,0
nigerianfoodtv.com,normal.alexa,0
ablegrave.net,,1
htjbbxgnhbaqnrco.eu,,1
kctlhcykaafolncm.eu,,1
lokwannee.com,normal.alexa,0
storyaround.com,normal.alexa,0
glmnqplxkjrr.com,,1
msuniv.ac.in,normal.alexa,0
aumentarseguidores.com,normal.alexa,0
bupifutipy.ga,,1
cssstickyfooter.com,normal.alexa,0
forwardforest.net,,1
drct.gr.jp,normal.alexa,0
acnow.net,normal.alexa,0
hmgcdn.com,normal.alexa,0
gfyd50uterg4svg0kx1.ddns.net,,1
ttclrsensinaix.com,dga.banjori,1
whnsmlqiqnoorhrk.biz,,1
trisosny.ru,normal.alexa,0
nyerxgdpbnxpcs.me,,1
h1f4b28b34c908905ce23ea6e1ed126300.ws,,1
rgkfltdtqpqktemo.eu,,1
jazga.or.jp,normal.alexa,0
exitmonetization.com,normal.alexa,0
7fpiqbbhjkml1s42wvd1a0u1ju.biz,,1
macace.net,normal.alexa,0
shiawasehp.net,normal.alexa,0
girctopnwcpbjvhlkrlftolr.ru,,1
pasangkabelnya.blogspot.co.id,normal.alexa,0
zcxutl.mooo.com,,1
irely.in,normal.alexa,0
96mails.com,normal.alexa,0
dtop10list.com,normal.alexa,0
zrgpfnqqhrrvsmks.info,,1
qgnvctjycslfasvh.eu,,1
votpusk.ru,normal.alexa,0
oregonscientificstore.com,normal.alexa,0
movieplay.website,normal.alexa,0
dealplaza.fr,normal.alexa,0
selfieescorts.com,normal.alexa,0
softload.ws,normal.alexa,0
cqlm7vaw8ehvhargxr.ru,,1
720pizle.com,normal.alexa,0
celebs-porno.com,normal.alexa,0
mydailywallpaper.com,normal.alexa,0
xhukdihdehxllqgmjjzcejz.ru,,1
ifufnamreriw.com,,1
lix.jp,normal.alexa,0
hamkaranmfo.ir,normal.alexa,0
cbdogeamyf.ru,,1
wpzdizp.info,,1
12r83sp8vzp4r33npz.ru,,1
haoxiyou.com,normal.alexa,0
dangbei.com,normal.alexa,0
telanganaroundup.in,normal.alexa,0
lapcameraquan6.com,normal.alexa,0
thelibertineezine.com,normal.alexa,0
pxouwrrv.net,,1
lihit-lab.com,normal.alexa,0
ibearmoney.com,normal.alexa,0
mobigul.com,normal.alexa,0
ye30v01hc07dv1xj7dxq4x1ygl.net,,1
ywpwsikathrinezad.com,,1
up-tight.com,normal.alexa,0
wyodcgssas.net,,1
metro.ro,normal.alexa,0
salon-litteraire.com,normal.alexa,0
lyvixej.info,,1
maniadb.com,normal.alexa,0
rocioguerreroalarcon.es,normal.alexa,0
koorasudan.net,normal.alexa,0
bluenose.com,normal.alexa,0
i-office1.net,normal.alexa,0
pcriot.com,normal.alexa,0
universalrocks.com,normal.alexa,0
ofijebcpwda.com,,1
17u02fgh2ux5u1bvtrl4aezocm.com,,1
deic.dk,normal.alexa,0
rvtaddons.com,normal.alexa,0
zpllvinskycattederifg.com,,1
yurtyyvwyslu.info,,1
inta.cl,normal.alexa,0
kk18.com,normal.alexa,0
punchplaceplus.com,normal.alexa,0
xubexor.com,,1
thozqydd.com,,1
ns1.backdates6.biz,,1
factorioforums.com,normal.alexa,0
covencaucho.com,normal.alexa,0
ue3155bb1a0f6617c5a93293a103721f78.cc,,1
yhkfdexwjetwmw.tw,,1
oeswmi.com,,1
feyzih.blogspot.com.tr,normal.alexa,0
zufefmhavw.top,,1
lgfsm.tmall.com,normal.alexa,0
ersatzteile-info.de,normal.alexa,0
ns1.backdates20.info,,1
ogprnnsiaa.com,,1
7h61s71clzagjf9v.org,,1
africanleadershipacademy.org,normal.alexa,0
nnicsemitismgavenuteq.com,dga.banjori,1
doctoralvik.ru,normal.alexa,0
nspijaingxqjvmloztgfejttq.biz,dga.qakbot,1
ikmccy.org,,1
yutakadenki.jp,normal.alexa,0
uppi.it,normal.alexa,0
dotapyogatot.com,normal.alexa,0
advowire.com,normal.alexa,0
gjetznpj.com,,1
ashplayergetladobef.net,,1
p2rsdafsh6vo.org,,1
1y0jkq1qxys0n1wwwpre4eh7r7.net,,1
darahkubiru.com,normal.alexa,0
endate.dk,normal.alexa,0
f8tuj0xanolu.org,,1
emuwcqegusyqmqom.org,,1
ledinside.com.tf,normal.alexa,0
wg2iwfumrr5wmtceew.com,,1
diuwacmesusi.ddns.net,,1
eatnpark.com,normal.alexa,0
1bp7pak1rmyo0bu8cxaw1k7z42g.net,,1
kare.de,normal.alexa,0
partena.be,normal.alexa,0
agifpuznnqtrfkhu6.com,,1
pahuquigraipuk.ddns.net,,1
yqyuiqsqdjfaauyhxs.com,,1
soldu-ac.in,normal.alexa,0
kuesakimiyuqamuu.org,,1
qdanybkr.top,,1
vodivlydfmrfbmey.biz,,1
nox8f33n2tevr72oun.com,,1
msdgiygiagkaiu.com,,1
qiwyuiiugkeq.net,,1
yfupwpqb.com,,1
otziv.ucoz.com,normal.alexa,0
ad77fbffec3f77d2f36e5712d9da1e23.org,,1
kljopc127jonnkc9engl0227i.net,,1
kg46a71j2lhfd44tord1gixpir.com,dga.post,1
kvxayqultazaemmez.biz,,1
porozmawiaj.net,normal.alexa,0
cgytfjk.info,,1
ipdmqfkglymbbj.ir,,1
celebrationchartseemaddress.com,,1
iranmohajerat.ir,normal.alexa,0
importrusa.com,normal.alexa,0
mapcommunications.com,normal.alexa,0
jnouja.com,,1
ghwd1huxi2ev1vafahm.ddns.net,,1
nhwvfkkqlytidcoyk.su,,1
phtensdmpawfuke.click,,1
culiandoxxx.com,normal.alexa,0
xxxeven.com,normal.alexa,0
suriaresorts.com,normal.alexa,0
arkena.com,normal.alexa,0
bizcn.com,normal.alexa,0
memberinfos.com,normal.alexa,0
pjxgrasildeafeninguvuc.com,dga.banjori,1
mahuwzpajsn.net,,1
tadobeflaeshplayerg.net,,1
1rokv5vkhcshubbqkw.com,,1
fqwnlglpqnewjujl.biz,,1
4-moto.ru,normal.alexa,0
rgetadobeflasehplay.net,,1
fc85b536953e4c98292a9b2e8554827f.info,,1
jasa-infoterbaru.com,normal.alexa,0
wittchen.com,normal.alexa,0
xotyrrntiwrlpqh.biz,,1
payent.ru,normal.alexa,0
industriemagazin.at,normal.alexa,0
eflbashplayergetado.co.uk,,1
dbtrmerdee.org,,1
i9wt191pmknpwmecf511fdfl5a.org,,1
qwhudrcodyynqcqdaqoqjrds.org,,1
fueleconomy.gov,normal.alexa,0
minervacrafts.com,normal.alexa,0
dokuzuncubulut.com,normal.alexa,0
vklbuilders.com,normal.alexa,0
cmmaabeocmbbnfcd.net,,1
thebeatlesonline.co.uk,normal.alexa,0
mural.com,normal.alexa,0
bdvkietxwxjrt2.com,,1
krekyba.ga,,1
husbandoptionprintsugarroom.com,,1
banyo.pl,normal.alexa,0
wexaydcujlvcqpqkym.pw,dga.necurs,1
universalprinting.com,normal.alexa,0
ouwiowveg4geaial.ru,,1
aajtszwgija.mooo.com,,1
nujlgyj.yi.org,,1
carsimp.com,normal.alexa,0
homecitrus.ru,normal.alexa,0
namaj.eu,,1
oqrvitkf.info,,1
19jf509apq1i21pmktrm4q4vp8.com,,1
win10gadgets.com,normal.alexa,0
siteportal.com.au,normal.alexa,0
clubecommerce.com,normal.alexa,0
vszp.sk,normal.alexa,0
tukufeod.ru,,1
yebc992869b01ce38bc39a8ad5e1c81bc0.tk,,1
thecoveteur.com,normal.alexa,0
denemetr.com,normal.alexa,0
erhd3h2i3skrzw7w33.net,,1
xncuoefsldknm.co.uk,,1
ucyule.com,normal.alexa,0
wilsonpost.com,normal.alexa,0
nxqvtjyf.ws,,1
cxxlyrm.net,,1
workwebsite.ru,normal.alexa,0
howtogrowamoustache.com,normal.alexa,0
iqjua57ftg33bsjub48gtkso21g43jxg63p32ey.info,,1
pc-gamesdownloadfree.blogspot.com,normal.alexa,0
mskguru.ru,normal.alexa,0
e51ltpxa47dzg43cxmqn30osmwl58azpqlwcq.org,,1
videoredo.net,normal.alexa,0
gxwasfvvvkdggsai.com,,1
marketbeat.com,normal.alexa,0
alphaprint.com.br,normal.alexa,0
carmino.com.br,normal.alexa,0
wwmyukssswwicaau.org,,1
northdelivery.com,normal.alexa,0
nhbtmq.org,,1
qpedefirs.org,,1
lvxglmjngmxcucmausgqofornv.org,,1
soztdauclzmzvofyddmnzl.ru,,1
skakoeiq.biz,,1
soccerbar.cn,normal.alexa,0
sally.cz,normal.alexa,0
myropcb.com,normal.alexa,0
howiyya.com,normal.alexa,0
ckeufwxyvbmn.com,dga.tinba,1
plbzvinskycattederifg.com,dga.banjori,1
viaircorp.com,normal.alexa,0
0024info.com,normal.alexa,0
xspfqmwbdc.info,,1
isograd.com,normal.alexa,0
themakeupstatement.com,normal.alexa,0
dtest.cz,normal.alexa,0
xxxs41w3wrsw1hh4t736y2qlu.org,,1
onfancy.de,normal.alexa,0
sightthousand.net,,1
dvyzvinskycattederifg.com,,1
kumanovskimuabeti.mk,normal.alexa,0
jirupilk.ru,,1
sattaking.mobi,normal.alexa,0
oggipanesalamedomani.it,normal.alexa,0
1fxyl9lidujwk18voipy1ocvzu9.net,,1
aplikanologi.com,normal.alexa,0
kzzelwvrs.net,,1
qqb8ofsiye86yzzzav1nra4sp.net,,1
grupposanmarco.eu,normal.alexa,0
11dare41gjdj1i43cy8o1s4kj31.net,,1
youlube.net,normal.alexa,0
lima-verband.de,normal.alexa,0
prndancorml.com,,1
afececrkycbeyqm.com,,1
pfyzcidsmgq.net,,1
genuis-android.com,normal.alexa,0
ovoyflgcrmyvbbri.com,,1
toplumailing.net,normal.alexa,0
stronghold.ucoz.net,normal.alexa,0
mrjphovgxdmr.ru,dga.tinba,1
get4mobile.net,normal.alexa,0
xuhylcb.top,,1
dltqmvcc.com,,1
digimon-adventure.net,normal.alexa,0
nshyz4pubwpy.top,,1
roxbury.org,normal.alexa,0
limelightcrm.com,normal.alexa,0
xmltrust.com,normal.alexa,0
dpmrxdrijtyjkdqbb.me,,1
eiggwjfbr.tv,dga.kraken,1
mjbqgg.ws,dga.conficker,1
oqzkwqdidz.dyndns.org,,1
gfkkgxuvobgt.com,,1
worldwidecyclery.com,normal.alexa,0
pxkhtpyufnby.net,,1
deepseahits.com,normal.alexa,0
sculpture.net,normal.alexa,0
lovereading4kids.co.uk,normal.alexa,0
tordqsrwmfdyhidprtodyytqw.ru,,1
yoyogipark.info,normal.alexa,0
e-bay.ae,normal.alexa,0
wrrykmikgwkcoysvh.info,,1
sitosexy.org,normal.alexa,0
ooqjta.com,,1
lingvo.com,normal.alexa,0
neebgplc.cx,,1
dinuifkqcsbf.ru,,1
saotrucvn.com,normal.alexa,0
sicurauto.it,normal.alexa,0
scannermaster.com,normal.alexa,0
pingwin.co.il,normal.alexa,0
playatmcd.com,normal.alexa,0
7bd868c2dec2d7ac1f0b54a74ded4074.org,,1
breathtextweighsportlift.com,,1
autonovita.blogosfere.it,normal.alexa,0
show-live.net,normal.alexa,0
4rzagha2osnnd1nyko.ru,,1
wsdhjnkrizqkinhcetqkbiqkcajv.ru,,1
gendai-a.co.jp,normal.alexa,0
reidsguides.com,normal.alexa,0
filmsortiment.de,normal.alexa,0
fendercustomshop.com,normal.alexa,0
rhkogln.info,,1
egida-rm.ru,normal.alexa,0
vxipbtntfvswcq.pw,,1
123miweb.es,normal.alexa,0
repost-tokens.livejournal.com,normal.alexa,0
austrianopen.at,normal.alexa,0
proseriesgolf.com,normal.alexa,0
clutchdesign.net,normal.alexa,0
paysageweb.org,normal.alexa,0
chinapesticide.gov.cn,normal.alexa,0
lesutilesdezinette.com,normal.alexa,0
nyelec.co.kr,normal.alexa,0
newsmailmanager.com,normal.alexa,0
53anoq1ebh9voxwox0u5f1k08.biz,,1
papyrusonline.com,normal.alexa,0
fafgdeevpph.com,,1
shoproyalorient.com,normal.alexa,0
imagenobjetiva.com,normal.alexa,0
nyggkgngqd.com,,1
pchelpforum.com,normal.alexa,0
uetyayqmswldbdo.biz,,1
neb2c8bf83be9a00c096eb70eac34e5b22.in,,1
gtunopubcly3.org,,1
2c3550e9d08925b62cdd5d3ded5b9193.info,,1
anasigrotisi.blogspot.gr,normal.alexa,0
grdurbdleodvfetbwo.org,,1
boletannery.com,normal.alexa,0
shuajizhijia.net,normal.alexa,0
rhiqiologistbikerepil.com,dga.banjori,1
kireinaonee3.com,normal.alexa,0
eqhepuagored.ddns.net,,1
jerseyfsc.org,normal.alexa,0
scaniadrivergame.com,normal.alexa,0
lashplayergetfadobe.net,,1
mkecdmfnclfdadcm.org,,1
ln-jobs.de,normal.alexa,0
150m.com,normal.alexa,0
alp-itsm.ru,normal.alexa,0
hmhfrxsbvautmlcv.pl,,1
kf8b02e4443406abbc1095e86b989f9e83.hk,,1
micjozgo.ru,,1
nwlmdapwx.top,,1
ceweekly.cn,normal.alexa,0
1qpyznp9r089g18klyrapj8frl.biz,,1
my9.com.tw,normal.alexa,0
zoobnlxietowbwvru.net,,1
ebangzhu.com,normal.alexa,0
spzpcp.dyndns.org,,1
bshubkhmrs5a.org,,1
carrinhoemcasa.com.br,normal.alexa,0
ldnsestnessbiophysicalohax.com,dga.banjori,1
xblacktube.com,normal.alexa,0
allthingspaper.net,normal.alexa,0
ocfogaxnepufvf.me,,1
ekxedobsckxywidnq.com,,1
comfortvps.com,normal.alexa,0
php-mail.ru,normal.alexa,0
jseea.cn,normal.alexa,0
thisfeed.net,,1
declic-conseil.com,normal.alexa,0
persianstat.ir,normal.alexa,0
39c53918ae708ca480560c86575b9456.co.cc,,1
bello.com,normal.alexa,0
fa6pi1j2dffbj5y3ra.com,,1
dojrzewamy.pl,normal.alexa,0
onlinemovieshome.com,normal.alexa,0
mozjicvu.ru,,1
join-us.sexy,normal.alexa,0
db835dc60cd3e5ff2a22a21cc29f5d6c09.in,,1
tuxgfib.top,,1
engnet.co.za,normal.alexa,0
veteransholidays.com,normal.alexa,0
9942oc1jva.com,,1
real-bareback.com,normal.alexa,0
hgivomw.info,,1
rtxdqwkduesotd.in,,1
cwclypjarqurke.ru,,1
wonderzine.com,normal.alexa,0
mduwotiwmtya.info,,1
owxrgltkpwfqpj.com,,1
tpdr2v10swwcz19xz6bqekvknn.com,,1
tqxkbnjaoyonks.com,,1
1vqublz9mbyyb7v0wpmuldsjb.biz,,1
koqwisaf.ru,,1
imviptraining.com,normal.alexa,0
shopmerimeri.com,normal.alexa,0
k1ar8dm3wpqv.org,,1
giantt.co.kr,normal.alexa,0
koesalitydevonianizuwb.com,,1
gvnjplbgmwupllgah.cc,,1
gopxllhld.cc,,1
aferraneu.ddns.net,,1
bjxyewgfirurgwvvc.xyz,,1
promocja-pagedmeble.pl,normal.alexa,0
bkdq7k9qbc1u.top,,1
jeuxmaths.fr,normal.alexa,0
like-rank.com,normal.alexa,0
hrtkwgygbbcbcbruk.nu,,1
cyclechic.co.uk,normal.alexa,0
npsxvl.com,,1
cfdrngv.info,,1
saairforce.co.za,normal.alexa,0
pornogaysexo.com,normal.alexa,0
qlydqvg.com,,1
klkkwdwzqco.yi.org,,1
ns1.dnsfor16.org,,1
wontube.com,normal.alexa,0
annapurnafoothills.com,normal.alexa,0
uiwqfvvsqtz.net,dga.conficker,1
paginebianche.it,normal.alexa,0
celebritybeautynews.com,normal.alexa,0
ayqcmbsczpojinxzdsomvmzq.biz,,1
wiiisikathrinezad.com,dga.banjori,1
trypsemitismgavenuteq.com,,1
ootmiinwrpyqftdy.eu,,1
finanzpartner.de,normal.alexa,0
andackckbamaafbk.org,,1
uh-oh.jp,normal.alexa,0
ofo.cn,normal.alexa,0
orhgbsacl.net,,1
dyqantaxi.com,normal.alexa,0
quiizu.com,normal.alexa,0
xsjbzdayxvheypjlqopscxwtzp.ru,,1
buxvigir.ru,dga.pushdo,1
ngtrends.com,normal.alexa,0
caqbtwq.info,,1
lpdrgtuapmu.org,,1
femmesdispo.com,normal.alexa,0
dnkwellefrictionlessv.com,dga.banjori,1
c4wiuqptcvra9.com,,1
garbus.sklep.pl,normal.alexa,0
1va7ao5dh0x6xnwx7suylyt3o.net,,1
robuteoh.ru,,1
purplebabyhappenreplacedump.com,,1
gurecatiaggon.ddns.net,,1
wooriparts.com,normal.alexa,0
lulxdxciopnyuxfpgk.jp,,1
graphiclist.com,normal.alexa,0
borrokagaraia.wordpress.com,normal.alexa,0
vasafitness.com,normal.alexa,0
notebookinfo.de,normal.alexa,0
csjohxcbnuypbgkj.eu,,1
tucodel.com,,1
r3vlimited.com,normal.alexa,0
modulesgarden.com,normal.alexa,0
desfontainesports.co.za,normal.alexa,0
ecmotuwgo.us,,1
zuyloohlztqgwnhsg.com,dga.qakbot,1
discover-the-truth.com,normal.alexa,0
xqfkfvxkv.info,,1
ushalexushotels.com,normal.alexa,0
gwzyqityx.yi.org,,1
hidingsec.com,normal.alexa,0
maniaplanet.com,normal.alexa,0
wayofthepixel.net,normal.alexa,0
norsestore.com,normal.alexa,0
rankhigher.ca,normal.alexa,0
500tat.com,normal.alexa,0
ovpfjmzsk.net,,1
yprtwooavanfseshaxa.com,,1
danielgrifol.es,normal.alexa,0
internetscraping.info,normal.alexa,0
aiois.com,normal.alexa,0
auutvekajo18.com,,1
emualo.com,,1
lepajrkueskqvtc.com,,1
8viodk4nixy4xr7j8p1jjix43.net,,1
hispavista.com,normal.alexa,0
ahaaglobal.com,normal.alexa,0
jhuiugnudfxlgxzqng.com,,1
yomcqproyhagyacj.eu,,1
lrqfxopeplmi.net,,1
xwivjn.cc,,1
laserdisken.dk,normal.alexa,0
yzfuetvd1jnnj.com,,1
qyrasxpoqftxknld.tw,dga.necurs,1
vatican.va,normal.alexa,0
lupvvgbdjip.com,,1
plxoreredotnte.info,,1
bqttzpskhqthaexorlxjfe.org,,1
climateinteractive.org,normal.alexa,0
frasesdecanciones.net,normal.alexa,0
joystickcloud.com,normal.alexa,0
rhydianroberts.com,normal.alexa,0
oernussgtliymnim.com,,1
maquiagempefeita.blogspot.com.br,normal.alexa,0
permira.com,normal.alexa,0
sameha.info,normal.alexa,0
fotojet.com,normal.alexa,0
lapensiuni.ro,normal.alexa,0
hpbovmsbnfqwriyn.eu,,1
qmfrhdrrbsigobukyx.so,,1
dcmjgif.eu,,1
hi-check.com,normal.alexa,0
ecpshcfg.ga,,1
rgaufv.ru,,1
1qpwpy01sed7du1ggxem1992ysa.biz,dga.gameover,1
myenglishteacher.net,normal.alexa,0
jvzlwbvwebzcyinto.net,,1
objectifgard.com,normal.alexa,0
1nsjwrk17jqqjy3b7du6ckuoqd.org,,1
ucbnzroav.dynserv.com,,1
xnxx-zoo.com,normal.alexa,0
esportstore.com,normal.alexa,0
eqdfmvemkjdpbjvcmvgofnzdwlr.ru,,1
lhsuhafox.org,,1
kazrkkpoctlrwosko.net,,1
cjr5dzja1m15.com,,1
ntexplotreredo.info,,1
winstonmarriot.co.uk,normal.alexa,0
digitalnest.in,normal.alexa,0
aoioli.com,,1
lighthouseagency.wordpress.com,normal.alexa,0
007trave.com,normal.alexa,0
peooktha.net,,1
aqanduhiriepfu.ddns.net,,1
shmyykbjknaiqqnrh.net,,1
qngn3lujyfsbi8wfy0avslo.ddns.net,,1
shophanhphuc.com,normal.alexa,0
xoqficcu.ru,,1
souqkkokesisickc.org,,1
skechersyd.tmall.com,normal.alexa,0
pequelia.es,normal.alexa,0
viva.ee,normal.alexa,0
hszhfnuzrlpikjd.biz,,1
thdlvinskycattederifg.com,,1
bliss-athome.com,normal.alexa,0
y744eba512b0cfad0c7a7882f135639076.hk,,1
toplintas.com,normal.alexa,0
qirwuphe.ru,,1
vivnetworks.com,normal.alexa,0
6uu46ooefchd8n673y.cn,,1
kugusueukoawaccw.org,,1
pujeguq.com,,1
housemaxonline.com,normal.alexa,0
gquouioewykyagms.org,,1
bsihnfaxm.com,,1
cyuwgwgshaoadv.cc,,1
mgcxerionirkutskagl.com,,1
biografipahlawan.com,normal.alexa,0
bioportfolio.com,normal.alexa,0
herocycles.com,normal.alexa,0
youthedesigner.com,normal.alexa,0
thosebring.net,,1
mmeemlwvipll.com,,1
yonexusa.com,normal.alexa,0
rauqiwbiedsu.ddns.net,,1
ecentrichr.com,normal.alexa,0
mjkqqeuapuubxwiwljfx.com,,1
rtrk.cl,normal.alexa,0
y4whk8sbk87hu4qnq4k.ddns.net,,1
vcuopd.net,,1
aj0tuvo1anwl.net,,1
kcwbmdwpiagxfzh.com,,1
zoommovie.com,normal.alexa,0
10qh36wh99aev1dckyqexnben6.org,,1
lmtstore.com,normal.alexa,0
rentabilisense.com,normal.alexa,0
inspirationalquotesoftheday.com,normal.alexa,0
internazionale.fr,normal.alexa,0
travelshoreafrica.com,normal.alexa,0
whuvkdyb05mv.top,,1
lezrayfjquzz.info,,1
boxitvn.blogspot.com,normal.alexa,0
drogariasnissei.com.br,normal.alexa,0
hobbybrouwen.nl,normal.alexa,0
gqkecyegesuukece.org,dga.ramdo,1
discodog.fr,normal.alexa,0
145zxwcsohmzczh8onobu272.com,,1
genocidewatch.net,normal.alexa,0
plnditamhehwghqrgrswcwsroyl.ru,,1
uj12tex1qmsbvdeqwb.biz,dga.rovnix,1
gradshop.com,normal.alexa,0
huwpupo.se,,1
itugo.com,normal.alexa,0
8398cbe2ddb1848cae6d0526424f4f25.info,,1
pegi.info,normal.alexa,0
rtbads.com,normal.alexa,0
tahmeel.com,normal.alexa,0
qxnprzeehisb.info,,1
meatworld.net,,1
1fj94y41s5l3vz1ca23fvojbizc.biz,dga.post,1
sauna-mixte.fr,normal.alexa,0
trafficplanethosting.com,normal.alexa,0
akcunecoevoget.ddns.net,,1
yukqbteklw.com,,1
ultramarathonrunning.com,normal.alexa,0
laulumaa.fi,normal.alexa,0
do100verno.com,normal.alexa,0
rastabanana.com,normal.alexa,0
sportsgeekery.com,normal.alexa,0
oqddosjyqnoi.biz,dga.tinba,1
planetsocial.de,normal.alexa,0
stylevista.in,normal.alexa,0
uscounties.com,normal.alexa,0
mabaonline.com,normal.alexa,0
ghhpiifjyult.com,,1
ride.ch,normal.alexa,0
gonedigital.net,normal.alexa,0
wangpan007.com,normal.alexa,0
ourpcsolution.blogspot.in,normal.alexa,0
buildwinjs.com,normal.alexa,0
socialflirt.com,normal.alexa,0
vdrgidablyhoosieraw.com,,1
yukseltenseo.com,normal.alexa,0
52enxrajr7gft2g8t3.net,,1
tuwpzjforxdylfppzxqwuohy.ru,,1
ketelone.com,normal.alexa,0
miiee.com,normal.alexa,0
ogafugvee.ddns.net,,1
cmsfmkiq.in,,1
gotobestdeals.com,normal.alexa,0
joinjonochs.com,normal.alexa,0
zz5m7sk6cdpvi2fb6va57w4f.org,,1
emeygquswogemmke.org,,1
sdqrofgnoxo.com,,1
vagunforum.net,normal.alexa,0
tzrfilumuquufckxwkmyf.org,,1
oslpccovbbjtsn.su,,1
yznztj1cj0wf61yhaxq61lde5gm.org,,1
scxgzcvmzpnkjyluoqpjnrlvg.ru,,1
lrqckwk.com,,1
medianet.at,normal.alexa,0
fmlccvbyjcvn.com,,1
planshetcomp.ru,normal.alexa,0
hyggeandwest.com,normal.alexa,0
workathomenoscams.com,normal.alexa,0
gaijinhunter.tumblr.com,normal.alexa,0
backlinkci.net,normal.alexa,0
myyehyga.cc,,1
mdmedia.id,normal.alexa,0
nordthueringer-volksbank.de,normal.alexa,0
weddingcode.com,normal.alexa,0
uwudmvaitzsii1.net,,1
dpguvccioykxvdotw.tw,,1
sxq2e0wfst7rkbu.ddns.net,,1
alexboys.com,normal.alexa,0
gov.cz,normal.alexa,0
tjaswyq.info,,1
1a8zdgaojyws319bj1mqowg61e.com,,1
nabadv.com,normal.alexa,0
incontrierotici.it,normal.alexa,0
prink.es,normal.alexa,0
lqepblcufgmadu.com,,1
hacidiz.info,,1
cyfcmmedeei.com,,1
fqpwnmnytpiwsof.com,,1
globalknowledge.ae,normal.alexa,0
cantho30s.com,normal.alexa,0
prifhjstv.mooo.com,,1
azjznmee.biz,,1
watchonlinebollymovies.blogspot.com,normal.alexa,0
ixirwpbodxbj.ru,,1
softexter.com,normal.alexa,0
mfodypgzrht.org,,1
rhntiwe.info,,1
buddypunch.com,normal.alexa,0
doe.gov.my,normal.alexa,0
dgmfsncshgww.com,,1
k5upejxljaa1x068pifeaqtw.com,dga.post,1
nrpvzoinmrwnfpuw.biz,,1
sexbookvenezuela.com,normal.alexa,0
fivediamonds.com.br,normal.alexa,0
ibdazlukfqibfizxnbpxofu.ru,,1
kock1.net,normal.alexa,0
bankujesz-zyskujesz.pl,normal.alexa,0
lnrwsatformalisticirekb.com,dga.banjori,1
uyclalsyc.info,,1
jmbxrcynaqlk.info,,1
ylthtlwpzsl.net,,1
whiticar.com,normal.alexa,0
loanmade.com,normal.alexa,0
0e0ce3d8275fd0dbde2cac153a0b7a4b.cz.cc,,1
ijmjahw6itoj1rgbkfcxg2c.ddns.net,,1
perimetrik.de,normal.alexa,0
developer1.ir,normal.alexa,0
xyaymvdyz.info,,1
saatgazetesi.com,normal.alexa,0
acsnwmsedneaqabcga.com,,1
civilnet.am,normal.alexa,0
uzrpbxyj.net,,1
160ltopv5rp631wfkwn21wqihhm.com,dga.post,1
overmediacast.com,normal.alexa,0
ysemsekkea.org,,1
v4tebolero9a.org,,1
v406c477bf73ecc30b625ca40ffc627a5f.so,,1
coidobhiursac.ddns.net,,1
odwlogistics.com,normal.alexa,0
8cc4888e36d3cd690730eda85e48dbc8.org,,1
ceqtktovqohxcfeovnbtqcouc.com,,1
miburo666.info,normal.alexa,0
5r1kez7p0b34d0bp.biz,,1
rapidppt.com,normal.alexa,0
krggqnoltndntlzr.net,,1
ohbdbc.com,,1
ullxgvewvpvipolu.info,,1
pmhbruucn.se,,1
jpedi3565hirpd7wrm.ru,,1
techdive.uk,normal.alexa,0
mines.com.my,normal.alexa,0
gilanpdc.ir,normal.alexa,0
xbakqrqigwt.xyz,,1
wollendekbed.com,normal.alexa,0
1avjcgcq8ft0hjl9eonweoc08.net,,1
tutireceptek.hu,normal.alexa,0
tennisnews.gr,normal.alexa,0
reginout.net,normal.alexa,0
ecosmart.pl,normal.alexa,0
opmfniiikzvtel.org,,1
obsesickshit.com,,1
shell.co.za,normal.alexa,0
irtxxlzpbagyirqklojdqkylmj.ru,,1
kafirm.pl,normal.alexa,0
womenyoushouldknow.net,normal.alexa,0
g0a4g8wrsbu8uf30u21.ddns.net,,1
prntscr.com,normal.alexa,0
kctevpradbgcs.org,dga.cryptolocker,1
weddingchicks.com,normal.alexa,0
seivadasflores.com.br,normal.alexa,0
rekryteringsmyndigheten.se,normal.alexa,0
qfv1jv155qiitib8ifk1tki4gj.net,,1
jmmolybxicz8r.com,,1
dramacrazy.net,normal.alexa,0
jzxktfj.info,,1
prtimes.co.jp,normal.alexa,0
navuvecy.info,,1
ubuy.com.sa,normal.alexa,0
kpnpteqdslcslujq.com,,1
wxcjqzqp.top,,1
1jfgw3v80lll31cw2kslw8oxly.org,dga.gameover,1
zesgfc.net,,1
kimberleighanastasia.net,,1
rwfrhtkqwrwlqhjwg.biz,dga.qakbot,1
auto-ici.fr,normal.alexa,0
zpqbvbbccb.com,,1
fpzqn.info,,1
crqqhbr.org,,1
lloydselectronica.com,normal.alexa,0
atzbwdyhxwwofvc.com,,1
enricosecci.net,normal.alexa,0
mgcsbh.tk,normal.alexa,0
aqazrrwmzrvrvoshpi.com,,1
informaticadicas.com.br,normal.alexa,0
ahivmv5xkf3216g.ddns.net,,1
wentoctober.net,,1
t2rdl2one1q.net,,1
ppxjtnocvtgpeybf.tw,,1
3trcwa62os3ogz7qdi.com,,1
jemzrpmvneltxtmu.info,,1
pdffiller.com,normal.alexa,0
kotabogor.go.id,normal.alexa,0
olreredotntexp.info,,1
cellulitis.su,normal.alexa,0
politas.jp,normal.alexa,0
ayergetadobeflaslhp.co.uk,,1
mkfcleabafcckacd.website,,1
jiajiao110.com.cn,normal.alexa,0
anadarko.com,normal.alexa,0
vsyaotdelka.ru,normal.alexa,0
opicle.com,normal.alexa,0
bitcoin.org,normal.alexa,0
adlabsnetworks.com,normal.alexa,0
hhwwviikgnqcqdh.tw,,1
aqnoxxdwhfkh.org,,1
pjttgopupv.net,,1
oxrdpheoxvkcjcaic.net,,1
p2ric.org,normal.alexa,0
quizity.com,normal.alexa,0
nostalgieimkinderzimmer.de,normal.alexa,0
ciribmfj.info,,1
ijlmgon.eu,,1
autoteile-supermarkt.de,normal.alexa,0
nnrqohcxu1oinls.com,,1
seocloudcontent.com,normal.alexa,0
devletli.com,normal.alexa,0
gfrlbgyqtqvk.com,dga.ramnit,1
14khorshid.ir,normal.alexa,0
lpvoguwouorkrchuhtnjhba.com,,1
benefitsapplication.com,normal.alexa,0
jinzai-bank.net,normal.alexa,0
tut-bonus.ru,normal.alexa,0
scentofslave.tumblr.com,normal.alexa,0
e6knw6en3rmbkxw.ddns.net,,1
ebara.co.jp,normal.alexa,0
amelioretasante.com,normal.alexa,0
bristol-hlc.org.uk,normal.alexa,0
ocwsqgmygkqwqoye.org,,1
vxtgminal.com,,1
jrflnkcv.info,,1
ewucoiaq.com,,1
jouermaintenant.fr,normal.alexa,0
workhorseirons.com,normal.alexa,0
ebooksmedical.com,normal.alexa,0
wanderbat.com,normal.alexa,0
mpknvz.com,,1
1syxryf3nk5rd6j894d1vwtd7x.org,,1
chandpurtimes.com,normal.alexa,0
railroad24.de,normal.alexa,0
wpfilebase.com,normal.alexa,0
wdfiles.com,normal.alexa,0
nlftyqpxhqdcvs.org,dga.cryptolocker,1
sniffmouse.com,normal.alexa,0
olderyitwpmotkw.com,,1
lamejorimprenta.es,normal.alexa,0
razjtlubh.info,,1
eigcesqaqiseygos.org,,1
apiic.in,normal.alexa,0
sweetnote.com,normal.alexa,0
justcite.com,normal.alexa,0
ultimatewebinarblueprint.com,normal.alexa,0
xinfadi.com.cn,normal.alexa,0
dert7beni.com,normal.alexa,0
67sxqjg1i70h.org,,1
mycity-web.com,normal.alexa,0
rknajmvqdez.top,,1
slipwasher.com,,1
switchcraft.com,normal.alexa,0
ljqbtw.net,,1
canvs.in,normal.alexa,0
dramaheight.com,normal.alexa,0
3ns6mhelydmha2gd1d7.ddns.net,,1
taniran.com,normal.alexa,0
serkankacan.com,normal.alexa,0
giftishow.co.kr,normal.alexa,0
b7m8fu2w5s74yimymsm4yxu5.com,,1
ejpbgl.com,,1
bmw-avtodom.ru,normal.alexa,0
toshiba.nl,normal.alexa,0
ftsmaaijaledydbqpotble.info,,1
pm-proj.com,normal.alexa,0
pmmuyogsgfpb.com,dga.tinba,1
elshabab.org,normal.alexa,0
t489qki6d4j7so8n1l1x7ewmu.org,,1
fdecwx.name,,1
dacuxqtdy.org,,1
ujcpef0pu7g9.org,,1
grgyhtqrjk.net,,1
ilplakalari.com,normal.alexa,0
michiganawesome.com,normal.alexa,0
gthankyou.com,normal.alexa,0
bygfktpcsuyidumdp.net,,1
google.mv,normal.alexa,0
arivetook.net,,1
oqqvplefrostbitecycz.com,,1
mmvgxcfstoh.net,,1
vpweb.in,normal.alexa,0
mesca.com,normal.alexa,0
vovatgea.ru,,1
itocp.com,normal.alexa,0
vwcyytrlzpyaj1.com,,1
openpaymentsanalytics.com,normal.alexa,0
activate-promo.com,normal.alexa,0
hrktqrg.net,,1
joesnewbalanceoutlet.com,normal.alexa,0
ncdczgfo.top,,1
41fp.com,normal.alexa,0
leqppfbafallfuwcexdyxmzu.org,,1
seipp.com,normal.alexa,0
playerpage4027.info,normal.alexa,0
football.at,normal.alexa,0
emegteichuud.mn,normal.alexa,0
hcphes.org,normal.alexa,0
roomteach.net,,1
kraftpixel.in,normal.alexa,0
iseeyousee.xyz,normal.alexa,0
freedom-shop.tw,normal.alexa,0
1cnmedia.com,normal.alexa,0
freefunchristmas.com,normal.alexa,0
arkadaslikscripti.net,normal.alexa,0
espacessaada.com,normal.alexa,0
shahbasoft.com,normal.alexa,0
dabaabmbloedcbnd.org,,1
equalexchange.coop,normal.alexa,0
esumsoft.com,normal.alexa,0
godexeh.info,,1
autoline.com.pl,normal.alexa,0
decorheaven.co.nz,normal.alexa,0
beautify.nl,normal.alexa,0
cinemaniahdd.com,normal.alexa,0
btdd2015.com,normal.alexa,0
1w3v5nx5cnxl2i99.ru,,1
iz14xpqxck.net,,1
chdedhnielir.net,,1
uujxlfoqav.click,,1
mapply.net,normal.alexa,0
tariffe.it,normal.alexa,0
2000adonline.com,normal.alexa,0
uri.pl,normal.alexa,0
locyqdx.eu,,1
qmypnb.biz,,1
mpoisk.ru,normal.alexa,0
dfegleasuredehydratorysagp.com,,1
romagnolaprofumi.com,normal.alexa,0
torrgetbtpe.org,normal.alexa,0
gpgsdwzo.info,,1
netafull.net,normal.alexa,0
jocksandstilettojill.com,normal.alexa,0
gulfmagazine.com,normal.alexa,0
flashplayeregetadob.co.uk,,1
twkpwfuecvvzcincq.net,,1
amknusyfdwyekdtgy.pw,,1
asknguyen.com,normal.alexa,0
attractivemoms.com,normal.alexa,0
vbaeodbqvlqivxigmgx.com,,1
rozmodel.rozblog.com,normal.alexa,0
chemicalguys.com,normal.alexa,0
melaxy.com,normal.alexa,0
el783rkb743ny0s2avq.ddns.net,,1
gb177.com,normal.alexa,0
webonev.net,,1
ritsin.com,normal.alexa,0
tuwozgap.ru,dga.pushdo,1
gazlux.ru,normal.alexa,0
kiadehluow.ddns.net,,1
zaxbys.com,normal.alexa,0
reply2colin.com,normal.alexa,0
1cr9xyk1n1u6r5xu7syt1xaqjjy.org,,1
ahjnwkdsholapet.com,,1
pkuolmhhpbescukc.eu,,1
qzoo.jp,normal.alexa,0
countdiscount.info,normal.alexa,0
123aqar.com,normal.alexa,0
lpnpnpfkouuinyvtuhya.com,,1
1uv4qk41sooxjt1ms7gmk1lpk9kz.com,,1
nvesto.com,normal.alexa,0
granadacf.es,normal.alexa,0
ariete.net,normal.alexa,0
fuckandporn.com,normal.alexa,0
adevoroxafg.top,,1
qvyhpyyo.dyndns.org,,1
indemb-oman.org,normal.alexa,0
bangerhead.se,normal.alexa,0
jv5wniudcxwqr279.com,,1
lfk-gimnastika.com,normal.alexa,0
8d8d3ed8a0750d87602c92d7540480a4.info,,1
tgvyrxlcqokkatuw.eu,,1
fortruss.blogspot.ro,normal.alexa,0
listening-quran-kareem.com,normal.alexa,0
thienhungphat.com,normal.alexa,0
5fm4cf32ex14oby8shi.ddns.net,,1
jvyliologistbikerepil.com,dga.banjori,1
ofoghetaze.com,normal.alexa,0
naseobce.sk,normal.alexa,0
avejobezs.org,,1
kamera-gue.web.id,normal.alexa,0
aquatech.com,normal.alexa,0
iuuymjvkptto.com,,1
impactradius.net,normal.alexa,0
videosgratis.tv,normal.alexa,0
nadmbyyyucug.ru,,1
pnuna.com,normal.alexa,0
ztypuzafrn.com,,1
cboki.com,normal.alexa,0
sjqrrfbldqtupdpcc.net,,1
jfvyutkrcrqv.com,,1
sicurinform.it,normal.alexa,0
cinemotions.com,normal.alexa,0
fbinaebcpvrcmcntgnk.net,,1
hzfdfedrgv.com,,1
oyeah.com.cn,normal.alexa,0
phasetreeperformprogramblame.com,,1
dlmkkqflfupwdcprgy.im,,1
lapetite-pologne.com,normal.alexa,0
fbc0l71l963b916ln6jjiltxei.net,,1
pingselfie.com,normal.alexa,0
essaydiscoverpartnerpull.com,,1
ashuora.ir,normal.alexa,0
tu-app.net,normal.alexa,0
rokus-klett.si,normal.alexa,0
bjflzcutjt71mb7u.ru,,1
zjtjjwmspqjwjrm.org,,1
qhbprbsqnchvi.info,,1
lykygor.com,,1
ojynjkjwjxmuuutk.com,,1
churchillcentral.com,normal.alexa,0
fsvndobutfox.net,,1
cignal.tv,normal.alexa,0
adroitdirectory.com,normal.alexa,0
15kityc4ya2mjrwu1vcztbsej.net,,1
omaporno.pics,normal.alexa,0
dtquest.org,normal.alexa,0
limedica.com,normal.alexa,0
tealokge.ru,,1
sitemapdoc.com,normal.alexa,0
hdwallpaperup.com,normal.alexa,0
e2f2af87740867a7c061c76c585dc901.co.cc,,1
gqcuyxcihqvodytkbaqvgqrwuo.ru,,1
bxwfllaabettingk.com,,1
fwrddne.ki,,1
mongolcnr.cn,normal.alexa,0
aadhocc.net,normal.alexa,0
joomlage.com,normal.alexa,0
humanrights.ca,normal.alexa,0
facesittinggirls.com,normal.alexa,0
ns1.dnsfor1.biz,,1
knm.nl,normal.alexa,0
bwcdhia.eu,,1
crhokelthxrcxho.biz,,1
communicationcrashmailprint.com,dga.matsnu,1
polimernews.com,normal.alexa,0
lgvipclub.ir,normal.alexa,0
mtkrikjuqawb.xyz,,1
contributieuropa.com,normal.alexa,0
bivoteng.top,,1
kyuqwgaueucgcaim.org,,1
avianca.com.co,normal.alexa,0
tiu.ru,normal.alexa,0
gtahungary.hu,normal.alexa,0
genius-myanmar.com,normal.alexa,0
jsbackup.net,normal.alexa,0
klfpojbzjl.org,,1
ylepkanerkxhxx.tw,,1
mizbanfa.net,normal.alexa,0
2tarke.com,normal.alexa,0
stitcher.com,normal.alexa,0
freeuaedirectory.com,normal.alexa,0
a1webdirectory.com,normal.alexa,0
wuopqs.biz,,1
internationalsourcingexpo.com,normal.alexa,0
j1hb2ivprvtzgivvio.net,,1
2e0b7640901c0249c989043dc9f07dec.cz.cc,,1
sexkontaktelive.com,normal.alexa,0
acsixeinnomuc.ddns.net,,1
tcar.us,normal.alexa,0
solnechnogorsk.net,normal.alexa,0
wp-types.com,normal.alexa,0
0e0ce3d8275fd0dbde2cac153a0b7a4b.co.cc,,1
soaphoto.com,normal.alexa,0
heathost.xyz,normal.alexa,0
finaldraft.com,normal.alexa,0
sandwell.gov.uk,normal.alexa,0
digitalpound.net,normal.alexa,0
reviewaveragebendcomeignore.com,,1
20fvfk1pl41cu1oi484119ng6x4.net,,1
soundclub.co.kr,normal.alexa,0
i18nqa.com,normal.alexa,0
cposcience.com,normal.alexa,0
mvkaka.net,,1
pro-sprzet.pl,normal.alexa,0
1707mpp1d39yg11x78e04of4l1d.net,,1
allyours.com,normal.alexa,0
mytradingbuddy.com,normal.alexa,0
201980.com,normal.alexa,0
margarethowell.jp,normal.alexa,0
sio14h11qu9nc.net,,1
riatomsk.ru,normal.alexa,0
5hosting.com,normal.alexa,0
beflashoplayergetad.net,,1
eazdpartbulkyf.com,,1
generation-deguisement.fr,normal.alexa,0
dcunrmmjnglm.com,dga.tinba,1
mybensite.com,normal.alexa,0
hdn9lw1dv1pt8xli1rn105zucv.com,,1
turiba.lv,normal.alexa,0
hachimantai.lg.jp,normal.alexa,0
rootfront.com,normal.alexa,0
nnmnowgfevsx.com,dga.tinba,1
loavwiinuboqp.ddns.net,,1
prekladac.net,normal.alexa,0
assessfirst.com,normal.alexa,0
kfmtrluurydjfxh.info,,1
quibustrainings.com,normal.alexa,0
ahtnktssj.xyz,,1
freetarot.com,normal.alexa,0
55ifpuec235ro2q.com,,1
ssbtips4u.com,normal.alexa,0
dptmhy.com,dga.nymaim,1
e2ur72ajkdifg2yr7ne.ddns.net,,1
mbqqdyngovqclhamb.tw,,1
metin2.es,normal.alexa,0
106xz7o1qcuh2eo6h4emh63t8.org,,1
sredstva.ru,normal.alexa,0
koksa.org,normal.alexa,0
chditguzeckk.mooo.com,,1
ylmtpskpcftvrn.com,,1
inspire01.com,normal.alexa,0
7xb1u4kgn1jvgdvct8.com,dga.rovnix,1
pooltipblackcashindicate.com,,1
silverspringdowntown.com,normal.alexa,0
usanashimiglazami.com,normal.alexa,0
planet-tachyon.com,normal.alexa,0
gdebctccxufe.com,dga.tinba,1
tuttoaffari.com,normal.alexa,0
ibs.re.kr,normal.alexa,0
sroaqcmhemvkjonqkdtydtij.ru,,1
unfollowers.com,normal.alexa,0
toaerodromio.gr,normal.alexa,0
megauplaod.org,normal.alexa,0
majira.co.tz,normal.alexa,0
weovsddacopu6l.com,,1
mymediacruncher.com,normal.alexa,0
cedtsryhpwcx.com,,1
bat-careers.com,normal.alexa,0
kmdebgcdxordxmyaf.net,,1
worldlibrary.net,normal.alexa,0
hbyymulrj.com,,1
career-city.com,normal.alexa,0
aaaogwcmaoeiqkkg.org,,1
womenspeaks.ru,normal.alexa,0
holifestival.org,normal.alexa,0
kpabsxq7o5mb.org,,1
jkxzfhic9h.com,,1
vopbosxkxblfahnkhhxjs.bit,,1
tadobefelashplayerg.co.uk,,1
lnbalkn.cc,,1
t6c0ei1v4cp1w1vry1is1nxnqsu.com,,1
ltrxal.info,,1
jjoareum.tumblr.com,normal.alexa,0
hthcclrbxnyvem.org,,1
bathbalanceearnattracthold.com,,1
datamaskin.biz,normal.alexa,0
herztravel.com,normal.alexa,0
1vjp9dv17xi2ok18hm7xf4iebbn.net,,1
ns1.dnsfor16.info,,1
ideaoffice.gr,normal.alexa,0
jxqdleasuredehydratorysagp.com,,1
davbsoiprm.com,,1
amblingbooks.com,normal.alexa,0
monitorconcernedpageprefer.com,,1
bocwykwkemkxjrgaj.net,,1
whetc.org.cn,normal.alexa,0
gdi4opm0w410abgnyjcfwjo.ddns.net,,1
divemagazine.co.uk,normal.alexa,0
eiosmsoqogamysyw.org,,1
marathi-kalnirnay-calendar.com,normal.alexa,0
bapeoqudnodovia.ddns.net,,1
pitnet.ru,normal.alexa,0
hubbli.com,normal.alexa,0
csc.com.cn,normal.alexa,0
1stvision.com,normal.alexa,0
expatads.com,normal.alexa,0
regionalrealty.ru,normal.alexa,0
ukpsc.gov.in,normal.alexa,0
fptrqccd.com,,1
nwknervwlmsnrj.in,,1
knqgiupxsth.dyndns.org,,1
oreredotnltexp.net,,1
stjrhxmejni.dynserv.com,,1
nodebeginner.org,normal.alexa,0
a40z04ti249ie3cy.cn,,1
thedailymenshealth.com,normal.alexa,0
fnbghexwluctv.ru,,1
iuoiwqgqmyciywis.org,,1
twogerion.net,normal.alexa,0
itsfred.kr,normal.alexa,0
axjttoppepgtvsxa.eu,,1
fkahkjfxyhqjpqgy.eu,,1
ns1.dnsfor16.biz,,1
adduivembiweuv.ddns.net,,1
dukkeqvmf.biz,,1
auditorio.com.mx,normal.alexa,0
patveaju.ru,,1
onlinesmslogin.com,normal.alexa,0
g16684f2ocgqr1a5.ru,,1
dousile.com,normal.alexa,0
ikitinohona.ddns.net,,1
a6632d0156adeb0a7830bf7a68b5cb66.cz.cc,,1
fountainheadschools.org,normal.alexa,0
ggqvhhjxpkycheml.eu,,1
bcjqfjz.info,,1
ykchexian.cn,normal.alexa,0
diabetiky.com,normal.alexa,0
cbgpabar.ru,,1
hmielggjmvgh.com,,1
rvvxunhtmdxlglflr.net,,1
kusgiyqageigwsqq.org,,1
kenyahockey.com,normal.alexa,0
aibjuqapdsdm.ru,,1
edeivhljyxorcizhmvdupvovlb.ru,,1
uniflexcircuits.com,normal.alexa,0
allebnfnabaccbbn.com,,1
tyriatwcccvcnlsd.eu,,1
texplorerednot.net,,1
e-saa.co.jp,normal.alexa,0
9ns5kf58omftfapb6e19bs1lb.biz,,1
yamaha-hifi.com,normal.alexa,0
businessandmortgage.com,normal.alexa,0
barcode-generator.de,normal.alexa,0
utrgv.edu,normal.alexa,0
gievesandhawkes.com,normal.alexa,0
g9926867d376ed0ee5979f9989d2f7bc43.cc,,1
itqivuompeci.ddns.net,,1
sammccauley.com,normal.alexa,0
worldartcommunity.com,normal.alexa,0
stmilitaria.com,normal.alexa,0
kweofftywvusyjkuhpj.com,,1
iejutaj.net,,1
aauxfykfi.net,,1
gtarockstar.net,normal.alexa,0
komum.com.br,normal.alexa,0
5cb50480374dbf72d5ef8dd325917346.org,,1
4tochki.ru,normal.alexa,0
tusooo.com,normal.alexa,0
akida.info,normal.alexa,0
shopgoodwill.com,normal.alexa,0
wascsenior.org,normal.alexa,0
weatherrealize.net,,1
ba7the.com,normal.alexa,0
rdpfinance.cc,normal.alexa,0
miadyxejmg.org,,1
ciimiewamaamekka.org,,1
crtvu.edu.cn,normal.alexa,0
kuwuwoeumgamwyoa.org,,1
seniorcarecompass.com,normal.alexa,0
vwdlpatcqxgvgm.in,,1
gzwqowjpk.dynserv.com,,1
2r09ansdmjsd.net,,1
takprosto.biz,normal.alexa,0
bbmarketing.com.br,normal.alexa,0
ambitionconcertadvancedexplain.com,,1
tabforacause.org,normal.alexa,0
ergetyadobeflashpla.net,,1
oksavingsbank.com,normal.alexa,0
jetcost.co.uk,normal.alexa,0
sgk.gen.tr,normal.alexa,0
torrentwow.net,normal.alexa,0
ncdosiuacwtvd.co.uk,,1
passionmatchapp.com,normal.alexa,0
6aakow4793d7000x.info,,1
8ghq1iq9lp8v1nvx8xx4naajm.net,dga.post,1
powiat-szamotuly.pl,normal.alexa,0
331e314ngmmeb21.com,,1
vfnlapqnxlhwmw.com,,1
theseenjoy.net,,1
flarestock.com,normal.alexa,0
cmyfinw.info,,1
aba-design.nl,normal.alexa,0
nusieubbbhrayavp.com,,1
chinahvac.com.cn,normal.alexa,0
wtk4y0y8u832kj3fanq.ddns.net,,1
icmi.com.au,normal.alexa,0
wazzia.com,normal.alexa,0
ns1.dnsfor8.info,,1
ecweb.jp,normal.alexa,0
mygangapur.com,normal.alexa,0
real-mum.tumblr.com,normal.alexa,0
malaysia.gov.my,normal.alexa,0
tcafkrp.info,,1
hxkhzq1q6ypk7qwvmqp3nclqd.com,,1
wxftxa.com,,1
modernadultery.tumblr.com,normal.alexa,0
mexicoarmado.com,normal.alexa,0
63e291b82e789c69aa430eedda89dc1d.info,,1
kodeks-pracy.org,normal.alexa,0
hppenbhgyxvu.com,,1
hentaiko.com,normal.alexa,0
imovelsjp.wordpress.com,normal.alexa,0
usicomos.org,normal.alexa,0
yvwhkrjkheee.net,,1
hiremecar.com,normal.alexa,0
jenemuxiwej.eu,,1
degreeprobable.net,,1
cheeridea.info,normal.alexa,0
m59hqhxjvkzmqc69oxcvp52a57lsjwp42oxbt.com,,1
xfojxeselhs.info,,1
cinyhyfowig.eu,,1
pisrosompnkmcpz.biz,,1
lmtdhnavsayhui.pw,,1
99btgc02.com,normal.alexa,0
gwhnepictom.com,dga.banjori,1
dealmoon.ca,normal.alexa,0
ghmediatrending.com,normal.alexa,0
skanlacje.pl,normal.alexa,0
conbipel.com,normal.alexa,0
7up.com,normal.alexa,0
rgpqmpyu.info,,1
jnkpfordlinnetavox.com,dga.banjori,1
qedulog.info,,1
savia.es,normal.alexa,0
austinfitmagazine.com,normal.alexa,0
llcrennqsmnx.com,,1
t6fa2190c28bda6c5cfb66aaa4012c29e5.so,,1
bygacpubgk.com,dga.nymaim,1
ad28e52b74ddc1ad8e2202effc0106dd72.to,,1
shipcsx.com,normal.alexa,0
myschoolanywhere.com,normal.alexa,0
blcoefty.net,,1
pagestransport.com,normal.alexa,0
dyldnqcgeaxxo.com,,1
babgfqymkhqg.biz,,1
dilvpjdambqkkjylijyxwgycynriruo.ru,,1
urolulghi.org,,1
tnqzepictom.com,dga.banjori,1
salemchi.com,normal.alexa,0
vplyype.mooo.com,,1
elmalpensante.com,normal.alexa,0
kalvikani.com,normal.alexa,0
mbctocncmnttyuhk.org,,1
udca.edu.co,normal.alexa,0
dcdadfblldmoadbo.com,,1
acommeassure.com,normal.alexa,0
pjytzmvtwtkmjlwnjpguhqfe.net,,1
yazarnet.com,normal.alexa,0
bbguobkdahbwnvlipjcmi.la,,1
webcid.com.br,normal.alexa,0
moderator.az,normal.alexa,0
uppit.com,normal.alexa,0
mnofpnvvhdyontsbuxmfqgpvin.org,,1
innovastore.fi,normal.alexa,0
qda7843423e71eb858791f757ee2c39808.cc,,1
egencia.fr,normal.alexa,0
projectup.net,normal.alexa,0
idceutsaa.ddns.net,,1
premier1supplies.com,normal.alexa,0
alffcfnedfefbfaf.cc,,1
1psmju1r4nbaycbpbys1rjhwm7.net,,1
ergetadobeflashplya.co.uk,,1
phasepenchartdealbootshall.com,,1
zchstos.info,,1
bitcoinhoje.com,normal.alexa,0
husead.com,,1
ecocat-cloud.com,normal.alexa,0
mrgjuva.com,,1
equipmentgroundnetworkdisappointed.com,,1
jjckb.cn,normal.alexa,0
6brogntrlv5xurmwyp.ru,,1
reamview247.com,normal.alexa,0
mhbkbzlgag7a.com,,1
ongdfbkmyoswfwcqw.com,,1
sjq8ojkx36w2a6krs8ivyhc.ddns.net,,1
kangismet.ga,normal.alexa,0
nvvxxej.info,,1
77bt1ilggln44zttjc.com,dga.rovnix,1
indianacareerconnect.com,normal.alexa,0
combatgent.com,normal.alexa,0
1cdg3ekws6k8111v2gflep5hmh.com,,1
migwet52ukys8rft3i.biz,,1
addison-electronique.com,normal.alexa,0
tlal1020.tumblr.com,normal.alexa,0
1pjkujb1w2js8mvgva0jn9351o.org,,1
waeuueiq.biz,,1
yaroshwelcome.com,,1
mtng.org,normal.alexa,0
lifehackbuddy.com,normal.alexa,0
caveradiobroadcasting.com,normal.alexa,0
detskoe-chtenie.livejournal.com,normal.alexa,0
0aac4e6a54c170b0.se,normal.alexa,0
xjoehgca.org,,1
sanyo-chemical.co.jp,normal.alexa,0
leyvscneqpdpbemdtdxsmbkf.ru,,1
culospeludas.com,normal.alexa,0
thuglifeshirts.com,normal.alexa,0
nomadlist.com,normal.alexa,0
smooch.io,normal.alexa,0
fox21news.com,normal.alexa,0
alfaplan.ru,normal.alexa,0
acordabrasil.org,normal.alexa,0
mercateo.co.uk,normal.alexa,0
intownsuites.com,normal.alexa,0
nsv.pl,normal.alexa,0
hollisterco.ca,normal.alexa,0
yi8iqh2roabjiw8f1g.biz,,1
j1a5gsry9lqvsqe.net,,1
isccc.gov.cn,normal.alexa,0
dupnicanews.eu,normal.alexa,0
78qtavuvq2odw47py2y.ddns.net,,1
jspezopefchi.com,,1
dc-swat.ru,normal.alexa,0
hbvmeqw.com,,1
v3nnx3r2kttnc.net,,1
seo-tw.org,normal.alexa,0
biowarestore.com,normal.alexa,0
mvxshmmovmdgufsfa.com,,1
iu45.com,normal.alexa,0
912358.com,normal.alexa,0
gusvfjbufmnsbrnqjbst.nu,,1
twogemwmpkv.org,,1
kooboo-cms.ru,normal.alexa,0
diaocsaithanh.vn,normal.alexa,0
autowanda.pl,normal.alexa,0
edotntrexplore.net,,1
tanyo-shinkin.co.jp,normal.alexa,0
placementyogi.com,normal.alexa,0
sundance.tv,normal.alexa,0
1w0k54k1kdog313jmtun1mnrzfu.biz,,1
xhatnh.com,,1
1h6rht51ln6wcj11ug29x1u86ini.net,,1
xn--ffbe-ok4cfg6a4d6ec55ab02aje9814eklxbe28ci,normal.alexa,0
dokqkcjlxsqextem.eu,,1
borsaeimmobili.com,normal.alexa,0
aonmxqnlvcsayum.info,,1
bluemuffinstudio.com.au,normal.alexa,0
ayelrgetadobeflashp.co.uk,,1
ledarsidorna.se,normal.alexa,0
xqobysp.info,,1
residentialarchitect.com,normal.alexa,0
gnnojmmuiujk.com,,1
ocularplus.com,normal.alexa,0
kijow.pl,normal.alexa,0
vottdwsrebyl.xyz,,1
healthybliss.net,normal.alexa,0
crmdynamics.ca,normal.alexa,0
firniybrciljqtdgy.tw,,1
jdvphbh.com,,1
gnkduluz.org,,1
starsshops.ml,normal.alexa,0
lrswl.com,normal.alexa,0
auto-doplnky.com,normal.alexa,0
wallpapercoo.com,normal.alexa,0
ozfelrgsatwcp6fq41.net,,1
w222nc3dmwvgwifr6k1n3m8jw.net,,1
pikhuerttaofif.com,,1
dabudutou.cc,normal.alexa,0
solarplaza.com,normal.alexa,0
koceijoz.ru,dga.pushdo,1
fotohelp.kz,normal.alexa,0
host-stage.net,normal.alexa,0
gvokkwoilobj.com,,1
bmx-arakawa.com,normal.alexa,0
groupxxxvideo.com,normal.alexa,0
economicsonline.co.uk,normal.alexa,0
klxibt.info,,1
10wxqsk5wghtf12prsdhl4s2t0.net,dga.post,1
yrcvxkqumod.com,,1
a9da3ceb77987c84ad89a8abd021fc72.info,,1
interioor.xyz,normal.alexa,0
ql2beb5pb9eud.com,,1
lanka99.com,normal.alexa,0
xfdpvnqqpceyryf.com,,1
nutri-site.com,normal.alexa,0
oreredoltntexp.info,,1
bikemagazine.com.br,normal.alexa,0
yqbkapkmh.com,,1
samaafm.com,normal.alexa,0
fmobkmbdalbenfln.net,,1
serwispcb.pl,normal.alexa,0
kaiojjpkxexkeyjpocc.org,dga.qakbot,1
rodp.org,normal.alexa,0
theme77.com,normal.alexa,0
eqjzxljlskibibuzizlnknovxw.biz,,1
heitafta.ru,,1
mobilevaluer.com,normal.alexa,0
jhqrqvhqnambjv.me,,1
onemanga.com,normal.alexa,0
maimaicha.com,normal.alexa,0
mndxgayhlvfieqvoqwlfirwhuge.ru,,1
peptiko.gr,normal.alexa,0
fmr.is,normal.alexa,0
5ewin.com,normal.alexa,0
merajob.in,normal.alexa,0
ah13km1t2cc7u1kz43zpn4a37g.net,,1
aykugmkkskiceckagb.sh,,1
protect0r.com,normal.alexa,0
gwcgyjxewqrs.co.uk,,1
esjpprht.net,dga.conficker,1
fucktvchannel.com,normal.alexa,0
emanuelavolpicelli.com,normal.alexa,0
terex-group.ru,normal.alexa,0
wtdxfqyxkthjah.com,,1
thienbang.com,normal.alexa,0
67nhgq1rz5sawd9v2a51ycr7x5.net,,1
haoav03.com,normal.alexa,0
two2travel.com,normal.alexa,0
vita.mn,normal.alexa,0
ns1.dnsfor18.net,,1
myhobbypoint.ru,normal.alexa,0
moc.gov.vn,normal.alexa,0
bfonts.com,normal.alexa,0
eermorcajanunal.com,dga.banjori,1
orbisaccess.co.uk,normal.alexa,0
tavernabrillo.se,normal.alexa,0
nhc-living.de,normal.alexa,0
laskarqq.com,normal.alexa,0
tiendaatlas.com,normal.alexa,0
xxiipb.ru,,1
za8fe3a1d60ae1d3548d24141727e30c95.cn,,1
sakata.lg.jp,normal.alexa,0
lf93b4ccf92d8fe9a2735a847c40c360fd.ws,,1
milanstyle.com,normal.alexa,0
iudtggciv6a11xdk3u.com,dga.rovnix,1
sqrmqw.mooo.com,,1
x44756903a029b9c58dcb410c3e9c5f06b.in,,1
lnoialitydevonianizuwb.com,dga.banjori,1
tyjivyzuw.com,,1
planetii.com,normal.alexa,0
backtrack.org.cn,normal.alexa,0
motot.net,normal.alexa,0
martinsvillebulletin.com,normal.alexa,0
emsiwysgkgoeuwca.org,,1
bankkaufmann.com,normal.alexa,0
lcrcvpfufqdr.org,,1
layergetadobefplash.net,,1
citicsf.com,normal.alexa,0
xupnlqpl5z712ji5a0jb8mvv.net,,1
xousmrugzxhqdjbskgqzdwsmraeiz.ru,,1
thega-filmpalast.de,normal.alexa,0
artajjgyyqctvhsvva.com,,1
drivethrucards.com,normal.alexa,0
tkjugirlxrbgwrmtxq.org,,1
momodesign.com,normal.alexa,0
ns1.backdates14.net,,1
arch7b1fanedel7.ddns.net,,1
yvgpefmfmx.ru,,1
clfxptwyifllasonf.jp,,1
olsimiufciocva.ddns.net,,1
ldmdddfcfaomcdde.com,,1
sangar.ee,normal.alexa,0
deguate.net,normal.alexa,0
qguqsksqsuicymae.org,,1
jetbrains.ru,normal.alexa,0
sdic.com.cn,normal.alexa,0
acuity.com,normal.alexa,0
hockeyshop4u.nl,normal.alexa,0
kaanavriu.ddns.net,,1
gxsydmcnqxekvejc.eu,,1
igtytbymh.com,,1
andaluciaimmobilier.com,normal.alexa,0
hearokru.ru,,1
nrnsllaabettingk.com,dga.banjori,1
ljsxvtspkumtysxl.com,,1
upch.edu.pe,normal.alexa,0
kingmasti.net,normal.alexa,0
maharta.com,normal.alexa,0
cmucxjrlpjwmbjvxcfonypojay.ru,,1
7shqnwdev4x2.net,,1
crustore.org,normal.alexa,0
vapexpress.net,normal.alexa,0
eyvlnugozh.com,,1
maketea.co.uk,normal.alexa,0
gqyiiceooqomcecw.org,,1
gaqezoz.info,,1
antara-club.ru,normal.alexa,0
2f3pbdk9pur2a3z.com,,1
brqnkjcclond.ru,,1
westendframe.com,normal.alexa,0
ipyds8irq2alcbc6wdan7n5.ddns.net,,1
rlgdofpsfj.org,,1
kaufmann-marketing.com,normal.alexa,0
lxczxjbnjwgnvucuovsvwukqowc.ru,,1
holiday-villas.ru,normal.alexa,0
janan.co.uk,normal.alexa,0
bakchodi.in,normal.alexa,0
cloverpad.org,normal.alexa,0
govtjobs.co.in,normal.alexa,0
wotqwgtdxrhkrkmn.biz,,1
xn--t8jt42gqtkcqhl9i.com,normal.alexa,0
propagandanet.com.br,normal.alexa,0
fabula.org,normal.alexa,0
ebjnstru.com,,1
uoxn5g1c2mp1q1q2y3af16jlp9i.net,,1
gz163.cn,normal.alexa,0
amadmfhkxhsgax.com,,1
uuhkrasildeafeninguvuc.com,,1
ksbvomrlxkw.com,,1
ayergetadobelflashp.co.uk,,1
afroterminal.com,normal.alexa,0
ucp.br,normal.alexa,0
xrqhzczq.eu,,1
tollywoodtimes.com,normal.alexa,0
4h53rvrhz2lzg.net,,1
searchfmn.com,normal.alexa,0
qexwikal.net,,1
ajhgcwz.net,,1
mqoilznyplwikpkt.biz,,1
shangdun.org,normal.alexa,0
ftpsearch.co,normal.alexa,0
aquavivere.gr,normal.alexa,0
ziraatyatirim.com.tr,normal.alexa,0
ipqfode.org,,1
xyeakc.com,,1
hyipsmonitor.ru,normal.alexa,0
vrhxinalcentricem.com,,1
uca.edu.sv,normal.alexa,0
hseexpert.com,normal.alexa,0
forgotify.com,normal.alexa,0
wqqcmk.org,,1
rcm.gov.co,normal.alexa,0
twinsdaily.com,normal.alexa,0
8utq84tphhnm4sjm16qd65cd.net,,1
edoola.com,normal.alexa,0
nvmn2nhm0ew61c3l64p1rebs3q.org,,1
edotntexprlore.net,,1
earthtechproducts.com,normal.alexa,0
thewhistleblowers.info,normal.alexa,0
appmethod.com,normal.alexa,0
qiherbs.com,normal.alexa,0
necessaryenough.net,,1
zfibllaabettingk.com,dga.banjori,1
fehsavmngps.com,,1
bigcirc.ru,normal.alexa,0
muzscu.com,,1
c7ir7hzbpvk7t812ej.ru,,1
ptytvsirdxodyirbikvpjfm.ru,,1
emekkitap.com,normal.alexa,0
brownlinker.com,normal.alexa,0
viral-gallery.co,normal.alexa,0
fms5hq1633f27ql3upy14urdws.com,,1
bgaivew.info,,1
editeur-correcteur-relecteur.fr,normal.alexa,0
ywrksnyoqikq74.com,,1
pjsevz.biz,,1
adobeftlashplayerge.net,,1
iepcmachuslazaroqok.com,dga.banjori,1
kboqjlhk.com,,1
xdahancorml.com,dga.banjori,1
tourkikanea.gr,normal.alexa,0
rvjytfkqjafs.com,,1
ujoqrdco.org,,1
xikiquvi.ru,,1
e-ciencia.com,normal.alexa,0
pnqclaedmavju.com,,1
yqjt.cn,normal.alexa,0
playvision.ru,normal.alexa,0
ns1.backdates8.info,,1
riverbuytipbusyboxfinddump.com,,1
wifekill.net,,1
hitoduma-douga.jp,normal.alexa,0
zsqwxnhvuqh.ws,,1
cxvcguxm.tv,,1
uifrkofdpnxvkbqhmizmnfquw.biz,,1
fpj90j1whja1633dy2n1143bvg.net,,1
njjjhlpmlhm.com,,1
ebibleteacher.com,normal.alexa,0
online-zoom.ru,normal.alexa,0
riddenneedle.net,,1
thebrokersite.com,normal.alexa,0
xpg5ii2axbygldia2x.cn,,1
journeyadvance.net,,1
fpiiiologistbikerepil.com,,1
layer-grosshandel.de,normal.alexa,0
govisually.com,normal.alexa,0
stegu.fr,normal.alexa,0
liderform.com.tr,normal.alexa,0
chambermusicsociety.org,normal.alexa,0
pxqyuc.com,,1
qp7pf61c1lj64pdc6b.net,,1
yejsagk.info,,1
bucsdugout.com,normal.alexa,0
foguqah.net,,1
ssj3y54kzsn310thrbf1nd15r1.com,,1
awmqvinskycattederifg.com,,1
vouchercloud.ie,normal.alexa,0
inkyhotmess.com,normal.alexa,0
nuiakagibf.pl,,1
defloration.com,normal.alexa,0
sweetskin.ru,normal.alexa,0
unibel.by,normal.alexa,0
sapjiologistbikerepil.com,dga.banjori,1
v49y3o52vk1a.net,,1
rtaiwanr.com,normal.alexa,0
yzzkrzyxdsas1uusl2fo4g6jf.com,,1
gitodemos.com,normal.alexa,0
classicshorts.com,normal.alexa,0
15pm5371x1i4qxsr3guz1xqc918.com,,1
ejlepvo.info,,1
wygaumiq.info,,1
edoflkfaddccdadc.eu,,1
kmslkhxoaqrejn.com,dga.ramnit,1
g0ktgrensdqvo8mxs85xsx7.ddns.net,,1
roadiesx3winner.in,normal.alexa,0
ifmdwnc.com,,1
rxdykitfujry.su,,1
arabailan.gen.tr,normal.alexa,0
pakhousejobs.pk,normal.alexa,0
12g8j6hkbqb7h19q6ev815yfi2s.net,,1
gmukamqnbqgwdzhpguhedx.ru,,1
lc-net.biz,normal.alexa,0
feed2all.se,normal.alexa,0
eiplrprtspxcymrkbcmlzmzxl.ru,,1
v1sqdw1cqu8jll20iuipr2w6p.com,dga.post,1
haradyr.top,,1
cheapcruises.com,normal.alexa,0
steelsparrow.com,normal.alexa,0
fpvcb.com,,1
fromagee.jp,normal.alexa,0
damagesortlogbringinstall.com,,1
iurxovtfehqivw.tw,,1
eyemagazine.com,normal.alexa,0
uznieq.net,,1
iafsikieyjjqmpgp.eu,,1
phpcaptcha.org,normal.alexa,0
yfscmd.info,,1
fzokfslhlb.info,,1
mbtmag.com,normal.alexa,0
maxikovy-hracky.cz,normal.alexa,0
seasonsinkattemptarisemark.com,,1
awskererwyatanb.com,,1
knifejudgemarketmaintain.com,,1
177yld9meh7oq1obaefzpnaok5.biz,,1
clwhyhhsbbbc.biz,dga.tinba,1
8nbecxoupzyaxr6o6t.net,,1
gnulinuxvagos.es,normal.alexa,0
actiondrone.kr,normal.alexa,0
shadowblockz.com,normal.alexa,0
aprendendocomtiacelia.blogspot.com.br,normal.alexa,0
stableinvestor.com,normal.alexa,0
ns1.dnsfor11.info,,1
focalclick.com,normal.alexa,0
cvbohbaojbw.so,,1
liblkcpub.com,,1
hrpnmvpyholmrkjy.info,,1
vdkhewycjaqh.co.uk,dga.cryptolocker,1
1cubxft8yw6bu1s7kveq1yaxri5.org,,1
pewdkvtdlxsgqyayn.cc,,1
jozkameo.ru,,1
audiomobilshop.com,normal.alexa,0
arionradio.com,normal.alexa,0
owmcepictom.com,,1
texotela.co.uk,normal.alexa,0
iusmomuamiewqgoo.org,dga.ramdo,1
poshta-stat.tk,normal.alexa,0
tubemature.xxx,normal.alexa,0
freegamer.info,normal.alexa,0
securitycouncilreport.org,normal.alexa,0
1vmtnshpxsozmhioxg8smh542.net,,1
spicejet.com,normal.alexa,0
guud.info,normal.alexa,0
hitoduma.pink,normal.alexa,0
shamelookcowattractindicate.com,,1
guitoqseet.ddns.net,,1
rule.la,normal.alexa,0
babu.tw,normal.alexa,0
lcqnejjfrjfoellisofquyq.com,dga.qakbot,1
rakuten.co.id,normal.alexa,0
viralindie.com,normal.alexa,0
augsburgladies.de,normal.alexa,0
xhutcgyqmnejmjpjh.xyz,,1
celia-voyance.com,normal.alexa,0
cw.edu,normal.alexa,0
jhpcndrifafi.net,,1
bomba.md,normal.alexa,0
qxpdtshmepsx.com,dga.tinba,1
seradom.fr,normal.alexa,0
icmusatformalisticirekb.com,dga.banjori,1
rosettastone.eu,normal.alexa,0
pfbdvli.info,,1
pvznnbjfitvggjgvwemnhvnnb.org,,1
ntemkemh.org,,1
essiebutton.com,normal.alexa,0
wihjvmq.eu,,1
swifbuxorcojbpoznjaynrcyhiov.ru,,1
snacvaeaqgltupq.com,,1
hzusxwvvct.info,,1
xrf0lh1qtgtqtqa5mhk6ep40w.net,,1
7t5rvh2rka6bux1ett.net,dga.rovnix,1
nimmljldrxqqvyxcne.cx,,1
aljabbarthistle.com,normal.alexa,0
dailyverses.net,normal.alexa,0
bb7k941eik7m2evm55b19b5r7g.net,,1
mgqcus6ki4mg.org,,1
p43axehbglvkfjks.org,,1
1jspyxuvyfs27jolq6a0o.ddns.net,,1
nhkrilqppkwuwrt.info,,1
m96dfeaf92f9c78709e3cca4c2eed4cdaf.tk,,1
lwszxtlvcmvqhibywsgkzuemiz.biz,,1
mkifizfdhxyp.com,,1
tenyo.co.jp,normal.alexa,0
onlinelessonvideos.com,normal.alexa,0
kogtetochki.net,normal.alexa,0
ussemqsqmckigeec.org,,1
acer.hu,normal.alexa,0
vietnamgold.com.vn,normal.alexa,0
rotoviz.com,normal.alexa,0
ezrafq.com,,1
f58.ru,normal.alexa,0
kncfylmdw.org,,1
mahamayaresidency.in,normal.alexa,0
gmamjmvfthkedvdtur.su,,1
goldenbarrel.com,normal.alexa,0
pvpfberkdxszxlhxbmrdkvhq.ru,,1
maldivesindependent.com,normal.alexa,0
sporting.com.ar,normal.alexa,0
qfapyrwlwf.top,,1
pokpokpdx.com,normal.alexa,0
yalwbcegd.info,,1
cheapcycleparts.com,normal.alexa,0
toezezwrn.info,,1
ducbcbxef.tv,,1
hfbvpcwdz.com,,1
lgxmlinx.org,,1
usffcu.org,normal.alexa,0
pnwshnbg.com,,1
brooklynstore.com.ua,normal.alexa,0
bootiemashup.com,normal.alexa,0
taninepasargad.ir,normal.alexa,0
mcsuwkqcwymsyugq.org,,1
jojo-animation.com,normal.alexa,0
ph-linz.at,normal.alexa,0
vkusnierezepty.ru,normal.alexa,0
pasch-net.de,normal.alexa,0
fxjhtlas.com,,1
klytkrqhale.top,,1
mebgbfx3egtidg2sqqjaohpg.com,dga.post,1
layerpgetadobeflash.co.uk,,1
prele.com.mx,normal.alexa,0
imaginecommunications.com,normal.alexa,0
oxfordcompany.gr,normal.alexa,0
cjpmqgeisgf.com,,1
123articleonline.com,normal.alexa,0
la2ad11f0e4baad21f020feb9b7b8d8c42.cn,,1
makejyk.info,,1
googel.com,normal.alexa,0
bramwebinar.com,normal.alexa,0
vitaegowihid.ddns.net,,1
jeuneavecado.ci,normal.alexa,0
championsleaguefinals.com,normal.alexa,0
maxlead.nl,normal.alexa,0
amh.tmall.com,normal.alexa,0
ji21a7heyn7iggrs.net,,1
gaiz.com,normal.alexa,0
scmpyyk.eu,,1
valic.me,normal.alexa,0
basicuse.net,normal.alexa,0
fastcompany.com,normal.alexa,0
bigmennews.com,normal.alexa,0
menselijk-lichaam.com,normal.alexa,0
elcapitanslow.com,normal.alexa,0
nomutuk.info,,1
yf7gepfswkx28ik3xn.net,,1
wpzee.com,normal.alexa,0
gqoiioougcwuyoau.org,,1
hackreleases.com,normal.alexa,0
bifix.jp,normal.alexa,0
torsunov.ru,normal.alexa,0
pedalconsumption.com,normal.alexa,0
lklocuuewuzxqwnjb.net,,1
sxrexqqppzfpvgnen.net,,1
fcfq.coop,normal.alexa,0
yleogvs.info,,1
fymnmjozkvxoscptxgdukkbsc.ru,,1
aloe-vera-bio.info,normal.alexa,0
mypilotpro.com,normal.alexa,0
zsqdto.cn,,1
sohbetodalarim.net,normal.alexa,0
savenuggets.com,normal.alexa,0
radiothermostat.com,normal.alexa,0
sega-mj.net,normal.alexa,0
aksqwuajtp.net,,1
qgq8qoike8e8.org,,1
rcrrpvdchq.net,,1
tradestudy.cn,normal.alexa,0
wqxspnyi.net,,1
2wypk66dgjwxa3kj.ru,,1
mrooms.org,normal.alexa,0
linxsupply.com,normal.alexa,0
k1q6x4z4c0zz118jj9khdna1u.biz,,1
lspccif.info,,1
hyhmqofmhqamvcivzdobrsjrjfmr.com,,1
iuqdgnnoxsvy.com,,1
nabujdpnfubgmsa1.com,,1
oiihj4yczo.net,,1
vumatwg.info,,1
lwvohio.org,normal.alexa,0
eudict.com,normal.alexa,0
curanet.dk,normal.alexa,0
ns1.backdates16.info,,1
sailaiya.cn,normal.alexa,0
vfa325bc104126c7b87d946c85ccdb3d43.ws,,1
utdanning.no,normal.alexa,0
thelincolndc.com,normal.alexa,0
foodieone.com,normal.alexa,0
mamakspecial.com,normal.alexa,0
caramelyyy.com,normal.alexa,0
qouhfg.com,,1
australiazoo.com.au,normal.alexa,0
viedit.com,normal.alexa,0
cockneyrhymingslang.co.uk,normal.alexa,0
jmnmxleiwolko.biz,,1
unilever.nl,normal.alexa,0
maesellefrictionlessv.com,,1
sexyonline.com.br,normal.alexa,0
comprasdavivienda.com,normal.alexa,0
blog-silverstar.info,normal.alexa,0
technologyreview.es,normal.alexa,0
triodos.nl,normal.alexa,0
visualhierarchy.co,normal.alexa,0
uqeifyjmemgpvkgb.eu,,1
wvkhahofm.top,,1
slwa.wa.gov.au,normal.alexa,0
oiyjhtzr.info,,1
golf5forum.fr,normal.alexa,0
rgetadobeflashpleay.co.uk,,1
lafwlylob.ru,,1
cinecafenow.com,normal.alexa,0
cinelahar.com,normal.alexa,0
edortntexplore.info,,1
oekdanv.eu,,1
lwsmnhz.org,,1
soctracker.com,normal.alexa,0
myqmanerraticallyqozaw.com,,1
tramclub.org,normal.alexa,0
1vjesktt5efzf1jpiisb1y5c2xs.com,,1
ratkeaho.ru,,1
faderplay.com,normal.alexa,0
mundmische.de,normal.alexa,0
nyrwdyxwb.ru,,1
commentzonemanufacturing.com,,1
yitnktf.info,,1
ura.ge,normal.alexa,0
zik.ua,normal.alexa,0
1kuaswunu40cf1mav2ib1kcxhcx.net,,1
dstop10.in,normal.alexa,0
tcj.com,normal.alexa,0
xuqifyr.info,,1
twisen.com,normal.alexa,0
agambeumw.ddns.net,,1
gonomot.com,normal.alexa,0
better-mag-soratemplates.blogspot.in,normal.alexa,0
lymemod.info,dga.simda,1
jnup.gov.cn,normal.alexa,0
onlyself.ru,normal.alexa,0
sai0fs2na6banmsh.org,,1
qblqhlcvxgvfem.com,,1
fywkgnglodnjraf.work,,1
antoniobanderasfragrances.com,normal.alexa,0
wa2e95a07b781070e9adc9e8e4841894e6.to,,1
sjaara.com,,1
1awmlrl6x7u0zmnninr1qawiue.com,,1
vzkkvzoq.eu,,1
outspot.at,normal.alexa,0
yonderbound.com,normal.alexa,0
91kangkang.com,normal.alexa,0
ctguvupgbyco.ru,dga.tinba,1
krgtvlpmmbcqfh.tw,dga.ranbyus,1
peterson.fr,normal.alexa,0
gegenerators.com,normal.alexa,0
joblink.co.jp,normal.alexa,0
sparkasse-dueren.de,normal.alexa,0
reckless.com,normal.alexa,0
word-online-count.com,normal.alexa,0
nhkkhvnlhjqeluiw.eu,,1
h1.ru,normal.alexa,0
worldsoft-mail.net,normal.alexa,0
xxxymovies.com,normal.alexa,0
vx0u3dhz48uacq9q9u6pcot2.biz,,1
happy-soul.net,normal.alexa,0
vvdyestnessbiophysicalohax.com,dga.banjori,1
ayaamo.org,,1
lineapelle-fair.it,normal.alexa,0
jded.fm,normal.alexa,0
flierwhose.net,,1
kwdktk.net,,1
jgtunk9avkle.net,,1
4971qc1c2tz551dp6uez2wq762.com,,1
toneleisure.com,normal.alexa,0
moneytalk.tokyo,normal.alexa,0
cfi.co,normal.alexa,0
todomoda.mx,normal.alexa,0
uyttuo.net,,1
songunder.net,,1
odgrqjvymxofstvmrvt.com,,1
alora.es,normal.alexa,0
faststream.gov.uk,normal.alexa,0
frwwkrpnkvig.com,,1
xmqunsygtxxmhgyh.eu,,1
sabuidablyhoosieraw.com,dga.banjori,1
wityms.net,,1
tgl.ru,normal.alexa,0
artkiev.com,normal.alexa,0
uhctddxibjlp.biz,,1
1jju4vhuz9cma1rvsby1vby58y.net,,1
duxiu.com,normal.alexa,0
jobekapa.ru,,1
gibsoninnovations.com,normal.alexa,0
grixsunglasses.com,normal.alexa,0
e-aidem.com,normal.alexa,0
huajiao.com,normal.alexa,0
qykfcjuei.com,,1
ipernity.com,normal.alexa,0
itams.com,normal.alexa,0
clbmovfrhdmyao.net,,1
lurvearchive.tumblr.com,normal.alexa,0
hfzolgxibym.net,,1
repelisonline.net,normal.alexa,0
bitzfree.com,normal.alexa,0
tpzcancorml.com,dga.banjori,1
vzfydzw.dynserv.com,,1
jvswbymvdabesxcivkobeihkbyxws.com,,1
sofatutor.com,normal.alexa,0
e31a0b233b280f6244799911cf2816ac.org,,1
ambitionroomkillcommentcomplicated.com,,1
eu-verbraucher.de,normal.alexa,0
fusaka.com.br,normal.alexa,0
teen-maniacs.com,normal.alexa,0
b1dxmx2uotqyip8crq.com,,1
mysouljourney.tumblr.com,normal.alexa,0
lifafivqzc.top,,1
neuroaidacv.com,normal.alexa,0
americansview.com,normal.alexa,0
babyalarm-test.dk,normal.alexa,0
wkgtxqgivmlbgsazfiaxbej.biz,,1
16a24ff803221432ccaaf3924a3cab8a.org,,1
rdvjczixevdy.net,,1
meghdadit.com,normal.alexa,0
hwkjofa.net,,1
ccainternational.com,normal.alexa,0
vlsearch.org,normal.alexa,0
analytics-research.ru,normal.alexa,0
vaxfpyvwnhkbiyohcgu.com,,1
rabbitrehome.org.uk,normal.alexa,0
dkfpvkzcizfuddxdobpdfu.ru,,1
sblljtxfcjfuyuck.eu,,1
ns1.backdates7.biz,,1
mileniuminternational.com,normal.alexa,0
btrmrav.com,,1
lacie.jp,normal.alexa,0
3space.info,normal.alexa,0
kingwateranticipatepenslight.com,,1
megustaescribir.com,normal.alexa,0
vmikhailov.com,normal.alexa,0
airportlink.com.au,normal.alexa,0
oplileneed.ddns.net,,1
clubbingspain.com,normal.alexa,0
zkyjvre.cc,,1
costcobusinesssavings.com,normal.alexa,0
1yauxy3e9a36dm3fq1uozv6i.com,,1
kiqcunscgkqx1o5y1hx1fr9j41.org,dga.post,1
mybusinesstravel.ru,normal.alexa,0
jei3rulougrvv.net,,1
bullseyenation.com,normal.alexa,0
birdskorea.org,normal.alexa,0
kufkgtgkuqj24v2x3s.com,,1
mobileadblueprint.com,normal.alexa,0
kvcjsnsd.ru,,1
wmopoatacuekglqpf.so,dga.necurs,1
lxmynox.dynserv.com,,1
gkgedjeogvjutenoh.tw,,1
fact.mn,normal.alexa,0
quickking.net,,1
ywgica.net,dga.pykspa,1
mobile-phones.cn,normal.alexa,0
broadsol.in,normal.alexa,0
kcpmleasuredehydratorysagp.com,,1
padtacx.com,,1
rhixvncpjnld.org,dga.necurs,1
cicoykqucmwoqkca.org,,1
y01nofypm25nuxo.ddns.net,,1
privatecircle.de,normal.alexa,0
superlab.com.tw,normal.alexa,0
sequra.es,normal.alexa,0
odmhsas.org,normal.alexa,0
moto-selection.com,normal.alexa,0
mozazbnat.com,normal.alexa,0
pimqhjwdzrwknir.com,,1
klljjci.eu,,1
nfdrkomvynxx.com,,1
videocentric.co.uk,normal.alexa,0
isafe.go.kr,normal.alexa,0
arserblog.com,normal.alexa,0
roxio.com,normal.alexa,0
alacasite.blogspot.com.tr,normal.alexa,0
fuliq.com,normal.alexa,0
altadefinizione.club,normal.alexa,0
mostarskaraja.com,normal.alexa,0
formville.com,normal.alexa,0
hinduhumanrights.info,normal.alexa,0
zazbjdilateteyy0.com,,1
gcvksagabardinedazyx.com,dga.banjori,1
fckahuxdmhxcisuze.com,,1
balkanopelparca.com,normal.alexa,0
spunknetwork.com,normal.alexa,0
ementrematic.com,normal.alexa,0
animo-shop.com,normal.alexa,0
112j11h1pxm9qalfuii6d7rmau.biz,,1
zjcourt.cn,normal.alexa,0
vivaglammagazine.com,normal.alexa,0
b6w3yz40t43wpxl348k20381.com,,1
watchfreeks.com,normal.alexa,0
wnkhprwpifpuwwr.com,,1
fudopwv.info,,1
o4etydynsl5hs4kb7july8q.ddns.net,,1
kineidor.ru,,1
uksexaiq.net,,1
udlurnrvdsvixc.net,,1
beetailer.com,normal.alexa,0
upvk3zo4a8inlnx2j1.net,,1
culturaldata.org,normal.alexa,0
i063fcf65983c4b00df70c073ac77b23fe.cc,,1
dan-b.com,normal.alexa,0
22lq2kqfe1wml.com,,1
betterwhose.net,,1
jaguarforum.com,normal.alexa,0
uptasia.hu,normal.alexa,0
daramadeinterneti.ir,normal.alexa,0
bkttfssbkhqp.com,,1
tasteslovely.com,normal.alexa,0
cwzzqddmgo.com,,1
nxtecovwmiijoxswp.com,,1
vermontcastings.com,normal.alexa,0
20minutes-blogs.fr,normal.alexa,0
brindleybeach.com,normal.alexa,0
rereodotntexpl.info,,1
mymarel.com,normal.alexa,0
bqjudwzojqhdzkxl.com,,1
1yte8msd29kwy175389o1sxupx8.biz,dga.post,1
polarsport.ru,normal.alexa,0
extploreredotn.net,,1
bkiwurxerokkt4d.net,,1
kinohoudini.ch,normal.alexa,0
eflashplayerbgetado.net,,1
fkldmactdwavxi69.com,,1
rindo.co.jp,normal.alexa,0
9e4930c5e99b822dc8b460182a2b2851.cz.cc,,1
juscmgowenjxfknfh.net,,1
fulltemplatedownloads.com,normal.alexa,0
bonpatron.com,normal.alexa,0
ceoakygaeckumwyg.org,,1
sciencecompany.com,normal.alexa,0
a07vc2g0ul5fmpi2ktwb18e.ddns.net,,1
bonror.com,normal.alexa,0
formupack.com,normal.alexa,0
qjdygsnoiqaudcq.com,,1
jaiibcaiibexamtips.blogspot.in,normal.alexa,0
cuckoosandbox.org,normal.alexa,0
wx93x41pe5unrcltiv6ugzxww.biz,,1
szhnews.kz,normal.alexa,0
yfblrgaxylaxbflt.eu,,1
excellentissimmo.com,normal.alexa,0
gsspaqf.work,dga.locky,1
onefireplace.org,normal.alexa,0
gvopgpizir.info,,1
circulosonora.com,normal.alexa,0
panicsummerbringbreakfast.com,,1
vnyrleasuredehydratorysagp.com,dga.banjori,1
acujess.com,normal.alexa,0
offispphfgcqtazyf.com,,1
weiwghnrtomrltwclvtpjxsuwo.ru,,1
hxtpdurgppge.com,,1
85mjoxmv49u7.org,,1
scls.info,normal.alexa,0
ghriteiivfavmqtxkjouoqfiu.org,,1
tf9klltg1kpdh.com,,1
zorins.livejournal.com,normal.alexa,0
dyxuimri.mooo.com,,1
highload.ru,normal.alexa,0
speedpost.hk,normal.alexa,0
tadobeflasehplayerg.net,,1
pbaibdcqypzdhbaaulrtmjhmbifq.biz,,1
vmywfvax5x.com,,1
liunbsgdyfusa.com,,1
jxrizufeqj.biz,,1
duplicatewithease.com,normal.alexa,0
instraffic.com,normal.alexa,0
carslan.tmall.com,normal.alexa,0
purpleroom.biz,normal.alexa,0
apbkqjcsscub.org,,1
banzai.no,normal.alexa,0
uaikwkkctrsuqsqmmwrw.mn,,1
securitylink.biz,normal.alexa,0
pharmaceuticalconferences.com,normal.alexa,0
omsara.co.uk,normal.alexa,0
ymsvlwddmawpilzatsqqm.com,,1
granatebit.com,,1
bebesjkof1zn1wdg6f.biz,,1
haenlein-software.com,normal.alexa,0
krwtcrkr.ru,,1
etadobeflashplayger.co.uk,,1
nieuwspaal.nl,normal.alexa,0
mcqmgswaiiimiyuk.org,dga.ramdo,1
espabit.com,normal.alexa,0
weapuxgu.ru,dga.pushdo,1
byzantinewalls.org,normal.alexa,0
xgaaitqjmayr.com,,1
vesgjuvoihl.org,,1
majorpandemic.com,normal.alexa,0
salerunner.co.uk,normal.alexa,0
seminarios.com.br,normal.alexa,0
saintpaul.com.tw,normal.alexa,0
17jndc21rp98nrssedwikt4txr.biz,,1
meninblazers.com,normal.alexa,0
lkuodyxn8mw1mkwz.net,,1
jhmlxdxdzosudptydtt.org,dga.qakbot,1
recetas360.com,normal.alexa,0
kokvilfe.ru,,1
prtpigqfmfydrj.su,,1
litree.tmall.com,normal.alexa,0
defvhuxiffwt.com,,1
hrzafer.com,normal.alexa,0
hinhuvsfivcvtkamcschazswyl.ru,,1
rockwool.de,normal.alexa,0
meorehei.ru,,1
laviesagista.nl,normal.alexa,0
xstuqrimlmnq.com,,1
13nlqlz13b7nlu2mny7l1p4cduw.net,,1
lpfgmx.org,,1
om-shina.ru,normal.alexa,0
qwszpbtdbcxm.info,,1
bravo.com,normal.alexa,0
ternium.com,normal.alexa,0
yaeqsgmeequwysow.org,,1
faburroch.com,,1
logios.pl,normal.alexa,0
careerjet.ie,normal.alexa,0
argento.it,normal.alexa,0
knvolf.info,,1
hindihai.com,normal.alexa,0
1188.lv,normal.alexa,0
line-howtouse.net,normal.alexa,0
girlsgames123.com,normal.alexa,0
music-hummer.ru,normal.alexa,0
lekebergssparbank.se,normal.alexa,0
anadoluimages.com,normal.alexa,0
web-models.su,normal.alexa,0
bvoeqwtjzwajtfy.com,,1
qcirplefrostbitecycz.com,,1
otonev1by0k0qxm.ddns.net,,1
jheiklsnkptlmex.com,,1
schrotundkorn.de,normal.alexa,0
bhtpancorml.com,,1
rfjmunqea.com,,1
gablardenslavetusul.com,,1
jg24.pl,normal.alexa,0
rtypckhsgbwaqwivm.me,,1
florasystem.sk,normal.alexa,0
vikiloqe.ru,,1
koeofqlopandoji.co.uk,,1
qdgfymufvosc.com,dga.tinba,1
desaingambarrumahminimalis.com,normal.alexa,0
fortunetieliftjudgeinterested.com,dga.matsnu,1
fxlider.com,normal.alexa,0
renewingyourmind.org,normal.alexa,0
koxakokh.ru,,1
atratoigqoqpp.com,,1
reasonlackgroundtowershift.com,,1
13t1lnkua6etgp20baf1l5tcbj.com,,1
1n8r7881shr4833ubq6o3ltimo.net,,1
1r5cjk71sh22zj1yusai71ili97e.biz,,1
lpwqpccetw.mooo.com,,1
hkadilb.ru,,1
ednaumna.ddns.net,,1
pitstop-news.blogspot.co.id,normal.alexa,0
ocubadovpiv.ddns.net,,1
lesterbanks.com,normal.alexa,0
ucb4e103421605b9fcaa8cff6f3174271c.hk,,1
ex-situ.ru,normal.alexa,0
rg5iz89mj0dq.org,,1
amjg9zittgjszki.net,,1
competa.com,normal.alexa,0
leaqonir.ru,,1
myexpertcloud.de,normal.alexa,0
vsxsvauujvb.org,,1
ela21x3ouv.net,,1
copquest.com,normal.alexa,0
tneunjdkxipldm.me,,1
ovctifb.eu,,1
swimmingestimatewinginfluence.com,dga.matsnu,1
labolsa.com,normal.alexa,0
grand-mozaika.ru,normal.alexa,0
qwvixmcu.net,,1
bhmxviazxpbjq.com,,1
dkskcogyaampuyv.biz,dga.cryptolocker,1
fmodadfakdmlfbaa.co.uk,,1
verbicidemagazine.com,normal.alexa,0
kzsghcogiif.net,,1
cajmetro.cl,normal.alexa,0
alxgnicihyhasft.net,,1
myloveapps.com,normal.alexa,0
isutgpmjbrnlol.in,,1
1lx5d3o17d721v8wsl7bvdgdd4.net,,1
mmuodnhzpofygwlgfz.com,,1
zazqnmhgvwh.org,,1
z4xxkqvruib.net,,1
pbidykfusnvscuxdojijzmf.com,,1
a9english.com,normal.alexa,0
dqzjzdswfypzrslbllfgmrcon.ru,,1
1ruvlnfwm2ncbg1unimm1ax8k.com,dga.post,1
flower-remedy.info,normal.alexa,0
srdspw14ez3hn5910mw1oefvp6.net,,1
fullips.com,normal.alexa,0
cwe86.com,normal.alexa,0
sunsafaris.com,normal.alexa,0
travelopera.com,normal.alexa,0
shapehealthy.co,normal.alexa,0
qcxnestnessbiophysicalohax.com,,1
xwtikeoomj.com,,1
nyctmc.org,normal.alexa,0
astrodoor.cc,normal.alexa,0
univ-brest.fr,normal.alexa,0
typora.io,normal.alexa,0
organizationcommentgroup.com,,1
hungerthon.org,normal.alexa,0
lilies-diary.com,normal.alexa,0
ltwrrabeqmrsbn.la,,1
vnaaclsjtmm.net,,1
pleasantbuilt.net,,1
shuka-scorejp.com,normal.alexa,0
gugmeaka.ru,,1
cieuonshiorcilbsbaaymzgyhipdq.com,,1
qnrkemoqpt.biz,,1
condize.com,normal.alexa,0
portabilitate.ro,normal.alexa,0
lxlguckjxzebiaud.com,,1
forum-scpo.com,normal.alexa,0
ukfx.biz,normal.alexa,0
lyrikline.org,normal.alexa,0
yamcuooyomaosmyq.org,,1
zxakdgpuqo.biz,,1
besthorrormovielist.com,normal.alexa,0
rohqb4lyjglq.com,,1
qmcydumv.org,,1
500level.com,normal.alexa,0
buntyar.net,normal.alexa,0
maestro-car.ru,normal.alexa,0
j9ledqn4fppcgcm5.com,,1
warasfarm.wordpress.com,normal.alexa,0
noafhl.com,,1
verowyilogasvo.cc,,1
vhxqxmakndrwsvedib.com,,1
lykydqt.info,,1
kysysuswuouisyoo.org,,1
6o6hrrepvnhp338gcx.ru,,1
estet-portal.com,normal.alexa,0
sinoarch.cn,normal.alexa,0
appantenna.net,normal.alexa,0
rfdjsfqg.info,,1
fodkaw.cc,,1
fringeassociation.com,normal.alexa,0
z1zzvf2g6wca2zl8rnmvh1vo.net,,1
musicfplus.com,normal.alexa,0
qlarykidwptl.co.uk,,1
ygyxljhfanfxcyvggicacy.biz,,1
fmwhdfaqedskbeh.co.uk,dga.cryptolocker,1
itfollow.ru,normal.alexa,0
logboneweightdogresolveexercise.com,dga.matsnu,1
rjvbxfyuc.mooo.com,,1
vlnpejzhmy.com,,1
mydownload.me,normal.alexa,0
ubonbr.com,,1
customdropshipping.com,normal.alexa,0
ns1.backdates7.com,,1
rivoexuqomtalao.ddns.net,,1
m3e55f7e45154ce734c4578011dde61a99.to,,1
jornalfloripa.com.br,normal.alexa,0
awrzhika.yi.org,,1
xlvcbhsqayd.ru,,1
acxlenhancedysb.com,,1
opepcrmcr.com,,1
even1x5la0anknorupc.ddns.net,,1
gcfcu.org,normal.alexa,0
trangtrigiangsinh.net,normal.alexa,0
x-moda.ru,normal.alexa,0
qeqyliv.com,,1
meinauto.de,normal.alexa,0
jianshu.com,normal.alexa,0
ljayivairgdqaexopprwkprvwamx.ru,,1
ahoxhutu.ddns.net,,1
wiasqrhbvjobvuva.com,dga.ramnit,1
sufeojan.ru,dga.pushdo,1
ahmeek1tusimz0csxy1gu5bxu.net,,1
tiimgenidao.ddns.net,,1
1gtdadm1y5pttq3co2q5eim9t3.com,,1
lfashplayergetadobe.net,,1
biscuit60.com,normal.alexa,0
szmtoydkdwh18knhui.biz,,1
pt.com,normal.alexa,0
scalemodelguide.com,normal.alexa,0
rockabilly-rules.com,normal.alexa,0
spisanie8.bg,normal.alexa,0
xtfvsikathrinezad.com,,1
gieldaplocka.pl,normal.alexa,0
parentlifenetwork.com,normal.alexa,0
sepermuta.es,normal.alexa,0
giwhplefrostbitecycz.com,,1
tutofig.com,normal.alexa,0
1ckqsn011892y51a6brudi8wtnk.com,,1
wafeiwan.ru,,1
cobeofccoadakbmo.cc,,1
unbuendiaenmadrid.com,normal.alexa,0
pijrtlbvfqshx.ms,,1
7aitpd41e3ir1xxlhoqew0my7.net,,1
bdtic.com,normal.alexa,0
gqksuesewwkmwgcs.org,,1
ecoqkjijguflxwoj.eu,,1
happythanksgivingdayimages.com,normal.alexa,0
zctana.com,,1
9v8kxvfvw.com,normal.bambenek,0
ltrpsomway.net,,1
w670o4wl7lifqxu.ddns.net,,1
1vwiay21mhhj5fz29qvq15pi7dl.com,,1
paulhastings.com,normal.alexa,0
fkqepahy.com,,1
pnhjgsbmeyukd.org,,1
xaa10x1mjcuxl467j7h12lgevt.net,dga.post,1
tourismecorreze.com,normal.alexa,0
coffeekind.com,normal.alexa,0
emusician.com,normal.alexa,0
duifsu.com,,1
meski-humorr.pl,normal.alexa,0
byrbuqwdiwknivzdiznjqklvcua.biz,,1
elc.edu.sa,normal.alexa,0
xxxgirlspics.com,normal.alexa,0
ppqymachuslazaroqok.com,dga.banjori,1
officeorbiter.dk,normal.alexa,0
apneamagazine.com,normal.alexa,0
studenten-wg.de,normal.alexa,0
routebyroad.com,normal.alexa,0
control-point.ru,normal.alexa,0
p7h9n3rxxmmu8hvarh1v6iv87.com,,1
fortinet.com,normal.alexa,0
wbmoxbnbckqlurx.ru,,1
cookingwithawallflower.com,normal.alexa,0
mdoyzvveju.info,,1
chinapet.com,normal.alexa,0
2x3dsq1uavfalcvenly1fbnie8.org,dga.post,1
blog-connection.com,normal.alexa,0
tbwdiologistbikerepil.com,dga.banjori,1
ns1.dnsfor7.org,,1
play-ff11.com,normal.alexa,0
77f12f3ee664248dfb6cff013b4a154e.cz.cc,,1
legacycreditunion.com,normal.alexa,0
eewwhnnwugrfmsexokk.com,,1
rfretdt.info,,1
audiovideo2go.com,normal.alexa,0
hfrsprlkd.com,,1
ccut.edu.tw,normal.alexa,0
pfhcycmdqdetinqkijddmdqugbm.com,,1
elcompartir.com,normal.alexa,0
cvxbsdvbmntbfxxum.info,,1
throughforever.net,,1
naopoylfviurrnb.com,,1
ib8ihmqajy33wud1c8.cn,,1
vos-formalites.fr,normal.alexa,0
maavaishnavi.com,normal.alexa,0
a87d2472c3d96c751a0e8f0a71c0f224.org,,1
wrhdysqmnx.org,,1
cultureapologizestufffirm.com,,1
mqstt7e3clsnzuofxr1nnov7u.org,,1
putnamstandard.com,normal.alexa,0
coulissesduref.fr,normal.alexa,0
owomfoedovukoc.ddns.net,,1
marketing-automation.pl,normal.alexa,0
techlineinfo.com,normal.alexa,0
guitartricks.com,normal.alexa,0
6e5d8cdc0a029f9d91160e4de1ec1303.info,,1
amalandtube.com,normal.alexa,0
hcxrssvuuitibmwlj.com,,1
fmdnmldmovvjjukvn.com,,1
boo-box.com.br,normal.alexa,0
sepyc.gob.mx,normal.alexa,0
speakersponsor.com,normal.alexa,0
emgweqyqiwmesaya.org,,1
dutyhears.space,normal.alexa,0
geeky-jez.tumblr.com,normal.alexa,0
smotri-filmi.net,normal.alexa,0
ta74dq70hqzs.org,,1
arminfo.am,normal.alexa,0
hkbejkx.top,,1
fattpa.net,normal.alexa,0
jdaqwskbfhwkxorobqbiylpsg.com,,1
esmgdxlnwsudly.org,,1
team-black.pl,normal.alexa,0
partenaire-webmarketing.com,normal.alexa,0
kejsrck.info,,1
answeranimal.com,normal.alexa,0
condeoeiras.edu.pt,normal.alexa,0
leojurof.ru,,1
yhlylepmubu.us,,1
wejcqzbosbczzlnikyvt.com,,1
ezinearticle.com,normal.alexa,0
hexasoft.com.my,normal.alexa,0
iesqancorml.com,,1
stylight.ca,normal.alexa,0
hnzxwfgzhsklpxfpi.net,,1
sqkcvz.net,,1
haylidejong.com,normal.alexa,0
cveatrrvlqub.net,,1
wckeykmpxiyrumqvb.org,,1
lijenb.cn,,1
jlsvktitjnsc.com,,1
hope-recipes.ru,normal.alexa,0
xxxswfglantdonaa.eu,,1
linkrosa.com.br,normal.alexa,0
lubuskie.pl,normal.alexa,0
tcvuqtkc.yi.org,,1
huaxia8.com,normal.alexa,0
v41unox6bw1a.com,dga.qadars,1
abhgvntzqyoizyhdc.info,,1
gk24.pl,normal.alexa,0
ovcaptgjbvkbepamrslrlsx.ru,,1
uniscanner.com,normal.alexa,0
wadaidegood.link,normal.alexa,0
yyuihmtl.com,,1
bozfeoju.ru,,1
uoa.gr,normal.alexa,0
videoculinary.ru,normal.alexa,0
n960259241dcc0165d0100da4ea8224c5a.in,,1
zahaira.de,normal.alexa,0
nhnek0yutrc71euqhj71o9plg2.org,,1
hbmiinalcentricem.com,,1
921.la,normal.alexa,0
tkmitino.ru,normal.alexa,0
acehnetwork.com,normal.alexa,0
ns1.backdates9.com,,1
bjkerasildeafeninguvuc.com,dga.banjori,1
kajalguiwcymao.info,,1
uoqmysyseqiackse.org,,1
burgerkingencasa.es,normal.alexa,0
dtntsb113zz06zajaik1vkzb9f.biz,,1
optimaitalia.com,normal.alexa,0
nrjvfvnfbvsw.com,,1
hiujpevlplbqetsauf.com,,1
refbmikwnplclp.biz,dga.murofet,1
gulakatten.se,normal.alexa,0
amtraktraindays.com,normal.alexa,0
skcuqcgauoiwusko.org,,1
nsnzsat.biz,,1
vzxkcd.org,,1
politicsparty.com,normal.alexa,0
tlfhdgjnmuxqxxjug.net,,1
codemarts.com,normal.alexa,0
cryptodiscount.info,normal.alexa,0
cuircenter.com,normal.alexa,0
lwvacml.info,,1
irpdf98.com,normal.alexa,0
ekspertai.lt,normal.alexa,0
karls-shop.de,normal.alexa,0
ns4zi611j3ifr1u9c8ro1xisgbk.org,,1
heardcompany.net,,1
putlocker.cz,normal.alexa,0
kotnijo.com,normal.alexa,0
justfly.com,normal.alexa,0
whitetv.se,normal.alexa,0
3x6xt2clrymh7d53.ru,,1
eyfnrvlfddkyol.com,,1
belo.tmall.com,normal.alexa,0
runczech.com,normal.alexa,0
plyr.io,normal.alexa,0
xjx0x21dujgno1se00py12dhjwt.net,,1
hiscox.de,normal.alexa,0
pnjnqgbafumnhurstvslxwz.ru,,1
rqkhxqob.net,,1
qeofanmo.ru,dga.pushdo,1
font-geeks.com,normal.alexa,0
22sxsbcjbk1wj4h.net,,1
bohoastro.com,normal.alexa,0
fbntlsjhkhbi.info,,1
ploxreredotnte.net,,1
bnmxbnigatdmam.su,,1
jsuizig.info,,1
kqgbfpniwcyany.so,,1
6giay.vn,normal.alexa,0
l5vquqs1rm5qc6c2mm.com,,1
eimgixooqvlru.info,,1
qgb2gk1t21sjj1sf6jgs1pbgmt0.biz,,1
wnhqbvscxr.info,,1
pilatesshop.it,normal.alexa,0
tekfhy.ws,,1
apptopia.com,normal.alexa,0
iqaoookcwimgisam.org,,1
jecygyrereb.eu,,1
jobmote.com,normal.alexa,0
fucking-galleries.com,normal.alexa,0
own.ie,normal.alexa,0
raa.com.au,normal.alexa,0
dancefan.jp,normal.alexa,0
rskqoqkiykmcuvv.com,,1
planetbeachshop.com,normal.alexa,0
wnwjibytov.top,,1
interestbandconditionegg.com,,1
inspec-thor.com,normal.alexa,0
tgdmensfy.com,,1
daddyfuckingdaughter.com,normal.alexa,0
sagestart.com.br,normal.alexa,0
jobatus.it,normal.alexa,0
commercialisti.it,normal.alexa,0
uaekupeittb.net,,1
ebcecbolmcdccofl.online,,1
butohky.info,,1
jbkrvslykseb.com,dga.tinba,1
bestbody.it,normal.alexa,0
shpalayergetadobefl.net,,1
lopezgarci.com,normal.alexa,0
anime-zim.com,normal.alexa,0
itver.cc,normal.alexa,0
unicreditsubitocasa.it,normal.alexa,0
xn--ecklrp4a7fc3otdg8hfc.com,normal.alexa,0
warsawfoodie.pl,normal.alexa,0
uscvromqqutiwzmkjjymsmre.org,dga.qakbot,1
innasoft.in,normal.alexa,0
rybki.com.ua,normal.alexa,0
storefrontnews.org,normal.alexa,0
pictacular.co,normal.alexa,0
desnuda.top,normal.alexa,0
bapuxqid.ru,,1
puxandolegal.org,normal.alexa,0
halokaz.info,,1
ukahtipaa.ddns.net,,1
leitawaw.ru,,1
techmanik.com,normal.alexa,0
iweiqqsw.org,,1
uqfauhircevaamk.ddns.net,,1
nikidoors.com,normal.alexa,0
zibbet.com,normal.alexa,0
studentfinancewales.co.uk,normal.alexa,0
mathieu-leplatre.info,normal.alexa,0
executari.com,normal.alexa,0
dlenalcannmbmaaa.com,,1
vbl-ticker.de,normal.alexa,0
cbddaclbflfkbfaa.com,,1
qqmxuyueehot.com,,1
xfwhwllirsty.com,dga.tinba,1
fbafcadbflabbond.co.uk,,1
xlobo.com,normal.alexa,0
dcresource.biz,normal.alexa,0
amidatafeeder.com,normal.alexa,0
dodomd.org,,1
liuliangshop.com,normal.alexa,0
i5wi37jlwjibviiovp.biz,,1
granny-sex.biz,normal.alexa,0
bmzapkbct.top,,1
reonurinacwouka.ddns.net,,1
ipihsr1jjx309zei9gb1h7dshh.org,,1
yepgpikdy.info,,1
metropolismag.com,normal.alexa,0
ncsbi.gov,normal.alexa,0
pmkyhb.dynserv.com,,1
tdpnutvtuuv.com,,1
siemens-home.com.hk,normal.alexa,0
xd4frmlhydl2mi.com,,1
ns1.dnsfor15.org,,1
ermfdcrunqts.xyz,,1
usjr.edu.ph,normal.alexa,0
ehacivuxiv.ddns.net,,1
adobefltashplayerge.net,,1
iherb.ae,normal.alexa,0
oasisnyc.net,normal.alexa,0
ckbkos8e2qkgduzno4.biz,,1
fnkljace.net,,1
8e51c1e68372b1a6f2adec4673130d93.org,,1
yourfileinfo.com,normal.alexa,0
qkthibon.com,,1
bmbcddbdefonafao.website,,1
pz3k4aywuqn92.net,,1
lifeistremendez.com,normal.alexa,0
autouncle.pt,normal.alexa,0
ybet.be,normal.alexa,0
1kt1zho74uivabjuq3g8wtmdj.biz,,1
egvsee.com,,1
d-alhaoa.com,normal.alexa,0
findsites.net,normal.alexa,0
dwzxonplfhabeeiwdalzdahi.ru,,1
search101sweets.com,normal.alexa,0
srsjqknlbsw.net,,1
mdcwotiwmtya.org,,1
ua-format.com,normal.alexa,0
knrrdkel.com,,1
shgtj.gov.cn,normal.alexa,0
190n0rh1gmwaugrby3bt1kdtfty.org,,1
etfusuyvnf.com,,1
qoweiheo.ru,,1
naometoquers.com.br,normal.alexa,0
apihome.cn,normal.alexa,0
lenita.fr,normal.alexa,0
aaoaummkkwwigukk.org,,1
joh1todufs23v56cfsr7.ddns.net,,1
rereodotntexpl.net,,1
d961vv1kusqax1e1xvxg1d6zooj.net,,1
i24.by,normal.alexa,0
fdhtvuxqtmdm.com,,1
usquyccaagcaqeci.org,dga.ramdo,1
lngzw.gov.cn,normal.alexa,0
chiefladder.net,,1
nwbeats.com,normal.alexa,0
presstetouan.com,normal.alexa,0
live8bo1.com,normal.alexa,0
justagame.com,normal.alexa,0
127r0pn17s22a5gc434s18rows6.net,,1
pfitblog.com,normal.alexa,0
manytools.org,normal.alexa,0
icharlotterealestate.com,normal.alexa,0
lqdkrqmfvpsibhi.info,,1
ladvie.info,,1
bfxomrvtuugf.org,,1
cpateacher.com,normal.alexa,0
likelink.co.kr,normal.alexa,0
newhorizonsnigeria.com,normal.alexa,0
nsxa.com.au,normal.alexa,0
tafrihi3.ir,normal.alexa,0
menshealthtr.com,normal.alexa,0
eyesofthebeast.com,normal.alexa,0
1w4exex1fh5y561vng2ij1d9v4lz.com,,1
sudina.in,normal.alexa,0
russian-luxus.de,normal.alexa,0
gewlplefrostbitecycz.com,dga.banjori,1
qcynamiwfssqbfm.info,,1
ef243cbcfaf1f2df5b51444940b247e1.co.cc,,1
guym.jp,normal.alexa,0
ramishaqsi.com,normal.alexa,0
kerusso.com,normal.alexa,0
coretree.com,normal.alexa,0
asians247.com,normal.alexa,0
lotosnavigator.pl,normal.alexa,0
1ri84qlnpd3kw18cds1516osa9o.org,,1
cuqwywyuugyw.com,,1
recettes-economiques.com,normal.alexa,0
hgdzkmpsmv.org,,1
theworldbeneathmyfeet.com,normal.alexa,0
ns1.backdates18.info,,1
izq5ssiyua39sfw.com,,1
neajupje.ru,,1
samregion.ru,normal.alexa,0
fhxkbabgmld.net,,1
demokraatti.fi,normal.alexa,0
hhpta.com,normal.alexa,0
jinbo.net,normal.alexa,0
kihhamentalistfanchonut.com,dga.banjori,1
service-manual-pdf.com,normal.alexa,0
thegrindstone.com,normal.alexa,0
patricklam.ca,normal.alexa,0
powerlinx.com,normal.alexa,0
leawufok.ru,,1
ecomony.com,normal.alexa,0
jepogaj.info,,1
drinkhorse.net,,1
residentevildatabase.com,normal.alexa,0
outlawaudio.com,normal.alexa,0
15ih3wsasfpwpl60u6l1dgo9zu.com,,1
binndfwye.org,dga.conficker,1
peliculasonline.asia,normal.alexa,0
portaldeauditoria.com.br,normal.alexa,0
event-works.com,normal.alexa,0
mvjrmjtpxgeuddjneqkvkviz.ru,,1
ihalofsfu.ru,,1
chemglass.com,normal.alexa,0
eelnsk.com,,1
tissot.by,normal.alexa,0
bizklix.com,normal.alexa,0
supermama.com,normal.alexa,0
bikinidream.net,normal.alexa,0
angliacarauctions.co.uk,normal.alexa,0
cube19.com,normal.alexa,0
sbgvq85tw836cfejyd1.ddns.net,,1
nigabisouwkok.ddns.net,,1
acestreamguide.com,normal.alexa,0
siposu.com,,1
m5t64kpun568kk1r3v.ru,,1
1ccs2ei14qloew1g8xymysaa2gc.net,,1
5xcdre1c09u2f1a2yl81lp30jg.org,,1
isfic.info,normal.alexa,0
quatuor-lantern.com,normal.alexa,0
mvskchktunwed.co,,1
dhpdcbbimpgenrmfn.in,,1
1uuq58r19gpq5c1h86p8zqkq0g.biz,,1
qkrkukdvkzxnfxsgsgqsvskzts.ru,,1
mydojltbqjnwailyyoa.com,,1
wdsorl.eu,,1
2khead.com,normal.alexa,0
xvxqzcn.org,,1
mjqnsh.cn,dga.conficker,1
motionpoint.com,normal.alexa,0
qywrxjospnmiefrvbmx.com,,1
ykikapquwdggdv.tw,,1
ptuollifxc.info,,1
mxfqaqfcdh.info,,1
ygplukliyl.mx,,1
sebamed.com,normal.alexa,0
cqbep.biz,,1
ususgwcsasyymeme.org,dga.ramdo,1
ptdw4snzsm2rz.com,,1
qcbykqaqdtqxrbuu.eu,,1
rjonqfij.com,,1
wwihbsaywgcwcsfk.net,,1
qdrcvdnwma.biz,,1
teamcom.io,normal.alexa,0
shashlikoff.com,normal.alexa,0
1txgv6d3u3p2e4rgwwhmtfri.org,,1
bfdcmncdbkcondla.com,,1
0s.net.cn,normal.alexa,0
engenerico.com,normal.alexa,0
vgflpsun.com,,1
bocinbdu4jzu86v6.ru,,1
allbbwcams.com,normal.alexa,0
blinkanditsover.com,normal.alexa,0
rvicrqbgipy.info,,1
2f902aef5ce0e84b7c94298bbccbc5f1.co.cc,,1
41b405ef7d5d24c593f83a126a20108f.org,,1
zdsawfvtfj.com,,1
gupshupcorner.net,normal.alexa,0
laptopnsc.vn,normal.alexa,0
efu0mn7x5psfk6ohitu.ddns.net,,1
1ew9asvoe35wo533g2w9wnz2o.net,,1
rywjriaoyydk.com,,1
getthatprosound.com,normal.alexa,0
h075154b00211568fee5ae0296cd181525.ws,,1
q433575d64946b50d4bd25b0dbb2d281ad.tk,,1
suhaturizm.com.tr,normal.alexa,0
outofcontrol.ca,normal.alexa,0
28tlbb.com,normal.alexa,0
hapticlab.com,normal.alexa,0
mysewingadventure.com,normal.alexa,0
xgzqnxrkl5gng.com,,1
muslimarket.com,normal.alexa,0
zeqsgaji.com,,1
bracketeers.com,normal.alexa,0
egear.be,normal.alexa,0
hanimusic.com,normal.alexa,0
livebrack.com,normal.alexa,0
uvo3secp2du74gr657.ru,,1
zhfyprhkoq9nolg.net,,1
zju.edu.cn,normal.alexa,0
dailybitsof.com,normal.alexa,0
ceh.vn,normal.alexa,0
luminaires-online.fr,normal.alexa,0
brainstormer.com,normal.alexa,0
acint.net,normal.alexa,0
rathernature.net,,1
shanghaidisneyresort.com.cn,normal.alexa,0
e-smokeireland.eu,normal.alexa,0
hitstriathlonseries.com,normal.alexa,0
gcyub.com,,1
pcdob.org.br,normal.alexa,0
dkukbzonfd.com,,1
classiccampstoves.com,normal.alexa,0
ezqpqtude.com,,1
yihndpci.com,,1
mastitorrents.net,normal.alexa,0
sibiu.ro,normal.alexa,0
tutmet.ru,normal.alexa,0
aeroflowinc.com,normal.alexa,0
xokikugx.ru,dga.pushdo,1
2u.lv,normal.alexa,0
cjekipxhjqyopy.com,,1
manchestereveningnews.co.uk,normal.alexa,0
wydirelegoh.eu,,1
carnationhomecleaninginc.com,normal.alexa,0
3tzw79d2tll0y85z42cjkv9t.biz,,1
qpu.com.cn,normal.alexa,0
mooloolabatourism.com.au,normal.alexa,0
internetsecure.com,normal.alexa,0
mobi-c.ru,normal.alexa,0
xenkgqnwwu.dynserv.com,,1
doogeex5.tk,normal.alexa,0
closetdamari.com,normal.alexa,0
obaaaaabebaamkda.info,,1
kdwjccfeflnfpx.com,dga.ramnit,1
tqdictxlbkxqsu.tw,,1
metrogreek.com,normal.alexa,0
diamondbackcovers.com,normal.alexa,0
osehlebcxfuexcylcwll.jp,,1
wxekedzgzibgukdn17.com,,1
ummeou.org,,1
kygbafraco.kz,,1
tvportal.rs,normal.alexa,0
lifeatworkportal.com,normal.alexa,0
d941d92590578ac2968247450d4e564a90.in,,1
scaleout.co,normal.alexa,0
online7.ir,normal.alexa,0
5bmbabilyva4w0m.ddns.net,,1
1wplqbnkbto5vyuwyfj3ajasn.com,,1
ours-nature.ru,normal.alexa,0
evkrqfqfyp.org,,1
sporty-springers.de,normal.alexa,0
lsc6ltsvcbc91myj14zpkhh0p.biz,,1
faibels.de,normal.alexa,0
daughterlover.tumblr.com,normal.alexa,0
vwtzuz.info,dga.conficker,1
dreamrealmsroleplaying.com,normal.alexa,0
qcrcubztjvbanzpfnrhwqqe.ru,,1
10yx2ivkx1fi4cfvtid198bq2m.com,,1
beflashplayeorgetad.co.uk,,1
technorhythms.com,normal.alexa,0
ef243cbcfaf1f2df5b51444940b247e1.org,,1
8io05ojv072e1fvwcfeupg58h.org,,1
lpexpress.lt,normal.alexa,0
sensualmamas.com,normal.alexa,0
sbexavqd.top,,1
oupbererwyatanb.com,dga.banjori,1
cmknxgxhqtqrrniri.net,,1
tadobeeflashplayerg.net,,1
threelend.net,,1
1g7awv1eq09ay1e6kuf7m7lr26.net,,1
jackedpack.com,normal.alexa,0
thecookiecountess.com,normal.alexa,0
gold-faces.com,normal.alexa,0
ntextploreredo.info,,1
miuoxjlmncigfpyi.eu,,1
dafacncamecfbfdl.net,,1
bivalkfbdqax.net,,1
r7alh.com,normal.alexa,0
kaessbohrerstrasse9.de,normal.alexa,0
pardesilink.com,normal.alexa,0
pjgwxsqwbdqh.com,,1
novosibdom.ru,normal.alexa,0
mwkfgdridjsdrnppp.com,,1
smartaddon.com,normal.alexa,0
rmbwvkgrg.com,,1
coverfx.com,normal.alexa,0
raytheon.com,normal.alexa,0
gkeslexa.com,,1
siflancorml.com,dga.banjori,1
9hqp4w1ftsk5xwp.com,,1
1t2tp451rc77811o5hsvlsljq7h.com,,1
valledaostaglocal.it,normal.alexa,0
lejournaltoulousain.fr,normal.alexa,0
jdrf.org,normal.alexa,0
14qjyfg958rybpc00s32l16p2.net,,1
afrinolly.com,normal.alexa,0
overafazg.org,,1
kc225swiwmr5pzr.net,,1
he-pai.cn,normal.alexa,0
chocolissimo.pl,normal.alexa,0
uidrmunbqyyn.biz,dga.tinba,1
weblinepromo.ru,normal.alexa,0
toolsyar.com,normal.alexa,0
grocerygateway.com,normal.alexa,0
lcfxaobroppvfknp.im,,1
eyxrfriqohlkvromls.in,,1
bodymindinstitute.com,normal.alexa,0
utellstory.com,normal.alexa,0
hackyshacky.com,normal.alexa,0
tvvkzvatn.info,,1
botick.com,normal.alexa,0
ragoceakhitet.ddns.net,,1
bdjobs.com.bd,normal.alexa,0
tarocchidellacartomante.it,normal.alexa,0
liradununoxua.ddns.net,,1
ipbux.ru,normal.alexa,0
onboardiq.com,normal.alexa,0
adoptionhelp.org,normal.alexa,0
vcqktpkvero.yi.org,,1
epay.ps,normal.alexa,0
ucnrs.org,normal.alexa,0
pzluwzuaocnyjfcrxkwuruhzc.org,dga.qakbot,1
pfltdzfaes.net,,1
ebmdgjjrvmmf.com,,1
j-bus.co.jp,normal.alexa,0
jyejtehyufr.dynserv.com,,1
ponyhead.com,normal.alexa,0
wrqfpsoqvriwhpcb.info,,1
inlandchurch.org,normal.alexa,0
pyzkvzxpx.info,,1
ojwnuvsyymdfljxbyu.com,dga.ramnit,1
tore-tate.co.jp,normal.alexa,0
uscolist.com,normal.alexa,0
firstcapital.com.cn,normal.alexa,0
d52usdea5rnoj.net,,1
bemmbbjyyitm.com,,1
mmbhkhzkxcpscrgox.net,,1
kisskissbankbank.com,normal.alexa,0
risofdzfbjxvokexjoykasl.info,,1
acertandosuascontas.com.br,normal.alexa,0
sprayprogresssmelldeposit.com,dga.matsnu,1
taond.com,normal.alexa,0
electricsuppliesonline.com,normal.alexa,0
yykctrwjdcpxzyud.com,,1
lpajis1p3gee017c4qwl1w0t18j.com,,1
yqqwfgeoya.net,dga.pykspa,1
123musiq.asia,normal.alexa,0
kcioltyxt.com,,1
dertegs.info,,1
timtech.us,normal.alexa,0
errylw.info,,1
p00zstbt7xjuzcrg.com,,1
qluaptojcwh.com,,1
belajarforexpro.com,normal.alexa,0
carpling.com,normal.alexa,0
avmc1awn3iuifcts72.ru,,1
cnz4ix37ltstz42ozx.cn,,1
vsens.com,normal.alexa,0
odqitoemkiifi.ddns.net,,1
dibaio.com,normal.alexa,0
wbmpyn5xcpe2grotixi.ddns.net,,1
inec.org.br,normal.alexa,0
rubytuesdayrestaurants.com,normal.alexa,0
wewear.org,normal.alexa,0
child-encyclopedia.com,normal.alexa,0
australia-businessdirectory.com,normal.alexa,0
19j32f41b1dgan15bcwo41xixubu.org,,1
bjdclub.ru,normal.alexa,0
salaryrentradioapplyapproach.com,,1
umsu.ac.id,normal.alexa,0
buyingcome.com,normal.alexa,0
watchhear.net,,1
upcdatabase.org,normal.alexa,0
gurulk.com,normal.alexa,0
yghgdydixdlnu.biz,,1
anketolog.ru,normal.alexa,0
honshibori-mag.jp,normal.alexa,0
1ktbrly1hzzr85aajdtx6r415v.net,,1
christobeltimothyson.net,,1
humrock.com,normal.alexa,0
kpxwhukvqrkr.com,,1
oletusjuegos.es,normal.alexa,0
win3prize.com,normal.alexa,0
mediaronggolawe.com,normal.alexa,0
starizona.com,normal.alexa,0
xgjvueeecatdkfdok.com,,1
racesport.nl,normal.alexa,0
68opekwkxg7iro4ot1.net,,1
lcsrqxun.biz,,1
crotonesport.com,normal.alexa,0
gifly.com,normal.alexa,0
ghptkwtikzxongpg.biz,,1
clubedecriacao.com.br,normal.alexa,0
karya.ir,normal.alexa,0
diarmusic.ir,normal.alexa,0
brandhousebangkok.com,normal.alexa,0
stryker.com,normal.alexa,0
kmjfibktsrop.com,,1
gedhererwyatanb.com,dga.banjori,1
corregime.com,normal.alexa,0
kiugysyuaigus.com,,1
dchcsdwehyjudeors.net,,1
pcgthnl.net,,1
prestesaressurgir.blogspot.com.br,normal.alexa,0
yeniumit.com.tr,normal.alexa,0
acessobrokers.com.br,normal.alexa,0
fureur.org,normal.alexa,0
ttkfwcledq.com,,1
msatmyclbe.com,,1
tcrsb.ca,normal.alexa,0
frontex.ru,normal.alexa,0
myticket.co.uk,normal.alexa,0
gqwkecqamosaayyo.org,,1
blueimp.net,normal.alexa,0
wcrkemlzthtwhupzswwvsrwdykj.com,,1
bbanasxdnterfbraevrampvo.com,,1
disc.co.jp,normal.alexa,0
mkqdsvvo.com,dga.conficker,1
aiavitality.com.sg,normal.alexa,0
vniims.ru,normal.alexa,0
travelopod.com,normal.alexa,0
glmisoefbos.com,,1
nvg.org,normal.alexa,0
skmeogmauseuksqc.org,,1
riotpixels.net,normal.alexa,0
1ujjs0b1tbyud6yqwlkxuzlwc5.biz,,1
imediadesk.com,normal.alexa,0
xuqosan.info,,1
weekendramblings.com,normal.alexa,0
kf81ffhuvqp3t4mcwu.com,,1
15fbual1s6si0hek34q6108p9lf.net,,1
hahikuh.info,dga.simda,1
dichvusonsuanha.net,normal.alexa,0
thewebpower.com,normal.alexa,0
keepcoding.es,normal.alexa,0
educachip.com,normal.alexa,0
wmpjpartbulkyf.com,dga.banjori,1
jcdurmfsx.ru,,1
heart-valve-surgery.com,normal.alexa,0
nopyljk.info,,1
lrnhczwc.cn,dga.conficker,1
g45540c4686332f06f0c033d4e7a53d2c5.cc,,1
humanechoice.com.au,normal.alexa,0
jakasvids.xyz,normal.alexa,0
zqrhc.cn,dga.conficker,1
17h6gchzbaif8n2no43nbk6g8.net,,1
newsexfilms.com,normal.alexa,0
trtjbyplaywobb.com,,1
viajarnews.com,normal.alexa,0
hlbwdywhedrfiprx.eu,,1
rcoaaqpnaih.com,,1
phillyfunguide.com,normal.alexa,0
ptypeaidrwlpifmgqkobjv.info,,1
chordfrenzy.com,normal.alexa,0
ebc6bf80548d92ce00a07df32e3e470783.cc,,1
pominaugxoevic.ddns.net,,1
escortsparisfrance.com,normal.alexa,0
gs1kr.org,normal.alexa,0
timelessteacherstuff.com,normal.alexa,0
gxrf3me5scpcp2o.net,,1
vwp.su,normal.alexa,0
nspire.com.pk,normal.alexa,0
markethallfoods.com,normal.alexa,0
shadowspl0it.com,normal.alexa,0
scyxgqvctszqsdymfifzifoz.ru,,1
iiml.ac.in,normal.alexa,0
joomla-wiki.de,normal.alexa,0
neon24.pl,normal.alexa,0
eshipper.com,normal.alexa,0
slcpage.com,normal.alexa,0
kimyasaladamlar.com,normal.alexa,0
cmijerionirkutskagl.com,,1
nuqzkxnbqld.info,,1
vbxyldjfvipnlemy.eu,,1
x3ygbc1gqyci47ills7av6mif.biz,dga.post,1
hfxz.gov.cn,normal.alexa,0
sportinglife.ca,normal.alexa,0
gedichte-zitate.com,normal.alexa,0
dominicanajoker.com,,1
tiyqjkqsmeetbbsmjrynysupq.biz,,1
psdcircle.com,normal.alexa,0
usmapanama.com,normal.alexa,0
axess.se,normal.alexa,0
sivymow.info,,1
e02g5qf122pjifjuuq1rn3oqs.net,,1
zumtobel.com,normal.alexa,0
definitionseesailtaskapply.com,dga.matsnu,1
ffzlalitydevonianizuwb.com,,1
wanke001.com,normal.alexa,0
sanatorija.lt,normal.alexa,0
mosrrktnzfbfssqg.com,,1
yhajldyxpxjllaxb.eu,,1
3vkvo0c0o67hwde.ddns.net,,1
xboxclips.com,normal.alexa,0
pbwgojemdlzlxlnltgtkda.ru,,1
1eucibzi6fwh64dxotw1si3hv3.biz,,1
megamart.vn,normal.alexa,0
totalhits.ru,normal.alexa,0
yisagwsg.com,,1
webinc.eu,normal.alexa,0
uqdeenhoawn.ddns.net,,1
banditforum.co.uk,normal.alexa,0
srochnodengi.ru,normal.alexa,0
uploadpa.com,normal.alexa,0
zuwpjqwgo4bqovu6wc.biz,dga.rovnix,1
playoptions.it,normal.alexa,0
tggwjowhyhxx.com,dga.tinba,1
atlasformen.ru,normal.alexa,0
xcl070ib3ut3rkez.com,,1
f1be1b52740311d587e90307db076a74ca.in,,1
bgbihlcjiqje.com,,1
officianteric.com,normal.alexa,0
showhealthy.com,normal.alexa,0
omivvabaurulol.ddns.net,,1
lgcl66mgxn8spiwt0t1j01xn4.com,,1
ceineaxo.ru,,1
xopauhabahonu.ddns.net,,1
5x4m92wkmol31dx9quy1yyhncs.net,,1
onlineincomes247.com,normal.alexa,0
changeip.com,normal.alexa,0
popsubtitles.com,normal.alexa,0
umnubbfhgihorkh.click,,1
m2comms.com,normal.alexa,0
asianxxxass.com,normal.alexa,0
q8ylolyjqbwdsdi4s4mhgp7.ddns.net,,1
qdqchfqb.info,,1
okadadwqv.to,,1
17fnb6r1h9064ocxpxnr1b8ssla.biz,,1
wdgbqpotib.top,,1
zooklab.ru,normal.alexa,0
semseo.16mb.com,normal.alexa,0
explus4host.com,normal.alexa,0
ypqsifxztcaaqbyydypronbobpfm.ru,,1
bguawbnumdur.com,,1
fox2008.cn,normal.alexa,0
vdrdchn.eu,,1
wab639e27c19b8b5de770bceceb56e057e.cc,,1
hlkqmnuu.com,dga.necurs,1
renishaw.com,normal.alexa,0
filminebandim.com,normal.alexa,0
ibjfaqaesmwcyofqstodqlp.ru,,1
ewggmlifvbmukwimh.su,,1
universalhobbies.biz,normal.alexa,0
yvhvokyxft.com,,1
jmuqnjuugaikvhpax.ru,dga.necurs,1
jacadi.de,normal.alexa,0
coltivazioneindoor.it,normal.alexa,0
ufdacnjvmcvthvin.eu,,1
usreveal.com,normal.alexa,0
viaalgarviana.org,normal.alexa,0
onacidasdeil.ddns.net,,1
rentlytics.com,normal.alexa,0
efgkyljlvbc.com,dga.ramnit,1
templateca.es,normal.alexa,0
oyuuez.com,,1
puryxoq.com,,1
efiliale.de,normal.alexa,0
fdzporcajanunal.com,dga.banjori,1
856nolubkxaf.net,,1
ns1.dnsfor19.net,,1
chgbqnefqf.top,,1
yawen8.com,normal.alexa,0
jdsnqbifsermjqrn.eu,,1
byojyhuhhzs.info,,1
apukqiowsxk.info,,1
mazdafan.com,normal.alexa,0
prywebcams.com,normal.alexa,0
mobutik.com,normal.alexa,0
jfetyeplubcz.net,,1
pflzuogmcitjnjvrktugdvtws.biz,,1
bianet.org,normal.alexa,0
eyhwszgxdwgx3.com,,1
otgfqd74s6aju4qhivk.ddns.net,,1
etpourquoipascoline.fr,normal.alexa,0
bachelorette.com,normal.alexa,0
svw.tmall.com,normal.alexa,0
zoomerdino.com,normal.alexa,0
indzola.com,normal.alexa,0
czcvize.ru,,1
automart.co.kr,normal.alexa,0
seertechsolutions.com.au,normal.alexa,0
1btqc837buar1neg6ie333jhi.net,,1
kllfdomtfssefidgpr.com,,1
cdnbm.com,normal.alexa,0
heartlandvapes.com,normal.alexa,0
r-mejiro.com,normal.alexa,0
thedofl.com,normal.alexa,0
wanbao.com.sg,normal.alexa,0
hobqesnumdt.com,dga.ramnit,1
fccradioexam.com,normal.alexa,0
streaming-illimite-ci.com,normal.alexa,0
fullertonbayhotel.com,normal.alexa,0
ub012bf0c297ce8e6e3f8ba635835374ae.tk,,1
passiondiecast.com,normal.alexa,0
qoukycuiwcymao.net,,1
0e4asyge0i8e.org,,1
tiqscqvdzudjbope.com,,1
ep7t5fqte4une8mfe0w.ddns.net,,1
idasdle.org,,1
lhkryl.info,,1
kiitresults.com,normal.alexa,0
2ys3vw3cueuafqe8.ru,,1
english-club.tv,normal.alexa,0
dvb73.com,normal.alexa,0
momsvsdaughters.com,normal.alexa,0
weblisher.com.tw,normal.alexa,0
ranthong.com,normal.alexa,0
dailyalert.org,normal.alexa,0
tvsfree.com,normal.alexa,0
1cg75zd2vwx2e15t9fqhyptmb8.biz,,1
faltuengineers.com,normal.alexa,0
salienttheme.com,normal.alexa,0
pozitivcity.com,normal.alexa,0
zorgcmxvue.net,,1
eogresources.com,normal.alexa,0
videospornoweb.com,normal.alexa,0
businessinfo.cz,normal.alexa,0
zippserv.com,normal.alexa,0
irononsticker.com,normal.alexa,0
oabce.org.br,normal.alexa,0
gtumeuelqkrmfvhf.eu,,1
avtech.su,normal.alexa,0
balletoman.com,normal.alexa,0
fever.com,normal.alexa,0
lvspmtlvgnopeug.org,dga.murofet,1
cirkoqpu.ru,,1
zaptex.ru,normal.alexa,0
rawlingsgear.com,normal.alexa,0
body-guard.jp,normal.alexa,0
cjfxdjunqmsqeq.net,,1
axe3sro1vnck64wtix.biz,,1
informagiovani-italia.com,normal.alexa,0
d08d76d771e5addc5e6a3273d79484a4a9.ws,,1
ledroitdereussir.com,normal.alexa,0
wsootd.com,normal.alexa,0
istfhot.eu,,1
newsletter-fotocommunity.net,normal.alexa,0
modelaviation.com,normal.alexa,0
cityapplications.com,normal.alexa,0
porlasalud.net,normal.alexa,0
proges.ro,normal.alexa,0
digventures.com,normal.alexa,0
1pkvqxangq0thvbikpsq1k2q1.org,,1
hahadis.info,,1
maritimematters.com,normal.alexa,0
sen.es,normal.alexa,0
rostock.de,normal.alexa,0
eiyaowawaccgsqyi.org,,1
vathtflibehbfd.cc,dga.necurs,1
blc.edu,normal.alexa,0
webdigital.hu,normal.alexa,0
baederland.de,normal.alexa,0
w6o88qoky6d2fytt51.biz,dga.rovnix,1
a4trk.com,normal.alexa,0
fixabay.com,normal.alexa,0
fluvip.com,normal.alexa,0
tuobradearte.com,normal.alexa,0
onlydigitaljobs.com,normal.alexa,0
sheensol.com,normal.alexa,0
fwd.co.th,normal.alexa,0
ns1.dnsfor4.net,,1
g1project.net,normal.alexa,0
veeds.com,normal.alexa,0
disabilityapplicationhelp.org,normal.alexa,0
yjc5ync9q34x.net,,1
food-club.ru,normal.alexa,0
qovwpartbulkyf.com,,1
ngvsdafc.top,,1
iran16.com,normal.alexa,0
cpa4kdojwrq4305rs6wvaly.ddns.net,,1
gzcvwda.com,,1
iqkcenxhmurv.com,,1
vltfiekhdfcg.biz,,1
webwweb.pl,normal.alexa,0
heromotocorp.biz,normal.alexa,0
dlpch.cn,normal.alexa,0
plantillasmil.com,normal.alexa,0
wikimassa.org,normal.alexa,0
wdeelxs3ipjqgeso32.biz,,1
tkyiortwiqnviqqe.org,,1
1wmd3xz16jue42126qyswby1bwo.com,,1
bcbbcfkdkfacadfd.cc,,1
eawuestnessbiophysicalohax.com,dga.banjori,1
okamura.co.jp,normal.alexa,0
gomexp.com,normal.alexa,0
w1xc2l2uy79b2tm3be1oie0op.net,dga.post,1
o4epm8sbeh1vytub54u.ddns.net,,1
blacklighthentai.net,normal.alexa,0
knhxwlxbxgklsf.org,,1
okdekiacreurhak.ddns.net,,1
buscojobs.com.br,normal.alexa,0
ovcfojkxyhk.top,,1
x4n0umu3bf8hi7un.cn,,1
nhcimbnnvlz.ws,dga.conficker,1
knauf-bauprodukte.de,normal.alexa,0
axcdejmhapmxc8s.ddns.net,,1
gycqtuosdeuofuambpztmf.com,,1
primoconso.com,normal.alexa,0
cujjrka.info,,1
eidershop.com,normal.alexa,0
gnkbsti.ru,,1
ihbgroup.ir,normal.alexa,0
ncc.gov.ng,normal.alexa,0
showpass.co,normal.alexa,0
fajnewczasy.pl,normal.alexa,0
bwaswyvuvkb.org,,1
jhpaulzvxq.com,,1
panjilil.ru,,1
hjdlidablyhoosieraw.com,dga.banjori,1
juikkpnooemlnwz.biz,,1
elysdata.com,normal.alexa,0
dplbsk.net,,1
nj53nn24soxypcgtuh.ru,,1
jomagyar.hu,normal.alexa,0
ilzkojumbiukzepvj.net,,1
ezcduyzv.com,,1
f2cdfd94415db435853381dc9b0ae5ea.co.cc,,1
fatturaelettronica.pa.it,normal.alexa,0
lippioutdoor.com,normal.alexa,0
c6c38dd5a04a35985811f5ee175004c5.org,,1
smartwebby.com,normal.alexa,0
nobleaudio.com,normal.alexa,0
semcomp.ru,normal.alexa,0
xcgnqkituyr.com,,1
27399.com,normal.alexa,0
intraservice.ru,normal.alexa,0
xzbv43cv0ccy11encqb5snm81.net,dga.post,1
webspor.pw,normal.alexa,0
musictook.net,,1
hltmgsr.info,,1
dlyqklsccdxl.com,dga.tinba,1
kaspersky.co.jp,normal.alexa,0
ykhhbeexdndcauu.com,,1
sgdatingportal.com,normal.alexa,0
anylistapp.com,normal.alexa,0
17vy3ce137umd5mddpvvg3pjc0.com,,1
singhisbling.in,normal.alexa,0
dramasia.biz,normal.alexa,0
wmrjms1zvenxve.net,,1
comiccollectorlive.com,normal.alexa,0
ns1.backdates19.com,,1
ihhekvt.info,,1
seaknz.com,,1
16epkrx1jonq8u1g8y7kvyqq8i3.org,,1
s0ujwn1li0m6o0o.ddns.net,,1
britishfare.com,normal.alexa,0
docguide.com,normal.alexa,0
visibrain.com,normal.alexa,0
jbtobfdwjfzp.com,,1
phyhmen.com,dga.banjori,1
borderlandsthegame.com,normal.alexa,0
fontpair.co,normal.alexa,0
guvd.gov.by,normal.alexa,0
btvglfvr6nma1pci7d31hht0cs.com,,1
vstmjfumffqx.com,,1
naulhcnrbfajvslkku.mu,,1
zcf6w282e4rta2pd4m.cn,,1
eqhdsnvdciksbxfsc.ru,,1
curecos.com,normal.alexa,0
mbbmdfocdfbdkfcd.info,,1
xd77yn1pfuwri7xi.org,,1
tudss3bnmf13my0rkg1hnm7wf.com,,1
jbaxggokstfkgctzs.net,,1
nieixuqs.info,,1
camofire.com,normal.alexa,0
sgcrambpmuqrc.mu,,1
xudeqyj.info,,1
05188.com,normal.alexa,0
zjnejaoeke4k.com,,1
rzkeellefrictionlessv.com,dga.banjori,1
qixougrol.ddns.net,,1
1nhyging0e70t16x747f6h8dn2.org,,1
nqdpwyfiwlejmpibl.net,,1
gamajwxbwzpnedniufjtkikk.org,,1
wealthmanagement.dk,normal.alexa,0
qtyjoavigbbijmctexwt.in,,1
fmjjmagwbnyzvjmj0.com,,1
rytacyv.net,,1
findsimilarsites.fr,normal.alexa,0
biabzfziavv.info,dga.nymaim,1
luxesource.com,normal.alexa,0
husbandchoose.net,,1
qusclqvnjrroxpgw3.com,,1
uk8b1ihxfs971tkicgo1thmpm5.com,,1
cha-nawa.com,normal.alexa,0
ekt.gr,normal.alexa,0
influencersfilm.com,normal.alexa,0
dusmrsxcgazxnjtkfcucqcmx.ru,,1
moretackle.com,normal.alexa,0
vffnwjimkc.dynserv.com,,1
irmjkvukcidqpidirvsrkry.ru,,1
afbf32632fd71ca2f30b072880b462d6.co.cc,,1
fjaprsensinaix.com,dga.banjori,1
hofjlgtbmh.com,,1
myasiantv.com,normal.alexa,0
deoledwaemvuh.ddns.net,,1
sckr.si,normal.alexa,0
superfutboltv.net,normal.alexa,0
a3len-hona.com,normal.alexa,0
ahskjnrhueg.net,,1
sl-schrauben.de,normal.alexa,0
keratonattheplazajakarta.com,normal.alexa,0
tipsvstricks.net,normal.alexa,0
calisir.net,normal.alexa,0
mcygemaisqwkmyaq.org,,1
gtegacj.info,,1
zyjezuzy.ru,,1
nshzgtjskzpf.yi.org,,1
nppriologistbikerepil.com,,1
akkn4o5nu4nia.com,,1
khansaheb.ae,normal.alexa,0
uuaauyiggs.org,,1
piusi.com,normal.alexa,0
csalsa.com,,1
engineerretaingrabmovereveal.com,dga.matsnu,1
paraavis.com,normal.alexa,0
premieropencart.com,normal.alexa,0
vividspa.ca,normal.alexa,0
artesparaweb.blogspot.com.br,normal.alexa,0
dbymfcmuqcvyp.info,,1
billspetrino.com,normal.alexa,0
slukrrb.info,,1
kadoro.pl,normal.alexa,0
europcar-atlantique.fr,normal.alexa,0
ablehunt.net,,1
crystalandrusmorissette.com,normal.alexa,0
afrcup.in,normal.alexa,0
egy-lawyers.com,normal.alexa,0
pojaru.net.ru,normal.alexa,0
kpgfabvj.com,,1
adclkquovrccdd.com,,1
sunshinesrilanka.com,normal.alexa,0
mfsranqd.top,,1
zmchqxmq.biz,,1
ciaokpop.com,normal.alexa,0
tzdlvpnjzlmtsirfmlrkrea.ru,,1
30tododia.com.br,normal.alexa,0
labtec.com.ve,normal.alexa,0
gexnxdwkjam.com,,1
msuxxujxekkp.com,,1
autotochka68.ru,normal.alexa,0
meb-econom.ru,normal.alexa,0
lnbujhpltayrjh.com,,1
onedoc.ru,normal.alexa,0
amtvsp.info,,1
forcerewardruinnamecoach.com,dga.matsnu,1
ackcdcmblodalfbm.com,,1
qljnplpfhfxngd.pw,,1
1177.se,normal.alexa,0
zj36jfg386x78afizn.net,,1
nnqmjuubnlcpiy.org,,1
hot-travel.org,normal.alexa,0
xldytt.com,normal.alexa,0
lrhadgmvwucvotrobcaukjnryt.ru,,1
chinasexq.com,normal.alexa,0
1b4rv9f16iy11ygzhavg2zyk28.org,dga.post,1
scxdrbxjz4681fs78he164y9uv.com,,1
retrorope.tumblr.com,normal.alexa,0
sjm.com,normal.alexa,0
obergatlinburg.com,normal.alexa,0
krmjalihqfu8gjgxy85ra0u.ddns.net,,1
netart.us,normal.alexa,0
fekesaxu.ddns.net,,1
singstar.com,normal.alexa,0
ammcoats.com,normal.alexa,0
otntedxplorere.info,,1
kizi1com.com,normal.alexa,0
driverswin.com,normal.alexa,0
djotheiehg.info,dga.conficker,1
focusmalaysia.my,normal.alexa,0
episcopalchurch.org,normal.alexa,0
directdownload.tv,normal.alexa,0
mrpricegroup.com,normal.alexa,0
fonizwhgnqp.ru,,1
fentimans.com,normal.alexa,0
ilzqivbvbhmmuq.com,,1
freeemulator.com,normal.alexa,0
thecouponproject.com,normal.alexa,0
lovehoneygroup.com,normal.alexa,0
yiigvhvac.work,,1
txroimbrijprlsmwx.ru,,1
vohactstaayq.com,,1
thehourglass.com,normal.alexa,0
iaufpestrbaiucfy.eu,,1
meghanahassan.blogspot.in,normal.alexa,0
derangedphysiology.com,normal.alexa,0
34i6uf32svwvqv7tgtu.ddns.net,,1
ns1.backdates5.org,,1
yewuiologistbikerepil.com,dga.banjori,1
iyesuo.info,,1
efffkvu.info,,1
al-fann.net,normal.alexa,0
cfocsqyyhdwq.org,dga.qakbot,1
wuytcr.com,,1
outsidebearpageridebluetend.com,,1
totaaltv.nl,normal.alexa,0
bfaaccnbbfdakboa.com,,1
rllcylotlrbymq.su,,1
pxulszytz.net,,1
nihs.go.jp,normal.alexa,0
ajes.com,normal.alexa,0
theupsstorelocal.com,normal.alexa,0
hdsa.org,normal.alexa,0
base64.us,normal.alexa,0
4ikiwegycqke.net,,1
landrover.com.br,normal.alexa,0
foodoptics.com,normal.alexa,0
mediacatonline.com,normal.alexa,0
4a102640b1cd679745dd90b8fcf61e13.info,,1
metrojournalist.com,normal.alexa,0
tyche.club,normal.alexa,0
happyhome.bigcartel.com,normal.alexa,0
1ry40zp61bcx21su7t2fe38wki.com,,1
carrotclub.net,normal.alexa,0
mtuwotiwmtya.com,,1
heqbqk.com,,1
monstaclothing.com,normal.alexa,0
onlinefilmlink.info,normal.alexa,0
topco.com,normal.alexa,0
virket.com,normal.alexa,0
5ke1jrrepmux17ijgiyvc6klg.biz,,1
purqyrglhgxh.com,dga.tinba,1
lapyergetadobeflash.net,,1
photographers.it,normal.alexa,0
rian.ru,normal.alexa,0
usmkocokmacissok.org,,1
78zgmbys8drcrpx5k2.cn,,1
3eaea5838164ea2cebf751bbdc3e471b.info,,1
kalmarslott.se,normal.alexa,0
yeslanarianaqh.com,,1
music-for-you.ru,normal.alexa,0
skypeforbusiness.com,normal.alexa,0
tqtsqddwlaknhtca.com,,1
tpvzpbhalribmjugmxiojov.ru,,1
fedrqm7jje7s2vaxqh.com,,1
jobofferguru.com,normal.alexa,0
cidyhiljeqdmaegekjtshqrovst.net,,1
eqcnntswkytjpsjc.eu,,1
tahdah.me,normal.alexa,0
2ff2d627962ef7cd0eafa5893b77043f.cz.cc,,1
coolarab.com,normal.alexa,0
hpuj69mckzopkzcb8zyhwq9b.com,,1
iwcekjgg.cc,,1
trf4.jus.br,normal.alexa,0
uwrsrwftcql5.com,,1
uxmwywhoglkwfl.pw,,1
go2films.ru,normal.alexa,0
xfteiszcpb.org,dga.qakbot,1
boutiquedesverts.fr,normal.alexa,0
frdyddsrdwdjq.com,,1
blogiko.com,normal.alexa,0
lexhdvo.eu,,1
businesstravelerusa.com,normal.alexa,0
1eezk4p6korqa1q1trsdg1x46c.com,,1
qedxkovsit.net,,1
pjlklv.org,,1
anotestar.com,normal.alexa,0
phonegappro.com,normal.alexa,0
ilypcamiz.com,dga.conficker,1
entrancetest16.in,normal.alexa,0
cvxwxcppmzknpydypcutmv.info,,1
voxel.net,normal.bambenek,0
uemokpbxidfxjqwe.com,dga.ramnit,1
aikexemva.dyndns.org,,1
abrisetchalets.fr,normal.alexa,0
yitljjdoyxjyqqd.org,,1
crearemprendedores.com,normal.alexa,0
lqkhmnwthgwmpnqq.eu,,1
bankpatternbattlerestpersuade.com,,1
eflashplayergetbado.net,,1
vycbxexnnmd.org,,1
allfreelancers.su,normal.alexa,0
eb61c9afff1dc3912484ff3f4bddcf3b84.tk,,1
vwarena.com,normal.alexa,0
fukunawa.com,normal.alexa,0
chkd.org,normal.alexa,0
booksataglance.com,normal.alexa,0
onwardsearch.com,normal.alexa,0
sex-szexvideok.hu,normal.alexa,0
125k9t5a0b8anrzazd81xbz9ao.net,,1
24newsmedia.com,normal.alexa,0
gqbdxtaxmyxhaxh.net,,1
rrxnrubny8qp1myr72y16etdnk.org,,1
qnoarlqfmvvxtwg.info,,1
lostcoastoutpost.com,normal.alexa,0
xyijfqggemeibm.in,,1
llkohbcecoxwndoet.info,,1
mythoseditora.com.br,normal.alexa,0
x2a7377105adc19859ebda764664cf1b93.ws,dga.dyre,1
hhtipwdwtjxomx.su,,1
envivas.de,normal.alexa,0
riverisland.com,normal.alexa,0
bgvumcvszin.com,,1
efisioterapia.net,normal.alexa,0
farmstressscrewsharegrade.com,,1
nhathuducgiare.com,normal.alexa,0
504online.ir,normal.alexa,0
bktsdwjqlldtf.com,,1
ra1v3pt2dl35nyk0.info,,1
gqhtrfbpupb.fr,,1
aifon.net,normal.alexa,0
cdvf1zo3izma3leeb8oynxmt.net,,1
enorsai.com.ar,normal.alexa,0
bestthailandtrip.com,normal.alexa,0
byside.com,normal.alexa,0
b2674df2747d52a97a33bab0e61ed42a1d.in,,1
ioiffcbbevuw2zmvvk.biz,,1
killerappreview.com,normal.alexa,0
sixuxccmndcgekpqc.net,,1
pxzlysoqoy.ws,dga.conficker,1
ledzeppelin.com,normal.alexa,0
bux14.info,normal.alexa,0
lrwedhnwlaet.info,,1
m1jc4j1yels5d11udbb6eufkoj.com,dga.post,1
lexsi.com,normal.alexa,0
xn--info-4p4cwe4c.com,normal.alexa,0
zkaysg.biz,,1
basketbuild.com,normal.alexa,0
maxplugins.de,normal.alexa,0
bahoikgj.com,dga.ramnit,1
olsdhwa.info,,1
kqueidsugsdoa.com,,1
riddenmeasure.net,,1
klafk4cxkjmbuda.ddns.net,,1
fer.hr,normal.alexa,0
allodiagnostic.com,normal.alexa,0
ns1.backdates15.net,,1
ddfnbkddccddfcmf.com,,1
disneyinternational.com,normal.alexa,0
emp-shop.cz,normal.alexa,0
ordercarry.net,,1
mchorasildeafeninguvuc.com,,1
bebeldalddaaebca.online,,1
whvwxavsaqyfeuxq.xyz,,1
a001vb1yt3in91pr7k6i1ecmlr8.net,,1
1smgey0so6wnj1vf1na31uoydxo.com,,1
xoqdirre.ru,,1
kxjtpcdlptfh.net,,1
yia18.org,normal.alexa,0
farmacja.pl,normal.alexa,0
eiezrhganzqilvzmqusfx.net,,1
drupalcenter.ir,normal.alexa,0
bit.ph,normal.alexa,0
barnim.de,normal.alexa,0
niolseab.ddns.net,,1
b1.org,normal.alexa,0
yueyang.gov.cn,normal.alexa,0
gretadobeflashplaye.co.uk,,1
valuetrackhappenconference.com,,1
xfarvbktfljruxjn.eu,,1
hollyspringsgirls.tumblr.com,normal.alexa,0
fumm88.com,normal.alexa,0
jpmewbdidtreycxqv.in,,1
metrohomecity.co.za,normal.alexa,0
cogmllaabettingk.com,dga.banjori,1
lucenetutorial.com,normal.alexa,0
fresherthanyouheaux.tumblr.com,normal.alexa,0
skross.com,normal.alexa,0
jupdoreo.ru,,1
funpatogh.com,normal.alexa,0
windstarcruises.com,normal.alexa,0
rx11yklhmuy2xt6fod17eb4gr.net,,1
jeux-flash-gratuit.com,normal.alexa,0
rcsa.com.au,normal.alexa,0
answerwelcome.net,,1
3e3d1f0b4f40adc67f461ca391f9cacc.cz.cc,,1
skmsolution.com,normal.alexa,0
dtgizots.com,,1
paulolaureano.com,normal.alexa,0
79hixm5llde01i4bliwn1sdaq.net,,1
mlmjopuishowf.info,,1
indiga.com.br,normal.alexa,0
diqgcw.com,,1
mepvbyplaywobb.com,dga.banjori,1
darkshoe.net,,1
byswav.com,normal.alexa,0
hhagzy.com,,1
inzynierbudownictwa.pl,normal.alexa,0
pluginaudio.net,normal.alexa,0
vietdaikynguyen.com,normal.alexa,0
hgsssqtsekcu7o.com,,1
uzilnign.yi.org,,1
merula.com,normal.alexa,0
eqsireke.ddns.net,,1
ebenezer.hn,normal.alexa,0
mdnaizofvm.net,,1
salaneuvos.com,normal.alexa,0
lltmrq4mdqb7ohdl.org,,1
vojibyk.info,dga.simda,1
cardiffstudentmedia.co.uk,normal.alexa,0
pomogator-ib.ru,normal.alexa,0
pfcegc.com,dga.nymaim,1
pneoxk12ylasivdy33q1aifftq.com,dga.post,1
dyldvjkqdlxiulxf.eu,,1
joshstonecash.com,normal.alexa,0
brixsgroep.nl,normal.alexa,0
uhbwgxgqzc.ws,,1
chips.jp,normal.alexa,0
sivir.com.tw,normal.alexa,0
pimaco.com.br,normal.alexa,0
aeroflot-don.ru,normal.alexa,0
dspuntaarenas.cl,normal.alexa,0
rentalinrome.com,normal.alexa,0
sukhadia.com,normal.alexa,0
barokdiamond.com,normal.alexa,0
fundicion.es,normal.alexa,0
njwvdyn.info,,1
ldcoowrodmmvmto.com,,1
1erqtwm1yoycoc1tkvwcg1uliyt9.org,,1
repddkeuortyjatwp.com,,1
ggltzvg.org,,1
hartstores.com,normal.alexa,0
lawbooks.news,normal.alexa,0
seg.co.jp,normal.alexa,0
inettools.net,normal.alexa,0
aofsoruindir.com,normal.alexa,0
hormoneresetdietbook.com,normal.alexa,0
ufreight.com,normal.alexa,0
eizvputnm.net,,1
oxcgezmk.org,,1
pbzzorcajanunal.com,,1
pmn4er1cegk1e1o497awvlz5sq.net,dga.post,1
qrk9qngte7kd.org,,1
ntexplorertedo.info,,1
caucvhmcudditnrgehsweylkbp.ru,,1
dealsmarina.com,normal.alexa,0
mrjjxw.com,normal.alexa,0
gladshoe.net,,1
glulpviejqlgzhhg.org,,1
cafheigi.ru,,1
1r2iqtn74myvhdtn.cn,,1
qszjererwyatanb.com,,1
l4860837de5d0da722649d77e28174e958.in,,1
ebkbvbetkrqh.pw,dga.tinba,1
glyphweb.com,normal.alexa,0
zfhsbeoswzdqgm7goy.net,,1
altaledi.net,normal.alexa,0
casebroke.net,,1
ogxkp.ws,,1
rastlos.com,normal.alexa,0
bhefivqrwrktum.com,,1
10w9gu5hihoni1tztlsg1edmnqn.com,,1
voeblogg.no,normal.alexa,0
gjxpfmmgfyckum.com,,1
typemiv.info,,1
conversordeletras.com,normal.alexa,0
mybonusdeals.de,normal.alexa,0
1rmuzpe1izlsq81ahclqs1ievx6g.org,,1
amoloslwuxr.su,,1
158scdsn4iee51qec2y276xzie.biz,,1
zsbejyzi.info,,1
jxwqmaoyvy.net,,1
yuwik-games.ru,normal.alexa,0
izcpujkhqz0x.com,,1
szftvqfqbex.com,dga.pykspa,1
preciosa-ornela.com,normal.alexa,0
trccifecj9241fzfa3tx2u82d.com,,1
cosso.ru,normal.alexa,0
pnwpvfk.info,,1
ffxiv-app.com,normal.alexa,0
la0.ru,normal.alexa,0
eazydoc.com,normal.alexa,0
polispress.gr,normal.alexa,0
norevengenosuck.com,,1
rswfrbqrhxuwqe.ru,,1
aokisuper.co.jp,normal.alexa,0
bdmorning.com,normal.alexa,0
ehvgpigmomrttop.org,,1
calciocsi.it,normal.alexa,0
1dyexgp1kmqkzt1h4dxni1x48a4g.net,,1
molndal.se,normal.alexa,0
julliengordon.com,normal.alexa,0
lcizlsogrk.yi.org,,1
indiatv.ru,normal.alexa,0
dfarber.com,normal.alexa,0
paanbocesoyywa.ru,dga.cryptolocker,1
vpmiqnkxgmhekvlrhanxiktry.org,,1
yergaetadobeflashpl.net,,1
17ld8hi1hvlv1hm23v6r1ktp8db.net,dga.post,1
donga.com,normal.alexa,0
sportsboom.tv,normal.alexa,0
7xnosyirc06ivk57.ru,,1
processing.org,normal.alexa,0
angryip.org,normal.alexa,0
dossierfamilial.com,normal.alexa,0
telecomclue.com,normal.alexa,0
teachercraftblackwouldinfluence.com,dga.matsnu,1
jxba462327oa17xymtw1fiffk9.biz,,1
activeadventures.com,normal.alexa,0
frdnvrtzsjjmwuw.net,,1
mfacelive.com,normal.alexa,0
ltepsrehdhevuyicq.cc,,1
rbybe046ete21eetdo71kvg6j0.biz,,1
wyojlavkndugnq.com,,1
fqhrvqekwpjqiuvt.eu,,1
digitalmarket.asia,normal.alexa,0
puvicag.info,,1
porngifs.com,normal.alexa,0
sinafoods.com,normal.alexa,0
qvcnz.com,dga.conficker,1
southevenbringshakerockattract.com,,1
soneitup.ru,,1
264006.com,normal.alexa,0
pdd24.com,normal.alexa,0
94xidmbhgd5.com,,1
kfjdhkx.biz,,1
refer-me-please.com,normal.alexa,0
nmainjecukid5l.com,,1
b5iih7v45su4ix6anb.com,,1
hhbebmsyhrrmbg.biz,dga.cryptolocker,1
mypillmarketonline.com,normal.alexa,0
answeradvance.net,,1
osteodoc.ru,normal.alexa,0
sh6bkpajopav.org,,1
hveriqhgkplsql.info,,1
blanker.ru,normal.alexa,0
pbmumuboiwwcm.work,,1
bernardsboe.com,normal.alexa,0
cadcbblnlnkokaeo.co.uk,,1
boibanit.com,normal.alexa,0
zxmnsemitismgavenuteq.com,dga.banjori,1
speedify.com,normal.alexa,0
skwbjlkhmvegjqw.com,,1
sfhsa.org,normal.alexa,0
selevision.net,normal.alexa,0
sj520.org,normal.alexa,0
olreqvwuwrshqpbsgylkz.ru,,1
technosun.ir,normal.alexa,0
dhduwumghl.com,,1
csmanuivsrlx.com,,1
zxcdgmqrnvxd.net,,1
qajwsatformalisticirekb.com,,1
12f4muvwjyy3kll9tct11un0w4.org,,1
diuekko1111nvf.com,,1
1wncmj9d2khykabz954tsovo9.biz,,1
amlactin.com,normal.alexa,0
info2deal.com,normal.alexa,0
mulherbeleza.com.br,normal.alexa,0
snet.lu,normal.alexa,0
wikiedit.org,normal.alexa,0
jcplgim.mooo.com,,1
rvbzaywfilj.info,,1
trusted.ro,normal.alexa,0
quickr.org,normal.alexa,0
fpmmjvidxpixor.xyz,,1
kl5tol3hyxi8g85b7dwlurm.ddns.net,,1
primeresale.com,normal.alexa,0
cdshytpqspt.mu,,1
heraldweekly.com,normal.alexa,0
lingerieav.com,normal.alexa,0
amazonconservation.org,normal.alexa,0
d751b536ededb80caa1b9b69ccd828e880.cn,dga.dyre,1
pento.net,normal.alexa,0
gtk0fkn78ep0kpep.com,,1
big-fun-games.com,normal.alexa,0
vinoinrete.it,normal.alexa,0
ecoaldeiajanas.org,normal.alexa,0
csgorapids.com,normal.alexa,0
ppx.pw,normal.alexa,0
live-ro.net,normal.alexa,0
rcqiqupolz.cn,,1
3s9ejw9ifchu.net,,1
ffkpestnessbiophysicalohax.com,dga.banjori,1
lblhvaxuvwulf9.com,,1
reviewhurtrainpindotblue.com,,1
netkosh.in,normal.alexa,0
helarahas.blogspot.com,normal.alexa,0
fwxunghun4tq.org,,1
ocqciwyckiimgccu.org,,1
9pr7z8rj8st41qkdife16tzn76.net,,1
response4u.com,normal.alexa,0
madonna.edu,normal.alexa,0
retailchoice.com,normal.alexa,0
veuqoxakam.ddns.net,,1
1oe7bnl4rqh4h1j6yku915dske2.net,,1
knuiodipmfkftw.me,,1
thailotterysureguestbook.com,normal.alexa,0
microsoft.co.il,normal.alexa,0
maroh.eu,,1
xicorr.com,normal.alexa,0
threeusual.net,,1
efqeoa.com,,1
meiren.ee,normal.alexa,0
game2e.com,normal.alexa,0
nicekino14.com,normal.alexa,0
tuaqeo.com,,1
sportpeople.net,normal.alexa,0
andamanexcursion.com,normal.alexa,0
comfythemes.com,normal.alexa,0
pbjnfqobqklljmzhmpqggyamxkqg.com,,1
wjseaqfhditvhuigpo.de,,1
rrpdat4je3pf13rq0f01t96aj.net,,1
pushpowerpromo.com,normal.alexa,0
jungle-search.com,normal.alexa,0
aykvvstprtsdadyhkkvht.ru,,1
cxnunjeboscnmnql.net,,1
barbershop.org,normal.alexa,0
widkenhancedysb.com,dga.banjori,1
smokeland.gr,normal.alexa,0
pcsdxnqbzq.net,,1
greataustralianstory.com.au,normal.alexa,0
uberdoors.com,normal.alexa,0
1ktbu0g1gktjenzt79y216z2kq0.org,,1
hrdtbqwvub.org,dga.conficker,1
strd.ru,normal.alexa,0
ujqibr3yo3z314fqmco1aegffm.org,,1
futurism.com,normal.alexa,0
2a2496c019e4fe5848d92ec894bd8972.co.cc,,1
osamashabrez.com,normal.alexa,0
bevwnof.ru,,1
pizzabo.it,normal.alexa,0
wvi6mpux5he8qpk.ddns.net,,1
freesitesubmitter.com,normal.alexa,0
k1f0db9a4a958f7dc6455959e44a8b1213.cc,,1
yftvizrqm.net,,1
canadianminingjournal.com,normal.alexa,0
loveitsomuch.com,normal.alexa,0
tralix.com,normal.alexa,0
mytube.az,normal.alexa,0
ozelguvenlik.pol.tr,normal.alexa,0
igcheppnku.org,,1
capitaltechnosys.com,normal.alexa,0
zcrkkys39cys1n87.biz,,1
campananoticias.com,normal.alexa,0
meligou.com.br,normal.alexa,0
hdugidca.net,,1
preupdv.cl,normal.alexa,0
haharis.info,,1
rarevintagetube.com,normal.alexa,0
directorynetwork.com.au,normal.alexa,0
pontorh.com.br,normal.alexa,0
vector-finder.com,normal.alexa,0
sweetbea.it,normal.alexa,0
x4cearmzzrpqvlpn.biz,,1
5rw4w2w6qrgbc674klc6eby.ddns.net,,1
vvtjivdmfyn.cc,,1
arctic-bay.co.kr,normal.alexa,0
itrahyaft.ir,normal.alexa,0
vfbedbdhdrcasxbcs.cc,,1
candfwydwd.com,,1
city-portal.biz,normal.alexa,0
issuatenqocar.ddns.net,,1
aiai6.com,normal.alexa,0
vinschgau.net,normal.alexa,0
cdmedia.gr,normal.alexa,0
animalstime.com,normal.alexa,0
pj.dk,normal.alexa,0
jeauvppoyx.info,,1
siliciumg5.com,normal.alexa,0
executivehomeshk.com,normal.alexa,0
bake-jp.com,normal.alexa,0
iylmtruhvwgxaaupl.net,,1
web-experiments.org,normal.alexa,0
tekvjy.com,,1
vzkrkmlogwmhzw.net,,1
presidenciamercosur.org,normal.alexa,0
englishon-line.ru,normal.alexa,0
seriesjam.net,normal.alexa,0
atlastravelsonline.com,normal.alexa,0
capa.org,normal.alexa,0
gpekepgzo.info,,1
runezidldmvfwmpbb.net,,1
6ri.jp,normal.alexa,0
dic1.com,normal.alexa,0
bgsc.cn,normal.alexa,0
1j6808p1gv30xfuikriz1aq1sse.com,,1
adotbeflashplayerge.net,,1
zbtgaqubvmmvvcx.com,,1
springer.com.br,normal.alexa,0
gpifgxi3s9mf.net,,1
mercworks.net,normal.alexa,0
iosdevweekly.com,normal.alexa,0
e-photoshop.gr,normal.alexa,0
okgiiw.org,,1
cisiontraining.com,normal.alexa,0
veritasradio.com,normal.alexa,0
cathaybkdining.com.tw,normal.alexa,0
medipedia.ro,normal.alexa,0
thescribesagency.com.ng,normal.alexa,0
p6257695b25ee92ab6f60c280b42d24bb5.cn,,1
neegrogek.ddns.net,,1
dammit.com.br,normal.alexa,0
midcindia.org,normal.alexa,0
frvkcmjkpoudae.pl,,1
modelvita.com,normal.alexa,0
prosportathletics.com,normal.alexa,0
145t5ukfgoedi12qvqktniwjq1.net,,1
kurumaru.com,normal.alexa,0
lovelustandlipstickstains.com,normal.alexa,0
blogtool.ru,normal.alexa,0
ggwudkvxzn.com,,1
vowaruk.info,,1
rkvmnyxlqgtsxuploneqydjnde.ru,,1
hipertextual.com,normal.alexa,0
rxlxeisulnvnke.com,,1
kefular.info,,1
uqzmywlbf.net,,1
d2c3c95c2624f0a45959d88be0bed9baf1.in,,1
cf3gq3drldm9.com,,1
netgear.se,normal.alexa,0
cultivandomedicina.com,normal.alexa,0
behej.com,normal.alexa,0
ydhfyixcnoll.com,dga.cryptolocker,1
qnwtcfyzibu.com,,1
pokerstarscashier.com,normal.alexa,0
clipperton.net,normal.alexa,0
awbpnqushceoncs.ru,,1
yourwirelessrebatecenter.com,normal.alexa,0
duckfm.net,normal.alexa,0
y7c1ajoh2joh.org,,1
powerapps-bbs.appspot.com,normal.alexa,0
nctx.co.uk,normal.alexa,0
mascus.dk,normal.alexa,0
somatics.com,normal.alexa,0
aquiestlenumero.com,normal.alexa,0
phwodhanifgxa.info,,1
ns1.backdates20.biz,,1
daxbalakumaran.wordpress.com,normal.alexa,0
gburner.com,normal.alexa,0
oqtembbbxjsh.com,,1
ixzqurahscrhd.info,,1
gmprpbbyhmlhqtlgahautgzpz.ru,,1
jwtmixyg.com,,1
onefinestay.com,normal.alexa,0
osrqyfs.info,,1
itsco.de,normal.alexa,0
proxflow.com,normal.alexa,0
zougla.gr,normal.alexa,0
carroclub.com.br,normal.alexa,0
tout.com,normal.alexa,0
lhohxkxcbcmmsafpl.org,,1
rijekadanas.com,normal.alexa,0
list.lk,normal.alexa,0
gqcwqaaiscskyiao.org,dga.ramdo,1
xdxxjdvykffbhhyi.ru,,1
1w5tcq31ypxkpv13oohxmj0hox6.net,,1
ttmjriatfmpgoyfzdfeqmru.biz,,1
proxysheep.com,normal.alexa,0
bianco.dk,normal.alexa,0
strasbourg-pratique.com,normal.alexa,0
cgisf.org,normal.alexa,0
doctortipster.com,normal.alexa,0
besti.edu.cn,normal.alexa,0
habervole.com,normal.alexa,0
cgdc.com.cn,normal.alexa,0
remove-browser-hijacker.com,normal.alexa,0
f2cdfd94415db435853381dc9b0ae5ea.cz.cc,,1
fpbpfordlinnetavox.com,dga.banjori,1
8q4m8y8y464e.net,,1
exertis.co.uk,normal.alexa,0
crack-wifi.com,normal.alexa,0
1qbdxac3swwsk1fv7867ofx9w6.org,,1
makinitmobetta.com,normal.alexa,0
zygenyj.info,,1
furanskin.net,normal.alexa,0
brighthouse.com,normal.alexa,0
maxmir.com,normal.alexa,0
2ircm99us4egmsnp988hdzdv.org,,1
86710e0ec688f069db2fe3a12c4a35ed.cz.cc,,1
enjoydiy.info,normal.alexa,0
anasayfa.im,normal.alexa,0
dlvwabagf.net,,1
jclohual.yi.org,,1
olpllads.net,,1
dealwithhell.com,,1
kir077022.kir.jp,normal.alexa,0
xbunninegvnetj.info,,1
ixkirylqwssbjam.co.uk,,1
labcorp-locations.com,normal.alexa,0
dm67ogaew1boocnjax.ru,,1
traqecnt.jp,,1
63g5uj0lmzsh.org,,1
biifhswukdgerceyrlzzxxyz.com,,1
ta2she.com,normal.alexa,0
meinherzschlag.de,normal.alexa,0
wfnmpa7mq4lmaguaim.cn,,1
capital.gr,normal.alexa,0
ybydqmli.com,,1
mmwvppdedcck.ru,,1
monitorminor.com,normal.alexa,0
luedld.net,normal.alexa,0
agykontroll.hu,normal.alexa,0
vopyret.com,,1
erkjkofy.net,dga.conficker,1
4w61dg5p5uuzgkzd42.com,,1
valasztas.hu,normal.alexa,0
scholarships.net.in,normal.alexa,0
hcfokdalo.com,,1
mymangafox.com,normal.alexa,0
sourceinsight.com,normal.alexa,0
mblttm.com,,1
limeartgroup.com,normal.alexa,0
ookcbvvsttuv.in,dga.tinba,1
uaiioyymtpuvmmmubrt.pw,,1
rgqryhxyqlwqu.net,,1
dvbfilm10.in,normal.alexa,0
editialis.fr,normal.alexa,0
gcampaner.com.br,normal.alexa,0
cooply.es,normal.alexa,0
lrjxlcemwnmylciks11ya2l9r.org,,1
ef9fgupflq.com,,1
happinet-p.com,normal.alexa,0
nextdoorgranny.com,normal.alexa,0
safeappsoftware.com,normal.alexa,0
cootersplace.com,normal.alexa,0
instituteonline.com,normal.alexa,0
triko4u.cz,normal.alexa,0
kmhfkvnqbqm.info,,1
iflist.com,normal.alexa,0
uwnaellefrictionlessv.com,,1
chicco.by,normal.alexa,0
mbxrlpo.pw,,1
ccdaacmblfmbdcff.info,,1
kraliyetonline.com,normal.alexa,0
autousp.com,normal.alexa,0
zapmeta.co.kr,normal.alexa,0
hrhtsemitismgavenuteq.com,,1
dszcwxbghqy.dynserv.com,,1
dotnetslackers.com,normal.alexa,0
ivrojnrxpjzxwhgymbxoovqwp.ru,,1
rojlej.com,,1
qqptbpc5zu3uka.net,,1
sampletemplates.com,normal.alexa,0
xxlnutrition.com,normal.alexa,0
ir7vg5zzrzwnpd5ylm.biz,,1
1y1dnrj1mdgeycdko30s14eeq9j.com,,1
byfejjn.info,,1
91porn.com,normal.alexa,0
zqrzwmcltdqb.com,,1
shop-016.de,normal.alexa,0
0i0ucik2o20m.org,,1
geeksterink.com,normal.alexa,0
okfxsemitismgavenuteq.com,,1
eogqeyiaoi.com,,1
dreamfilmhd.com,normal.alexa,0
nfccmbolfaodbabk.com,,1
etadobeflashplagyer.net,,1
eurosurplus.com,normal.alexa,0
xeploreredotnt.net,,1
offshore-value.com,normal.alexa,0
beboxx.com,normal.alexa,0
thetutorpages.com,normal.alexa,0
wmmwnlnyqnmwiw.biz,,1
sendmoments.com,normal.alexa,0
chacarabougainvillea.net,normal.alexa,0
moontailor.tumblr.com,normal.alexa,0
birthdatabase.com,normal.alexa,0
mhighonline.com,normal.alexa,0
xmmhhu.cn,dga.conficker,1
ais.com.sg,normal.alexa,0
serai.jp,normal.alexa,0
columbiagaspa.com,normal.alexa,0
j76523bf8381557298161c37276640b870.so,,1
c1eb8xink1q7.org,,1
xboxdvr.com,normal.alexa,0
yfmjcvmbm.org,,1
schwarzwald.com,normal.alexa,0
kehgiar.eu,,1
vinacamera.com,normal.alexa,0
vids.io,normal.alexa,0
lcqivpov.com,,1
htnqh24dwmsb38f22j46luoxfwp52lzgxarj16.biz,,1
kisisel-bakim.com,normal.alexa,0
hxbaancorml.com,dga.banjori,1
brief-obozrenie.ru,normal.alexa,0
tsurfg.com,,1
maerz.de,normal.alexa,0
dzk5b81hs7jne1mjnqac2o5rcd.net,,1
downloaddesain.com,normal.alexa,0
yourpersonality.net,normal.alexa,0
twfjnex.info,,1
nhac.vn,normal.alexa,0
scenetime.com,normal.alexa,0
god.jp,normal.alexa,0
datanumen.com,normal.alexa,0
8h27oodadeorky1jji.net,,1
yergetaadobeflashpl.co.uk,,1
rollaj.com,,1
puppydogweb.com,normal.alexa,0
yvlnuelhlbmdklab.eu,,1
cqxd3u17uqagh1phbu9nql7n1o.net,,1
rotmwpinojjy.com,dga.tinba,1
olshysihdrvhdxejs.net,,1
jk-sexvideos.com,normal.alexa,0
qpxpiagc.info,,1
jsdyrgne.top,,1
worthpublishers.com,normal.alexa,0
mqrrestnessbiophysicalohax.com,,1
lmtaeahaj.com,,1
khmwoew.info,,1
xbdcbxvye1g7vc3bqv.net,,1
etadobeflashplayegr.co.uk,,1
dbuuvylksgfx.com,,1
ijpxcxtoqoxyparcbaijhawgum.ru,,1
prilov.com,normal.alexa,0
jhqnjyeewzdjgyjydzgi.com,,1
ojkdyygpafjwus.in,,1
koooxx.dyndns.org,,1
adbhahxbbjvnhqvsi.net,,1
webysocialmedia.es,normal.alexa,0
groupnews.com.au,normal.alexa,0
drdobbs.com,normal.alexa,0
worldwine.com.br,normal.alexa,0
appice.io,normal.alexa,0
mnvwrdtgaxkaqdmpxkrc.com,,1
lqptusypuwvsmbd.biz,,1
desipunjabicomments.com,normal.alexa,0
fuckbooknigeria.com,normal.alexa,0
crxrggaaaz.org,,1
wnseiqy.pl,,1
configserver.com,normal.alexa,0
progressplay.net,normal.alexa,0
andenhud.com.tw,normal.alexa,0
fashionunited.es,normal.alexa,0
prospectstreet.com,normal.alexa,0
pussydock.com,normal.alexa,0
bigxbargain.com,normal.alexa,0
osoiygoeig.com,,1
cvxuaskpjqpmxkmh.eu,,1
megatenonline.com,normal.alexa,0
ykuxqtbcyjcfd.su,,1
babqjvixko.cc,,1
flowwow.com,normal.alexa,0
evfllqxixxotxaloasy.mu,,1
sardinhasgym.com.br,normal.alexa,0
txetouyqivnke.co.uk,dga.cryptolocker,1
sardegnaeventi24.it,normal.alexa,0
imt.mx,normal.alexa,0
softwareindex.net,normal.alexa,0
shomi.me,normal.alexa,0
hcjcxoqbcsxx.com,,1
chinapost.com.cn,normal.alexa,0
pokupki21.ru,normal.alexa,0
laqfmskovifqgdfebeaxktxq.com,,1
key-rich.com,normal.alexa,0
knoshx.com,normal.alexa,0
servers-net.ru,normal.alexa,0
doubleeight.it,normal.alexa,0
jomcxqoe.info,,1
7a97329e77e90af8b2ea4fabad67f153.info,,1
ns1.dnsfor8.org,,1
maxmebel.com.ua,normal.alexa,0
dxonqkuc.net,,1
2016carsrumors.com,normal.alexa,0
fxqasatformalisticirekb.com,,1
basebluebitereasonreadlip.com,dga.matsnu,1
linkerama.com,normal.alexa,0
hozgnwzkdmz.ru,,1
loudtalks.com,normal.bambenek,0
housinganywhere.com,normal.alexa,0
dekkdbokbbdcobcl.co,,1
dcaakacoakdmecde.de,,1
inietx.com,,1
snailhouse.com.tw,normal.alexa,0
mlukyfzkksbamulfs.net,,1
journeytherefore.net,,1
tamuc.org,normal.alexa,0
pushthemovement.tumblr.com,normal.alexa,0
parkingconcentrateground.com,,1
stufffundieslike.com,normal.alexa,0
etgadobeflashplayer.co.uk,,1
xscgaeg.eu,,1
seaofshoes.com,normal.alexa,0
eociwibmbivlot.su,,1
gastronomiebedarf-direktversand.de,normal.alexa,0
x52on2lbf5vwms2ok3.cn,,1
jupneote.ru,dga.pushdo,1
tylshmsrrehum.ru,dga.cryptolocker,1
pornotubesex.net,normal.alexa,0
ctadmretaf.top,,1
mysleepmapper.com,normal.alexa,0
xrjjxrfawdaeoye.net,,1
newland-id.com,normal.alexa,0
mssodoqkr.info,,1
kaydu315ugd8mb1cutnhwi4ma.net,,1
jywnlfldvid.dyndns.org,,1
161bcti1vsbefoug2m0gsvl79m.com,,1
xcvbmaxkrt.mooo.com,,1
mimorelia.com,normal.alexa,0
findtopwebhosting.com,normal.alexa,0
bigredirect.net,normal.alexa,0
sflwzjbp.net,,1
ricaud.com,normal.alexa,0
thecleaningauthority.com,normal.alexa,0
dtrrslgxvjh.com,,1
txnw9shimn5ygr.net,,1
gtdytwfqrgepbjm.tw,,1
iapuestas.com,normal.alexa,0
lexicarbrasil.com.br,normal.alexa,0
best4advise.com,normal.alexa,0
1x0k8fawvec9an1ijitkvcqlo.biz,,1
fuvsprdwnzxhqaqcqkvhwrw.ru,,1
informa.co.id,normal.alexa,0
master.ca,normal.alexa,0
mtcwotiwmtya.net,,1
requirecharacter.net,,1
obuelgyadfyo.sh,,1
saiyasune-check.com,normal.alexa,0
wwsalesconference.com,normal.alexa,0
xmbeglnkfnyuktcdt.com,,1
qekahuv.info,,1
schegol.co,normal.alexa,0
jxostpopkiktosun.com,,1
gslgosrxsn.net,,1
tabtab.xyz,normal.alexa,0
rosicxir.ru,dga.pushdo,1
pacinosadventures.com,normal.alexa,0
theunpack.com,normal.alexa,0
barbadostoday.bb,normal.alexa,0
positiondeservethinkhole.com,,1
bmwservice.livejournal.com,normal.alexa,0
x11zcdyruegyk41.com,,1
shtswbyfbgnsqx.com,,1
metaflop.com,normal.alexa,0
callcenter-iq.com,normal.alexa,0
cancunchannel.tv,normal.alexa,0
wordsatformalisticirekb.com,dga.banjori,1
ava.com.au,normal.alexa,0
degreebeing.net,dga.suppobox,1
svtqrujqy.net,,1
seeqvault.com,normal.alexa,0
ebmdtneusnkl.com,,1
classifiedsguru.in,normal.alexa,0
krhuwqsusjdgbdsvqmsglbtf.com,,1
moodradiodieappreciatequit.com,,1
btsb.com,normal.alexa,0
mmo-shop.ru,normal.alexa,0
99tubeboat.com,normal.alexa,0
cvantoihsfcteifn.eu,,1
cyber-warrior.org,normal.alexa,0
ozyria.fr,normal.alexa,0
1x769endqasvu1yii3cjedr26y.net,,1
acenet.us,normal.alexa,0
roushhonda.com,normal.alexa,0
ikbirvy.info,,1
fenceshop.eu,normal.alexa,0
evdxanj.biz,dga.nymaim,1
cbsolt.net,normal.alexa,0
edulife.com.cn,normal.alexa,0
shoujo-cafe.com,normal.alexa,0
arcaajans.com,normal.alexa,0
bravica.info,normal.alexa,0
patneoma.ru,,1
iguptxxniwjknu.tw,,1
partykostym.cz,normal.alexa,0
mademoiselle-web.fr,normal.alexa,0
ethailand.com,normal.alexa,0
fotografmakinalari.com,normal.alexa,0
kucirsensinaix.com,dga.banjori,1
o92rctm74h2j.org,,1
mcnnlb.yi.org,,1
vorschauxxl.de,normal.alexa,0
mswxtlhqor.dynserv.com,,1
13mts2y1cu3cdk1yofj524gkvok.org,,1
mjrdj41g200slbg7ztpixc68l.biz,,1
zntpxfssotv.com,,1
jewellerymaker.com,normal.alexa,0
w6d9831usp3241yrd96z180r08b.biz,,1
hddiziizle.kim,normal.alexa,0
lb20ec63aabac5cddf7e6e89046c8d4d1b.ws,,1
oha6snan74etkfk.ddns.net,,1
wakjtjsemgk.net,,1
wywdplefrostbitecycz.com,,1
uiameegqieka.org,,1
baraderoteinforma.com.ar,normal.alexa,0
soumaisenem.com.br,normal.alexa,0
leostar7.com,normal.alexa,0
rnsetvxdfauydl.com,,1
graphicxtras.com,normal.alexa,0
trademarxonline.com,normal.alexa,0
toxmfckexechpge.biz,,1
psgxcnlx.com,,1
jc2zxec4ssxj16sjve445mu89.biz,dga.post,1
tcboqdigdooibxpbs.cc,,1
wktwayydjnaeugjvlnqlzobwgpbu.com,,1
ohjvagaptmlffn.ru,,1
6jijurhvwod742wx8h.biz,,1
kupyfordlinnetavox.com,dga.banjori,1
geekdo.com,normal.alexa,0
wmart.kz,normal.alexa,0
gjqyelynxg.us,,1
snapbikes.com,normal.alexa,0
ptphh910lxlgw1qw42i0y7j1hh.net,,1
1mvw5y3wtmzc.net,,1
hendekmedyahaber.com,normal.alexa,0
brooklynnchristinsen.net,,1
edehyor1m5ez1.com,,1
dxucdozbypjkbizylbmkndukf.info,,1
vytihmdbtmqcsfw.info,,1
mikeheavers.com,normal.alexa,0
ad4sell.com,normal.alexa,0
dadsetani.ir,normal.alexa,0
ecsanisasuilu.ddns.net,,1
xiaoenai.net,normal.alexa,0
y27ea8a47c1a1da22c57be9b6f9d7f0f54.cc,,1
a0ad1bgtermhwlo.ddns.net,,1
db799bb1aaf76db8eab86fb736e9e06755.in,,1
menstruasi.com,normal.alexa,0
cymplified.com,normal.alexa,0
extremefilthtube.com,normal.alexa,0
fzocorcajanunal.com,,1
eatbljlny.biz,,1
temawordpress.org,normal.alexa,0
1ulsenwcj4gre0js.biz,,1
inmoblog.com,normal.alexa,0
epf.com.cn,normal.alexa,0
barreaulyon.com,normal.alexa,0
yhwiyjdsgqqwt.ru,,1
natiperproteggere.it,normal.alexa,0
netpulse.com,normal.alexa,0
ffaykmbn.com,,1
pursuit.es,normal.alexa,0
odworovcsvajqaqk.eu,,1
japanstiniest.com,normal.alexa,0
framaroot.net,normal.alexa,0
boilermakers.ca,normal.alexa,0
total-management.com,normal.alexa,0
zabovresky.cz,normal.alexa,0
ojtialqkd.com,dga.ramnit,1
obeflashdplayergeta.net,,1
jymcxvmrzx.com,,1
city-countyobserver.com,normal.alexa,0
savingstream.co.uk,normal.alexa,0
simplyway.net,normal.alexa,0
miplayer.net,normal.alexa,0
uvufgngfqjo.org,,1
groupon.no,normal.alexa,0
imperfecti.com,normal.alexa,0
angelclub.com,normal.alexa,0
eiekstvieiauxevflxxl.com,,1
tkxvqufnvfvvpwhs.eu,,1
sviluppoeconomico.gov.it,normal.alexa,0
ltvsjxhyqgdhtttmlc.org,,1
rap3g.com,normal.alexa,0
freedigitalphotos.net,normal.alexa,0
gieson.com,normal.alexa,0
fcrvrccfbghngoqu8.com,,1
renlearnrp.com,normal.alexa,0
5r7vwnsnk0m2mncd7rg.ddns.net,,1
ns1.dnsfor19.biz,,1
claseturista.co,normal.alexa,0
wickeremporium.ca,normal.alexa,0
aep-emu.de,normal.alexa,0
keuco.de,normal.alexa,0
upc2gbi0yvi0ahadcb141h7.ddns.net,,1
hawajcuwswy.com,,1
kici.re.kr,normal.alexa,0
yyhulkjic.net,,1
vigoqbux.ru,dga.pushdo,1
ns1.backdates4.net,,1
mbrjxwexotygqosqgm.net,,1
vebrasilinterna.wordpress.com,normal.alexa,0
jtvubrlbhkmtdx.biz,,1
filateliamonge.com,normal.alexa,0
yhaemzkzeqaqzxojtsbulguhlea.ru,,1
itfish.net,normal.alexa,0
rmhpeiajupajuuns.eu,,1
t-mobile.net,normal.alexa,0
honda-hornet.pl,normal.alexa,0
ns1.dnsfor2.org,,1
inthewindflags.net,normal.alexa,0
maturesclips.com,normal.alexa,0
i4agm8ecasyc.net,,1
axhiybyhacgtv.com,,1
tkgeqfkgtyskoaqq.eu,,1
guide-online.it,normal.alexa,0
jjpxjprhjeblkhgf.eu,,1
einfomax.co.kr,normal.alexa,0
topgrl.com,normal.alexa,0
1goeqvyl0kz1lmyo.ru,,1
ausl.fe.it,normal.alexa,0
kaymu.com.kh,normal.alexa,0
christinekloser.com,normal.alexa,0
a8aj54121tenojo45bol1dk.ddns.net,,1
zvamdkqpc.biz,,1
eabsdodsholapet.com,,1
youtube-mp3-downloader.com,normal.alexa,0
lifestyleceramics.co.za,normal.alexa,0
pqgkffyfinyaiproqfyjnusrgga.ru,,1
turneulregilor.com,normal.alexa,0
kozdepo.com,normal.alexa,0
lmrqafjsbn.info,,1
makyvut.info,,1
dztjtlfromh.org,,1
gmswcouquqqmkqig.org,,1
areftrg.net,,1
wwkokymqwsyigwiy.org,dga.ramdo,1
inlxqhqwdeccyoxw.com,,1
ns1.dnsfor20.biz,,1
xjscydjiqleyu.com,,1
diarioeleste.com,normal.alexa,0
e-rajasthan.com,normal.alexa,0
hyperslots.de,normal.alexa,0
pinnbanktx.com,normal.alexa,0
tpeguakgjybn.com,,1
1n53haxl9qomd1m90y5n1yc2m7e.org,,1
xuofceqidwaywjakb.net,,1
pipebringmeanzoneadoptquestion.com,,1
4tvgzkd8xpyasafk.info,,1
dlemadamfcaocdda.net,,1
wkrlinalcentricem.com,dga.banjori,1
beltone.com,normal.alexa,0
threerain.net,,1
fvpubyhmtn.pl,,1
pwnenigjudsdlh.com,,1
nhu.edu.tw,normal.alexa,0
predadorvip.com,normal.alexa,0
kakmed.ru,normal.alexa,0
perfectpaws.com,normal.alexa,0
oncqmjzhiblxqpfdqifzhhzp.info,,1
exploreredotnt.info,,1
rsyc.org.sg,normal.alexa,0
749.jp,normal.alexa,0
wiumgyuieg.com,,1
mobilesringtones.com,normal.alexa,0
hivhiuujhabv.com,,1
ifamagazine.com,normal.alexa,0
assurity.sg,normal.alexa,0
n357c4zid4k51th1cmo1ql1auq.net,,1
hqgqnvxohemzibqxcmjdqzh.ru,,1
mbe.de,normal.alexa,0
uqyyxlxa.com,,1
enbquwo.eu,,1
nctipoijgcddid.ru,,1
fotokasten.de,normal.alexa,0
erated.co,normal.alexa,0
qydpebblmbycurdv.eu,,1
rhy123.com,normal.alexa,0
franchisedirect.co.uk,normal.alexa,0
efbmmdcljjyjlklsy.org,,1
gugrokwa.ru,,1
technobd.com,normal.alexa,0
calendarhost.com,normal.alexa,0
advanceddermatology.com,normal.alexa,0
gamesclub.gr,normal.alexa,0
beton.org,normal.alexa,0
w0kluvy2odkpytg.ddns.net,,1
casaskurten.com.br,normal.alexa,0
nurseanticipateattractseparate.com,,1
judhmqlqcrozlu.biz,,1
tomiya.co.jp,normal.alexa,0
51i9dp806ed7h9eme120h8e5.org,,1
billfitzmaurice.info,normal.alexa,0
fiddleheadfocus.com,normal.alexa,0
geistheiler-sananda.net,normal.alexa,0
cartridgetop.ca,normal.alexa,0
staticgen.com,normal.alexa,0
fitplayclub.com,normal.alexa,0
lcwoflfm.com,,1
poziadavka.sk,normal.alexa,0
hotelbook.pro,normal.alexa,0
xugcopei.ru,,1
umugam.org,,1
anirudhsethireport.com,normal.alexa,0
heavyuntil.net,,1
ilkrgr.net,,1
ournourishingroots.com,normal.alexa,0
newsdesigns.com,normal.alexa,0
bright-news.jp,normal.alexa,0
acidstag.com,normal.alexa,0
5a4hvdlgttq3wfyn1x.biz,,1
astrologyonline.eu,normal.alexa,0
mamacare.com.au,normal.alexa,0
roadiesx2.com,normal.alexa,0
lwfpqzmdnmha.net,,1
uxqzexa.org,,1
jojoen.jp,normal.alexa,0
wswrwvw.info,,1
webscorebox.com,normal.alexa,0
rmiqogrfhtejocwgv.com,,1
ideo.com,normal.alexa,0
halociz.info,,1
benddecidewalkstrikebill.com,dga.matsnu,1
qakuggix.ru,,1
yergetadobeflasahpl.net,,1
incite.at,normal.alexa,0
retriever-forum.net,normal.alexa,0
radarkediri.net,normal.alexa,0
switchscalespeedspacemirror.com,,1
1cg1dg610ku0wsrdryf61m1wiv4.com,,1
vofep.eu,,1
webdirectory.co,normal.alexa,0
myteamsports.net,normal.alexa,0
wkpjvtur.info,dga.conficker,1
jungyunho.com,normal.alexa,0
mkpkfsfzdlu.org,,1
livego.ninja,normal.alexa,0
gsshop.co.kr,normal.alexa,0
estadopolicial.net,normal.alexa,0
136r57mp33mh5ase.com,,1
nccurban.com,normal.alexa,0
qqpk.cn,normal.alexa,0
neconews.com,normal.alexa,0
hot-chocolate.blog.ir,normal.alexa,0
mxfuhasvk.com,,1
qlubutyv.ru,,1
wprbcllrqhqtzzppcr.com,,1
media-marketing.com,normal.alexa,0
ykuske.com,,1
krus.gov.pl,normal.alexa,0
2e0b7640901c0249c989043dc9f07dec.co.cc,,1
o7duu31hg2d4fpclq241y16jnn.net,,1
nod079173ydefgm9np0otmce1.org,,1
bottegaveneta.com,normal.alexa,0
jam.kz,normal.alexa,0
1543vxl13tpu501wxofzd1xnklaa.org,dga.post,1
hbocanada.com,normal.alexa,0
pcmvdifox.cc,,1
pasjagolebie.pl,normal.alexa,0
awoesegqou.org,,1
cestchaudici.info,normal.alexa,0
saqoxwkkzyec.com,,1
suckhoecongai.com,normal.alexa,0
fw12301y3wl2.com,,1
likelyread.blogspot.com,normal.alexa,0
oigcuamc.com,,1
ultimateuglychristmas.com,normal.alexa,0
goodnews.jp,normal.alexa,0
admdomus.com,normal.alexa,0
creationdentreprise.sn,normal.alexa,0
ifpoxeunlevisi.ddns.net,,1
whoisthisip.com,normal.alexa,0
foxsash.com,normal.alexa,0
mdcwotiwmtya.info,,1
subtitlesz.com,normal.alexa,0
provincetown-ma.gov,normal.alexa,0
cnsbytw.ru,,1
vulkan-kasino.com,normal.alexa,0
hlpkgkbekqot.ru,,1
akkagi.info,normal.alexa,0
inyourpocket.com,normal.alexa,0
mgesbsdsholapet.org,,1
harmonize.it,normal.alexa,0
vfjiltqnfwdkxrr.co.uk,,1
gmwkny.com,dga.virut,1
hfmarcanti.com.br,normal.alexa,0
tqsrhwkzdxmvlvp.com,,1
oqaxbqfrtdvoxkpwyxb.com,,1
getglasses.com.au,normal.alexa,0
boxi.ro,normal.alexa,0
zhulubox.com,normal.alexa,0
bucannoli.com,normal.alexa,0
playtopus.com,normal.bambenek,0
fwgiiq.com,,1
paynow.com.tw,normal.alexa,0
termsucktowerdescribespite.com,,1
cursoseonline.com,normal.alexa,0
itport.ir,normal.alexa,0
p962f6af1c8b777cf1279452b04a74c19d.so,dga.dyre,1
enotes.com,normal.alexa,0
kln0ks1f4dsfejp00t3u5n51n.net,,1
skiphop.com,normal.alexa,0
tsuruyagolf.co.jp,normal.alexa,0
kgta8krrjfk4uaycns.net,,1
wiggle.cn,normal.alexa,0
sfora.pl,normal.alexa,0
ismoker.eu,normal.alexa,0
essentialchemicalindustry.org,normal.alexa,0
chaosforge.org,normal.alexa,0
vvtgjtiwtokcy.com,,1
uprnsme.com,,1
frommymamauncut.com,normal.alexa,0
quranhoda.com,normal.alexa,0
llsnwhlbgwlmv.co.uk,dga.cryptolocker,1
lioneye.cn,normal.alexa,0
d4ee543dc264a700e6aef1a04363deaa.org,,1
ckhubyewrgusxaarz.com,,1
off-the-path.com,normal.alexa,0
auvesta.it,normal.alexa,0
shoppingbeiramar.com.br,normal.alexa,0
i-clarified.ir,normal.alexa,0
ebilet.pl,normal.alexa,0
slfvsokuzt.com,,1
maecox.com,,1
tortenetek.hu,normal.alexa,0
dreamwanderlust.com,normal.alexa,0
wosozlok.ru,,1
zpsatara.gov.in,normal.alexa,0
flasheplayergetadob.net,,1
bureimk.cc,,1
wtrnkyk.eu,,1
ndgisuecel.info,,1
drumuricatretine.wordpress.com,normal.alexa,0
chums.jp,normal.alexa,0
xtiymvkmosfs8rkg2l1xbx4l.net,,1
lashplayergetfadobe.co.uk,,1
drsaadati.com,normal.alexa,0
om5jra487zahhbcqrh.biz,,1
tower-car.com,normal.alexa,0
fabral.com,normal.alexa,0
tddimluecpiaehua.eu,,1
h.ua,normal.alexa,0
careerweb.co.za,normal.alexa,0
nrxmrqvisioklk.com,,1
tdohai.com,,1
iizgjcpojpypphfg.com,,1
daddafbbeadabmad.com,,1
pornative.com,normal.alexa,0
chanceslightweighshoeresult.com,,1
unkqumoxsdoikkk.org,,1
gambling-partners.com,normal.alexa,0
baekkbfbccodfbkb.org,,1
ledlampendirect.nl,normal.alexa,0
orbitetech.com,normal.alexa,0
netflix-es.com,normal.alexa,0
ticketsyasmarinacircuit.com,normal.alexa,0
nutrition-discount.de,normal.alexa,0
russ.ru,normal.alexa,0
p157f2a83de7ef06e71635b975f65243ce.in,,1
webcamhopper.com,normal.alexa,0
bjdhleasuredehydratorysagp.com,dga.banjori,1
wgkjtcmjoknlpvgybujfdyll.info,,1
lawyersupdate.co.in,normal.alexa,0
vlinkyou.com,normal.alexa,0
vgssecdiei.ws,,1
webcreationuk.co.uk,normal.alexa,0
cherrypy.org,normal.alexa,0
svyyrsen.biz,,1
setasign.com,normal.alexa,0
neigjrvts.ws,,1
whois.az,normal.alexa,0
sh.edu.cn,normal.alexa,0
kewneiawojm.com,,1
orwzzwszwbtxwahqcpi.info,dga.qakbot,1
blindow.de,normal.alexa,0
bujidocavaco.com.br,normal.alexa,0
itallstartedwithpaint.com,normal.alexa,0
htogunltchaotqhjp.net,,1
eqyybjmqukyw.me.uk,dga.tinba,1
rayyanat-najd.com,normal.alexa,0
ncoc.kz,normal.alexa,0
ns1.dnsfor7.info,,1
everyjoe.com,normal.alexa,0
workdesign.com,normal.alexa,0
ubiogbgindtdqydgf.me,dga.ranbyus,1
tutti.ch,normal.alexa,0
opy9b61ogzjsr102ilow2baaoc.org,,1
nova-eventis.de,normal.alexa,0
128212y1fov3slcz9pis1hhls0s.net,dga.post,1
twfood168.com.tw,normal.alexa,0
voodygames.com,normal.alexa,0
1yplvh4ox4li0e4x8ty15tas3j.org,,1
yt2oyrzjs3d.net,dga.shiotob/urlzone/bebloh,1
otvfoco.com.br,normal.alexa,0
dtybjitxxqkp.biz,,1
mdvskhxhnwfryd.tw,,1
eyuzrenansnan.cc,,1
netblogerdev.pl,normal.alexa,0
e0a5fecf148245fd3d3590af23e131416d.tk,,1
voeqvibicfsdxyunvu.pw,,1
raxlendajlubxdhq.com,,1
qf8dmj4p6r8d.org,,1
pfxcsemitismgavenuteq.com,dga.banjori,1
xuurykasuetpyj.su,,1
hdcyihxuhe.com,dga.nymaim,1
twbqfmofwdxqcugfuojlbhqs.ru,,1
mamaknews.com,normal.alexa,0
materialdoc.com,normal.alexa,0
skyworks.nl,normal.alexa,0
flashplayergetadobe.co.uk,,1
uscauuwgieikoqke.org,,1
lxdfru1huab5y14max7e5mvlxr.biz,,1
fnooyyo.eu,,1
yoibnh.com,,1
stagetrainbecomecommandstable.com,,1
cashadvance.com,normal.alexa,0
isvemhswgmkuj.net,,1
syinujxejpg.biz,,1
kentjobs.co.uk,normal.alexa,0
gadukaw.info,,1
wjqbiuxtxmqjoycntp.ir,,1
mytarp.com,normal.alexa,0
qeagirdo.ru,,1
facebook-studio.com,normal.alexa,0
rubeidax.ru,,1
gadgetsytecnologia.com,normal.alexa,0
ghecongtapbunghc.blogspot.com,normal.alexa,0
sjwzobyfq.ru,,1
videosexnovias.com,normal.alexa,0
elledecoration.co.uk,normal.alexa,0
skgckiiiaygeekow.org,dga.ramdo,1
fz0ge9rn06mz1m73est17wlu1p.com,,1
kyfux.eu,,1
fomfmacbaflcenbd.info,,1
wip.gs,normal.alexa,0
skkfip.net,,1
valic.com,normal.alexa,0
ivdsphm.info,,1
14pae6a1fp4xwa1s1my56kmeq3k.net,,1
wkysmt.info,,1
zytafoxahq.ru,,1
orangetractortalks.com,normal.alexa,0
picturepeople.de,normal.alexa,0
thebeautyinsiders.com,normal.alexa,0
kg24.net,normal.alexa,0
isor.com.tr,normal.alexa,0
bazarbox.cz,normal.alexa,0
ppjqtzfplpp.net,,1
jpcenter.ru,normal.alexa,0
binaryuno.com,normal.alexa,0
auidisqxdyfwzzuw.com,,1
thefranchisemall.com,normal.alexa,0
automag.kz,normal.alexa,0
svyjurhytl.com,,1
eo3tno714tm113nj2cv3m488k.net,,1
lyaybcpcrhuymmnl.com,dga.ramnit,1
chungchinghe.vn,normal.alexa,0
stjosephcountyindiana.com,normal.alexa,0
rycenel.su,,1
mapandat.ru,dga.pushdo,1
atrl.net,normal.alexa,0
f-quiz.org,normal.alexa,0
cieokgueugwaykma.org,dga.ramdo,1
sdreader.com,normal.alexa,0
overpowerd.com,normal.alexa,0
wendi.com,normal.alexa,0
jfcard.co.jp,normal.alexa,0
mqzkja.info,,1
yirwqwsqejdoehgx.eu,,1
elcerebrohabla.com,normal.alexa,0
kuantokuesta.es,normal.alexa,0
christopherandriana.net,,1
1iroaugh8c4mvpputodpec06w.net,,1
1rux3jtpqzuea1ubh6yeo0vo8i.com,,1
egybom.com,,1
mtuvsfmxkhi.ru,,1
rahmet.tv,normal.alexa,0
11y6u9y0b6lon6mgd0ku6fau.org,,1
mpphybnyqqvn.com,,1
ns1.backdates15.biz,,1
influenceemphasizeexperienced.com,dga.matsnu,1
afelop.biz,,1
nofshonit.co.il,normal.alexa,0
nextworld.in,normal.alexa,0
thinkjam.com,normal.alexa,0
jloonwm.eu,,1
yqj2o4nfcqr66ykret.biz,,1
oururl.16mb.com,normal.alexa,0
livraddict.com,normal.alexa,0
1ycuczjbuhz7p17rsydn8fdny6.net,,1
digitalmarketinginterview.blogspot.in,normal.alexa,0
customs.gov.ng,normal.alexa,0
nexia.pt,normal.alexa,0
lucky-print.com.ua,normal.alexa,0
tonysmarket.com,normal.alexa,0
qgqqugwcyoycwuem.org,,1
feicheng.gov.cn,normal.alexa,0
mtawotiwmtya.org,,1
lymetydo.info,,1
cvvamfgkmrv.com,dga.ramnit,1
sky9games.com,normal.alexa,0
hmyiumeocbcc.net,,1
gal-art.pl,normal.alexa,0
luhxdzbjysygq.com,,1
beoflashplayergetad.co.uk,,1
dokdafku.ru,,1
piyonsappvrl.com,dga.ramnit,1
yelocs.com,,1
teknolojidefteri.com,normal.alexa,0
padmanjaliinfotech.com,normal.alexa,0
h2f97125a7e0babe0f886b54e1c86addce.cn,,1
babyballet.mx,normal.alexa,0
mctdmiyvbkchfe.ga,dga.necurs,1
projectsandpartnersng.com,normal.alexa,0
r954dl1fv9jc3civjvb1iqjpp3.com,,1
rinzinzin.com,normal.alexa,0
nvheiyqqmjjm.com,dga.tinba,1
ucjemaemu.net,,1
mcejjshef.com,dga.ramnit,1
techjeep.com,normal.alexa,0
1lg70ou1t2i4pf1r8uq5f1haq2r.org,,1
gadynub.com,,1
avosassiettes.fr,normal.alexa,0
cimbemerchant.com.my,normal.alexa,0
1d3lf6aufsoea9lucxxedm08p.net,,1
gmcagygekeweeoic.org,dga.ramdo,1
flets.com,normal.alexa,0
lyricsraag.com,normal.alexa,0
bxsale.ru,normal.alexa,0
jeep-community.de,normal.alexa,0
gardenpool.org,normal.alexa,0
compass.com,normal.alexa,0
unipe.br,normal.alexa,0
z1du5p11gzxft1ssmpus1q9unm0.com,,1
xafbeoxu.ru,,1
sgcitytours.com,normal.alexa,0
coffeetimeromance.com,normal.alexa,0
shiseido.fr,normal.alexa,0
uyftputndw.net,,1
nxba8epo372wkj8fai.com,,1
ttp.com,normal.alexa,0
icelandair.ca,normal.alexa,0
coestervms.com,normal.alexa,0
qimutcplekol.com,,1
jobatus.com.br,normal.alexa,0
openyoga.ru,normal.alexa,0
jhwfsemitismgavenuteq.com,,1
ns1.dnsfor3.org,,1
intbet24.com,normal.alexa,0
melandrose.com,normal.alexa,0
segdoebrs.com,,1
qrdephp.info,,1
rssfeedfinder.com,normal.alexa,0
yinka.com,,1
mpredir-ac-101.com,normal.alexa,0
odyssey-com.co.jp,normal.alexa,0
abc53535bc50e62262757415863ad3e8.co.cc,,1
vocevencedor.com.br,normal.alexa,0
pjtcardenslavetusul.com,dga.banjori,1
livingsocial.com.au,normal.alexa,0
qetilav.info,,1
manufacturergolflunchtype.com,,1
wnxjwtilrekpjlfse.sx,dga.necurs,1
1jyo.com,normal.alexa,0
savelocal.com,normal.alexa,0
cookiesandclogs.com,normal.alexa,0
zoo-sextube.com,normal.alexa,0
yvtiaposhmd.info,,1
englishgrammar.org,normal.alexa,0
lordwinrar.blogspot.mx,normal.alexa,0
dabmy.com,normal.alexa,0
yrnmfldkxmgftmrxmr.com,,1
te-data.org,normal.alexa,0
intel.ro,normal.alexa,0
zlatoust-air.ru,normal.alexa,0
kdouytbhjbt.ws,dga.conficker,1
johnsanidopoulos.com,normal.alexa,0
eiyyecgumikwygku.org,,1
nijbyn.com,,1
cowzgdkjhw.com,,1
paper.ac,normal.alexa,0
lineinfo.ir,normal.alexa,0
sylvie-vartan.com,normal.alexa,0
knightfrog1248.tumblr.com,normal.alexa,0
vscyberhosting3.com,normal.alexa,0
vdjgqnviugoaddvx.eu,,1
hlebomoli.ru,normal.alexa,0
ovationtv.com,normal.alexa,0
uouwbehatyljzpyhpncuinnbceh.info,,1
tnotexplorered.net,,1
ee299b2bda4636276d941b22a8f26355.info,,1
deemacwe.ddns.net,,1
funnygames.org,normal.alexa,0
ejvhgodkgmlt.com,,1
laughingspatula.com,normal.alexa,0
ptnsyljtw.org,,1
tkuhkuvmdyndcsicgud.com,,1
sellingpoint.co.kr,normal.alexa,0
xinglongzsg.com,normal.alexa,0
tvfbfdqcqqwj.ru,,1
veihaput.ru,dga.pushdo,1
fedeagro.org,normal.alexa,0
lbex.com.cn,normal.alexa,0
9964aa98f2b23a8b065d9d315fba022d.cz.cc,,1
fcglkh.cn,,1
sootoo.com,normal.alexa,0
f-oloom7-8.rozblog.com,normal.alexa,0
svqhopcrkn.top,,1
m3657z.blogfa.com,normal.alexa,0
ruxgeino.ru,,1
morningshore.net,,1
irikp.org,,1
hdsexworld.com,normal.alexa,0
mp.nic.in,normal.alexa,0
tallan.com,normal.alexa,0
pravdive.eu,normal.alexa,0
spreadshirt.fr,normal.alexa,0
turkiyeburslari.gov.tr,normal.alexa,0
n4jaojgjumr611t7dsx131ss95.com,,1
vndcllaabettingk.com,,1
heardabove.net,,1
ffpxsagabardinedazyx.com,dga.banjori,1
fyybmtgoobq.cn,dga.conficker,1
javelingroup.com,normal.alexa,0
sblkdy.com,,1
tbkdvinskycattederifg.com,dga.banjori,1
lavorincasa.it,normal.alexa,0
4f87v4vzotuz19kwo3zpsr6kn.net,,1
5kpsbp83k6fefwzq3k.cn,,1
t8gp518sa22lguytu4.com,,1
xsvcrezoji.org,,1
7zamlr1fh416ksruvvy1aedx4.org,,1
oralb-blendamed-institute.ru,normal.alexa,0
hcxlqnqmladnaoe.com,,1
jotetsu.co.jp,normal.alexa,0
fr-enquete-officielle.xyz,normal.alexa,0
vudoavwfxawgsawq.eu,,1
tnyhjofc.net,,1
quiltville.com,normal.alexa,0
ys-ts.com,normal.alexa,0
123webfrance.com,normal.alexa,0
1a576okoee46o1ah2dw11jzdmc8.org,,1
15cr15e16ycybs19z5x47bz8krb.net,dga.post,1
znvpw4mwgmfbzio.net,,1
beautysecretspurpose.com,normal.alexa,0
yiqgyfzx.com,dga.conficker,1
atcpkhexy8a8c85.ddns.net,,1
digital-fun.com.my,normal.alexa,0
freebitcoinusa.com,normal.alexa,0
ciccanmo.ru,dga.pushdo,1
w4fsd2tqrh.net,dga.shiotob/urlzone/bebloh,1
y6gvutalg6ubifm2qbo8shg.ddns.net,,1
gshhjqj.net,,1
ultrashapoel.com,normal.alexa,0
verkaufsoffene-sonntage.com,normal.alexa,0
besthairspb.ru,normal.alexa,0
ftdkuoulfhfudds.com,,1
ahebipwe.ddns.net,,1
karniz.ru,normal.alexa,0
leynubjrqcrlbrr.com,,1
rrxaknvz.net,,1
lavery.ca,normal.alexa,0
120c94bd5f5669f4acf2d76c0d1d6bcb.org,,1
picatog.com,normal.alexa,0
nnnc.org,normal.alexa,0
coltortiboutique.com,normal.alexa,0
bualuang.co.th,normal.alexa,0
eqcqrex.eu,,1
vipuhlg.ru,,1
redtubegratis.tv,normal.alexa,0
lbcwxhjmjv.org,,1
hitsuji.me,normal.alexa,0
yopxzzrfg.com,dga.conficker,1
iloxm2qnin16slmbcfg.ddns.net,,1
bondinho.com.br,normal.alexa,0
cocfan.com,normal.alexa,0
mysitebuilder.org,normal.alexa,0
mixnoticias.com.br,normal.alexa,0
salewine.co.za,normal.alexa,0
z7c9ef389fc0469a1ba68fe02f401e84b4.so,,1
800vi.com,normal.alexa,0
lyxoved.info,,1
casinobomben.com,normal.alexa,0
sdelai-sam.pp.ua,normal.alexa,0
cgpig61ch95ub1u648401qwb4ih.org,,1
19wvkacfn46zzq0nkyatoqn63.com,,1
flxomnnfjqtvmryr.biz,,1
180oy53ht1idfxqmin61cgwbkn.biz,,1
oaknfdyfsovgagtf.eu,,1
tqmt.com,normal.alexa,0
hzsespxsllyexcxrqlt.com,,1
srqndlfuwkwjyd.com,dga.cryptolocker,1
forwardboard.net,,1
info5.pl,normal.alexa,0
satshop.fi,normal.alexa,0
fapomatic.com,normal.alexa,0
voetvixaeho.ddns.net,,1
dfbamccefcakblcc.com,,1
ajirazetu.com,normal.alexa,0
sruyvyydhqqi.com,dga.tinba,1
ldrniologistbikerepil.com,dga.banjori,1
bflapqehvlshpjjxr.nf,,1
eiohymv.info,,1
agazzebnza.org,,1
vfurbjf.eu,,1
atpfestival.com,normal.alexa,0
eroticarnaval.com,normal.alexa,0
bgoplatform.com,normal.alexa,0
gov.si,normal.alexa,0
yfmghana.com,normal.alexa,0
audiogurus.com,normal.alexa,0
zsshggtxnkn.yi.org,,1
pocaristiktok.tumblr.com,normal.alexa,0
lotus.com.tr,normal.alexa,0
mtmtubw.top,,1
c92v81avo52n.net,,1
vbsvkkqxifysiycaub.com,,1
scedf78328a700e279fc3503d5739deec3.to,,1
1q99umrbuuzbk1gswdssd06yfv.net,,1
shipbao.com,normal.alexa,0
shapemagazine-online.com,normal.alexa,0
hgads.com,normal.bambenek,0
u-strasbg.fr,normal.alexa,0
gupnamkeanfxpdylwoorxx.ru,,1
eimpak.com,normal.alexa,0
gkyhopinopqy.com,,1
heartsonfire.com.tw,normal.alexa,0
k13be1ebb28bfab9946bd39afff5341292.hk,,1
renre.com,normal.alexa,0
ns1.dnsfor9.info,,1
pozcobok.ru,dga.pushdo,1
whmyqjoxxhqe.com,,1
iqcysuesyuyakcsg.org,,1
ranahane.com,normal.alexa,0
uab.pt,normal.alexa,0
sanjing3c.com.tw,normal.alexa,0
se4efnk2y3a0j2v3.cn,,1
3sc1d6yzquue15yx89k3uqbb.net,,1
nanejdfxerqbghdl.eu,,1
eissmwkkacggeeyu.org,,1
zklir0d6vo92.com,,1
qexuhal.info,,1
gulf-recruitments.com,normal.alexa,0
tftcentral.co.uk,normal.alexa,0
triedroll.net,,1
crea-mg.org.br,normal.alexa,0
userbet.ru,normal.alexa,0
abigdir.com,normal.alexa,0
pviqrgqub.net,,1
bet2263.com,normal.alexa,0
qekoq.eu,,1
resept.az,normal.alexa,0
gfbbpxsqqmyt.com,dga.tinba,1
vaniday.ae,normal.alexa,0
tpvhrqvgvdc.com,,1
wuavkugfdoovo.net,,1
uchhvakr.com,,1
masomuk.info,,1
n9eatrluxol.com,,1
lamisgames.com,normal.alexa,0
wzvqe1i1hfqa8ks2xr.net,,1
e-consulta.com,normal.alexa,0
1htqaf8s5545dxr2sb.biz,,1
7s836a3xn0yrdw60.info,,1
ihergo.com,normal.alexa,0
bestcar2016.com,normal.alexa,0
qjaheu.com,,1
pro-softwares.com,normal.alexa,0
behmrcjvhtkusclnhxkhyhrjnw.ru,,1
portal1.ir,normal.alexa,0
direct.com,normal.alexa,0
lulaloo.com,normal.alexa,0
xnvgekfivjrrspojkftrmjxaegm.com,,1
floridaucc.com,normal.alexa,0
gyvwcofewwhvvaqme.ir,,1
axbil.com,normal.alexa,0
aozora.gr.jp,normal.alexa,0
iqbksikathrinezad.com,,1
ns1.dnsfor4.com,,1
taptapmag.com,normal.alexa,0
b9aho1wpqyc.net,,1
aerocivil.gov.co,normal.alexa,0
ieducar.com.br,normal.alexa,0
a-trust.at,normal.alexa,0
689.lv,normal.alexa,0
xyla.gr,normal.alexa,0
sochicken.nl,normal.alexa,0
jacquelineleonardson.ru,,1
iteach.kz,normal.alexa,0
btcoinsworld.com,normal.alexa,0
modellini.com,normal.alexa,0
trudog.com,normal.alexa,0
acibademinternational.com,normal.alexa,0
amblsgonz.org,dga.conficker,1
giper-lab.ru,normal.alexa,0
mourzqehlkrgt.com,,1
rakgcroho.info,,1
mtqwotiwmtya.net,,1
duniapria.net,normal.alexa,0
8wbu2n1620kx77427x51so41zw.net,,1
airgixvvoyv.ir,,1
directtoshop.com,normal.alexa,0
tokyopopline.com,normal.alexa,0
qorefxwbb.cc,,1
sndriad.blogspot.com,normal.alexa,0
eawxfkxokdn.cc,,1
tonosama.jp,normal.alexa,0
tfkohudokwy.ru,,1
awneyl.com,,1
araxkldmo.ru,,1
cantonres.com,normal.alexa,0
urizadek.cc,,1
cyljnytcypvfurwcqofxosgb.biz,,1
deepthroatfreaks.com,normal.alexa,0
1ecl870kvscxb85f6sb1s06sqb.net,dga.post,1
uvxfvmbhsyltuyuadjtebeq.com,,1
dwserver.co.uk,normal.alexa,0
respuestasjuegoapensar.com,normal.alexa,0
santacarolina.cl,normal.alexa,0
mabosif.info,,1
yhkbcdcmenrj.in,dga.tinba,1
iawuvkkljmbd.com,,1
1ya4z091qqwwpy1arr0tes67cg3.net,,1
zhbvbxixvwryd.com,,1
cdri.org.tw,normal.alexa,0
bajajautofinance.com,normal.alexa,0
egdbvrhtcptgoqorompj.com,,1
athinaishome.gr,normal.alexa,0
lightingnewyork.com,normal.alexa,0
traslasierra.com,normal.alexa,0
nttexploreredo.net,,1
livehandball.fr,normal.alexa,0
yuneybmz.net,,1
luxurysociety.ch,normal.alexa,0
bopegim.net,,1
africanexaminer.com,normal.alexa,0
vsz68nsrjt55usqtqj.biz,dga.rovnix,1
j06.cn,normal.alexa,0
fwitwrvzythx.net,,1
mdfocmcobaekdmom.online,,1
kindle-tipps.de,normal.alexa,0
ventureh.com,normal.alexa,0
kdfuedzheqx.info,,1
flightcentre.com.au,normal.alexa,0
ziruxlyjnjk.info,,1
gownvjwm.info,,1
absolute-angels-bangkok.com,normal.alexa,0
fcymqnbw.net,,1
portail-familles.net,normal.alexa,0
z13weg1e1b6m01u1y2j51tydfl7.com,,1
waldecker-bank.de,normal.alexa,0
ipad-apps-review-online.com,normal.alexa,0
lobdhulkqbxg.cc,,1
phish.net,normal.alexa,0
2ofhe91u0ny4g1d33ww612atudb.net,,1
1lmn92h633gex32nmnasjr9qs.org,,1
ejmspatadkapmxnlc.in,,1
fmsxvbiqxhmp.xyz,,1
pcb1eb1d5e5ddc53ab9824939d0d9f500b.cn,,1
nextsmartphone.gr,normal.alexa,0
omuufe.com,,1
growingsocialmedia.com,normal.alexa,0
bntdyjsftsgj.com,dga.ramnit,1
dongbupa.com,normal.alexa,0
120qyoxjs3rdpkvhr1hqx4ks8.net,,1
78811.com,normal.alexa,0
gangstaraptalk.com,normal.alexa,0
alypaa.com,normal.alexa,0
linux-onlineshop.de,normal.alexa,0
ogvetevaqph.net,,1
faecnaaqfefaase.ddns.net,,1
setterbakio.com,normal.alexa,0
614elumng1c1j46wj0p7fg1y.net,,1
polemikes-tehnes.gr,normal.alexa,0
plannerisms.com,normal.alexa,0
customer360.co,normal.alexa,0
letterboxd.com,normal.alexa,0
cofedas.com,normal.alexa,0
autolack21.de,normal.alexa,0
bgktacvxmnyblhegddrzrc.org,,1
3cc423a9a141f8cd9cd6821a52610837.co.cc,,1
g6gv7tgxu0opm81.ddns.net,,1
xnqeyafnhcypbgrdu.work,,1
paidforresearch.com,normal.alexa,0
oakgdbe6spracy6e.com,,1
ctpdnwjcn.cc,dga.conficker,1
mdmwotiwmtya.com,,1
dgcrwysklrrlvkgyo.net,,1
playblog.org,normal.alexa,0
ns1.backdates0.com,,1
moeduieqnugqglxe.biz,,1
cqxynflmymky.com,,1
mhresrjwvpug.ru,,1
cvdgbvwe.info,,1
clinicasesteticas.cl,normal.alexa,0
shkmbz.com,normal.alexa,0
f43d1e37db10dda9cd4c8bc96126b0f95f.cn,,1
matusiakj.blogspot.com,normal.alexa,0
thebodyshop.com.ph,normal.alexa,0
ahasiwos.ddns.net,,1
hgllmnvgqbrr.biz,dga.tinba,1
viudaa.com,,1
1uvysq1k9sdyuo0876yak14kv.net,,1
cacatanichahairunnisa.blogspot.co.id,normal.alexa,0
swwjnkddcuks.com,,1
5fb9d0af1bdae04498c73c430a5360b0.info,,1
ebasket.co.za,normal.alexa,0
betterbridge.net,,1
bonprixsecure.com,normal.alexa,0
umyieisextwt.biz,,1
letfind.com.cn,normal.alexa,0
mtywotiwmtya.net,,1
vmgjxcq.eu,,1
edcircuit.com,normal.alexa,0
ftwsldgsxysldaqfp.net,,1
qossaueoya.biz,,1
153ke2oezqkog1aav3gn1mpvg07.com,,1
loficbec.ru,,1
1f42gbnknqp6bukg0xytz4aqf.biz,,1
timescard.com,normal.alexa,0
1wq8dty6xoctg18d7h7d1e6ebag.biz,dga.post,1
sxtolapbbm.com,,1
wml.nl,normal.alexa,0
ztqeir.com,,1
kwlivocmgldbtq.com,,1
3htpiaafxlksx11sm1.cn,dga.rovnix,1
estpolis.com,normal.alexa,0
les-capricieux.com,normal.alexa,0
academixdirect.com,normal.alexa,0
tpbvamentalistfanchonut.com,dga.banjori,1
profita.org,normal.alexa,0
secundomer-online.ru,normal.alexa,0
h3c3090382c1804230b0bcd1874fcdae83.cn,,1
tvben.hu,normal.alexa,0
rueprotzer.com,normal.alexa,0
hidereferrer.net,normal.alexa,0
o2wwwll5z7e61qgnhv31adk3h3.biz,,1
gew.dk,normal.alexa,0
nationwideautowatch.com,normal.alexa,0
156h81lojxsj1wleho51acofbz.biz,,1
profitphoenix.com,normal.alexa,0
wjbdxlfopobw.ru,dga.cryptolocker,1
xartfan.com,normal.alexa,0
qaueidablyhoosieraw.com,,1
dobimpatrq.net,,1
ssacqhl.info,,1
askwb.com,normal.alexa,0
foretees.com,normal.alexa,0
tkhourvah.pl,,1
dancemarathon.com,normal.alexa,0
10o9cn8175sls81my4lxf1dqxcp1.com,,1
adobeflashplayergte.net,,1
musicroll.net,,1
cool-telejob.ru,normal.alexa,0
doktorlar.az,normal.alexa,0
atom-china.org,normal.alexa,0
paradiseclothingco.com,normal.alexa,0
rozex.rozblog.com,normal.alexa,0
worldarchivetr.com,normal.alexa,0
grfawrski.la,,1
nxpwxkad3g.com,,1
myvessyl.com,normal.alexa,0
1sygl18eipykqkwq21d1fs8a41.org,,1
stetson.com,normal.alexa,0
inserategratis.ch,normal.alexa,0
departuretoneengineeralarm.com,,1
moneytizer.ru,normal.alexa,0
eflashpblayergetado.net,,1
suffertherefore.ru,,1
vthxwaphqbkxawr.com,,1
mmgforum.it,normal.alexa,0
pqvjegagyeyrcgwf.eu,,1
divadepressao.com.br,normal.alexa,0
dwagkclgjpurvoftujfajmuc.biz,,1
oefcnbccoakddfka.com,,1
pxaapuxyhcqvinaknciw.net,,1
renacerfilial.net,normal.alexa,0
whatsinport.com,normal.alexa,0
swanvalley.com.au,normal.alexa,0
dfjav.com,normal.alexa,0
sprayjurywheeldoubtbluedry.com,dga.matsnu,1
marketingfinder.co.uk,normal.alexa,0
kamgqpkzt.com,,1
toczytam.pl,normal.alexa,0
adfxgqhbse.biz,,1
splashegypt.com,normal.alexa,0
1fjvsfv1cbe6nzs3w80l1j7x88v.org,dga.post,1
ynwd74er321dava.ddns.net,,1
esmartpaycheck.com,normal.alexa,0
pyujsvb.eu,,1
swnjgulzcqpmfpdiythagejdydy.net,,1
samsungirani.com,normal.alexa,0
77f12f3ee664248dfb6cff013b4a154e.info,,1
citigroupwealthadvisors.co.in,normal.alexa,0
game-ac.com,normal.alexa,0
17w5bws15a7kzj1u9o1x8x1o7i7.net,,1
castup.tv,normal.alexa,0
officedepot.co.il,normal.alexa,0
btpxtwchagxqrntd.com,,1
bgwgpn.com,,1
nbymepictom.com,,1
wqvhmvt.org,,1
hdskin.com,normal.alexa,0
amplement.fr,normal.alexa,0
caljavaonline.com,normal.alexa,0
aofoaobfaanebkba.cc,,1
fosogiihsiifi.ddns.net,,1
ewvxwq.dyndns.org,,1
iranfoodinfo.com,normal.alexa,0
justgoo.com,normal.alexa,0
xwnzpjorvlcythufumfcbi.ru,,1
zdqwdqen.net,,1
tcbodbqgggsqla.net,,1
dora-world.com,normal.alexa,0
sevome.blogfa.com,normal.alexa,0
umfcluj.ro,normal.alexa,0
1a578sa1l12vr8mmc8nr1tqc8lo.net,,1
qysapartbulkyf.com,,1
pathtraveldepositbecomerepair.com,dga.matsnu,1
ds-kawaguchi.com,normal.alexa,0
targetcomponents.co.uk,normal.alexa,0
chfpnmnansnan.org,,1
tmlzrbvuuh.org,dga.qakbot,1
dtil406jjtl516s96r8tm7xmy.net,,1
gweomjqlg.com,,1
good-music.ir,normal.alexa,0
williamsburgfamilies.com,normal.alexa,0
hgoexvxgatxsfn.net,,1
thehockeyshop.com,normal.alexa,0
ichiranya.com,normal.alexa,0
getadoberflashplaye.net,,1
wialumahxaleeh.ddns.net,,1
zdshe.com,normal.alexa,0
yjtpulhhvmtjljo.com,dga.ramnit,1
wgates.ru,normal.alexa,0
ssunny.co.kr,normal.alexa,0
ebbab1bafaf954e8bf1d781b89ac5966.cz.cc,,1
kgaavoeyewn.dyndns.org,,1
eswe-verkehr.de,normal.alexa,0
fuqxdd.com,,1
stepupmoney.com,normal.alexa,0
nk52b4dqb0ly.com,,1
swkgglnrugnwsrm.work,,1
pbohamentalistfanchonut.com,,1
miucaqavxo.ddns.net,,1
lsnet.in,normal.alexa,0
hellobangladesh.biz,normal.alexa,0
intercritique.com,normal.alexa,0
1kl9jntbord.net,,1
nebenverdienstimnetz.de,normal.alexa,0
skycardfinder.com,normal.alexa,0
wzcedrge.net,,1
hijfiiyrmtqnjf.info,,1
stwgroup.com.au,normal.alexa,0
hiqngxgsf.net,,1
manmachineworks.com,normal.alexa,0
ouwuywiugkeq.biz,,1
rmkcjp.com,,1
ozanimals.com,normal.alexa,0
cirzvyuonvjnvx.com,,1
itsnyoirdg.com,,1
bwiqolpctemoncj.com,,1
mercadolibre.com.co,normal.alexa,0
smulderstextiel.nl,normal.alexa,0
neoliberalismkills.net,normal.alexa,0
quepasaon.com,normal.alexa,0
qajnekttfgqortwfgeuificne.org,,1
sidint.dev,normal.alexa,0
flv.tv,normal.alexa,0
gnunet.org,normal.alexa,0
opus-college.net,normal.alexa,0
coachseduction.fr,normal.alexa,0
qh6lrar4afl6aytj2c.biz,,1
ndbzg41cnzmk9y1n4y81iltw45.com,,1
7s16b8lmf8d6.org,,1
prm1.net,normal.alexa,0
mwwyacfjojtv.info,,1
btbird.com,normal.alexa,0
tfndanerraticallyqozaw.com,dga.banjori,1
abdfbaeoenmfdaad.de,,1
3mitalia.it,normal.alexa,0
ihkibmpm22yhmcw.net,,1
11heeyee6996j1w7x9c98tjzf3.org,,1
ee.ge,normal.alexa,0
referencesaveperforminvite.com,,1
tradologic.net,normal.alexa,0
geidsvxfcn.info,,1
ehciqalletbb.com,,1
mrbskkdsholapet.cc,,1
juniorbaby.com,normal.alexa,0
gxtrhg2q1nrggxr.com,,1
kdoda0k0s6y85hy.ddns.net,,1
dkfejrcgr.work,,1
1cdmhe06kb8mh1s2kfpy1addcut.net,,1
hentaianimedownloads.com,normal.alexa,0
akjwsagabardinedazyx.com,dga.banjori,1
hbxfsikathrinezad.com,dga.banjori,1
sightserve.net,,1
shopinpk.com,normal.alexa,0
cwbqxghkvte.net,,1
gluteosdeescandaloya.com,normal.alexa,0
ieqxspvr.info,,1
payworks.ca,normal.alexa,0
joyoftournaments.com,normal.alexa,0
ns1.dnsfor14.biz,,1
easypost.com,normal.alexa,0
ogawaysseigukswu.org,,1
truroschool.com,normal.alexa,0
mowotel.de,normal.alexa,0
gphxpkbehckh.ru,,1
otntexplorered.net,,1
3ae6b2a686d669647372545293fdbdf8.co.cc,,1
bonsecours.ie,normal.alexa,0
leewillis.co.uk,normal.alexa,0
okspqaiq.net,,1
yzhoeu.com,,1
dobonew.info,,1
metall-holding.com.ua,normal.alexa,0
nationalcar.com,normal.alexa,0
datelipgapsetshipcashjuice.com,,1
almolltaqa.com,normal.alexa,0
wim.mil.pl,normal.alexa,0
walkintips.com,normal.alexa,0
8gwq6j1gxgrvs1xntrwwdnlzfp.net,,1
qxdsxxqs.ru,,1
cdlccaklkeecffff.cc,,1
rs-shop.hu,normal.alexa,0
musicman-net.com,normal.alexa,0
pwqwpaq.info,,1
rfliqqglyq.com,,1
yourserie.com,normal.alexa,0
mytechguides.net,normal.alexa,0
rweulvobduttpzkbxsenfj.ru,,1
gyuklyxgmgqemlbfakzofprclztzp.ru,,1
themanregistry.com,normal.alexa,0
m0612aacf783c96d87ef7e0e9bd198941c.tk,,1
komar.de,normal.alexa,0
klinkenberg.co.za,normal.alexa,0
t3h.vn,normal.alexa,0
aiofgimblmbfqdaaeuxkirbmts.ru,,1
1fmm5v0dio53h1nlzocjawiqtt.net,,1
ciuqceeooznrxyatid.com,,1
myfunporn.com,normal.alexa,0
jkvrrwc.net,,1
adboidqlrw.com,,1
rdtfcw1icm5tm1chopqbdiy0s.net,,1
q372055789678aa6582d6384562d114817.hk,,1
gpxrgjvvqevv.com,,1
jxogozxgxr.info,,1
tpacijlknbxywklv.eu,,1
iuaqcmocmqscmwak.org,,1
mitchmartinez.com,normal.alexa,0
cockouryaku.net,normal.alexa,0
aevzidablyhoosieraw.com,dga.banjori,1
madblackass.com,normal.alexa,0
sopranostv.ru,normal.alexa,0
vcespaqresxo.co.uk,,1
wredludph.com,,1
tdfdqwwnpljbppmko.com,,1
cicifylrcwodifguvtwgaxy.com,,1
instabayim.com,normal.alexa,0
i89cec7630454c9735ab58d1e2c05c1a73.to,,1
bazaartrick.com,normal.alexa,0
sunvaethzaq9.com,,1
axpjadwqsheoolof.eu,,1
habsonlinetv.blogspot.ca,normal.alexa,0
wpsecuritylock.com,normal.alexa,0
yfmbhw.com,,1
dnrnash.ru,normal.alexa,0
thongtinnonghoi.com,normal.bambenek,0
qh7jwdebyn7by2eh3v5.ddns.net,,1
droidextra.net,normal.alexa,0
inboxdollarspanel.com,normal.alexa,0
uzulnehv.info,,1
aexqtilcumfrrdxjmob.ug,,1
ylva-publishing.co.uk,normal.alexa,0
khzyxe.com,,1
packal.org,normal.alexa,0
mysuki.jp,normal.alexa,0
lepeuple.be,normal.alexa,0
nycfc.com,normal.alexa,0
bhane.com,normal.alexa,0
gazetavolgodonsk.ru,normal.alexa,0
scalereachstudykidsmokehas.com,,1
tek-tips.com,normal.alexa,0
lcps.org,normal.alexa,0
topcom.fr,normal.alexa,0
ica9e06e6fc315203a8f062acb1855904a.hk,,1
gif-giz.tumblr.com,normal.alexa,0
pocketnavigation.de,normal.alexa,0
dsxxmzwgbfeaw.com,,1
aeqcgekockweecmi.org,dga.ramdo,1
hpqvrhiwypgoah.com,,1
degtpctld.tv,,1
shoenet.com,normal.alexa,0
qsrtlogepvgonyvotthkp.su,,1
zdorovyda.ru,normal.alexa,0
aoloea.com,,1
geavonav.ru,,1
aznzarinwv.name,,1
aquacrista.com,normal.alexa,0
cantik.com,normal.alexa,0
gakwjiou.se,,1
xogroxs.eu,,1
dietstips.info,normal.alexa,0
ucqwbmlvstxlxwxkdd.ru,,1
luxurysegment.com,normal.alexa,0
pivwfxrou70v1f3gmg91s1guam.com,,1
kaatlmuwmmuwqg.biz,,1
uk-betting-tips.co.uk,normal.alexa,0
bozsozce.ru,,1
milimalipali.com,,1
arbipjpcqqbkrtasdg.com,,1
blackcloverusa.com,normal.alexa,0
godblessmikenigga.com,,1
imerlmukflrnehpae.org,,1
honda.ch,normal.alexa,0
vincentius.com,normal.alexa,0
exploreredottn.info,,1
fk.dk,normal.alexa,0
ofrp.ru,normal.alexa,0
neftegaz-expo.ru,normal.alexa,0
adultchannel.tumblr.com,normal.alexa,0
hdewcameras.co.uk,normal.alexa,0
tronsex.com,normal.alexa,0
yywpvwiq.net,,1
motorpecas.com.br,normal.alexa,0
pardispars.ir,normal.alexa,0
caljidablyhoosieraw.com,,1
ptth.edu.vn,normal.alexa,0
rqlcuqtp.info,,1
fatsecret.fr,normal.alexa,0
gulumao.com,normal.alexa,0
galaxyproject.org,normal.alexa,0
isprcjjnppnvdx4g.com,,1
ryhufpsosw.com,,1
kihuu.net,normal.alexa,0
yyjsr8pvb6pn2dbvzy.ru,,1
trianglecu.org,normal.alexa,0
gbcjtiavjcdeihfwe.me,,1
itavisen.no,normal.alexa,0
t-sphera.ru,normal.alexa,0
51jiemeng.com,normal.alexa,0
torontofeed.com,normal.alexa,0
dnsframe30.com,normal.alexa,0
convert2mp3.net,normal.alexa,0
ywngmu.org,,1
jobs63.com,normal.alexa,0
fourtoutici.name,normal.alexa,0
jsward.com,normal.alexa,0
nativewarriors.us,normal.alexa,0
hjbqfyg.mooo.com,,1
ceilume.com,normal.alexa,0
oneattune.com,normal.alexa,0
dyjefiwicf.org,,1
qzodsfmj.top,,1
jyt0a718xc1251fd17lr12ngh3n.com,,1
smsoftheday.com,normal.alexa,0
bakinter.net,normal.alexa,0
izuuetjyjyli.com,,1
homedepotmeasures.com,normal.alexa,0
elmirazeds.tk,normal.alexa,0
i-courses.org,normal.alexa,0
ubajcxinm.ru,,1
woolworthslimited.com.au,normal.alexa,0
hyneqghwgwkfqnbgmuwbepc.ru,,1
rus-nezamerzaika.ru,normal.alexa,0
oswfs.com,normal.alexa,0
scooter-infos.com,normal.alexa,0
ccoakodebnofafao.com,,1
15antnjumtg8144f0rs9gvbj4.org,,1
mynetfone.com.au,normal.alexa,0
tolouemehr.ac.ir,normal.alexa,0
vehir.hu,normal.alexa,0
fjhminlemsgkox.net,,1
flc.edu.vn,normal.alexa,0
carpresenter.de,normal.alexa,0
zoplpapclxzd.info,,1
rvdjsikathrinezad.com,dga.banjori,1
isk-zapad.ru,normal.alexa,0
yjk8gr1dmnwbah3.ddns.net,,1
fftbvp.info,,1
tgvzuvn.info,,1
benelic.com,normal.alexa,0
theenergycollective.com,normal.alexa,0
stgkrf.ru,normal.alexa,0
tcxgaha3neoad7zi7s.com,dga.rovnix,1
wjubung.com,,1
emyoaacaakqowqam.org,,1
fsjesk.ma,normal.alexa,0
jetfilmizle.com,normal.alexa,0
gizmodo.in,normal.alexa,0
moto7.ru,normal.alexa,0
agro.gov.az,normal.alexa,0
hjmrucrn.com,,1
deopeama.ru,,1
s3f6249eda0df137bd9aa94fd3e670ff07.to,,1
justbreastimplants.com,normal.alexa,0
fvwcepictom.com,dga.banjori,1
exittechnologies.com,normal.alexa,0
ekayhwsrtilm.su,,1
seomar.ru,normal.alexa,0
biblebee.org,normal.alexa,0
8e7462979e4119d4f3d86347d99a566c.org,,1
csmaclub.co.uk,normal.alexa,0
mypornfun.com,normal.alexa,0
heavensdooryaoi.altervista.org,normal.alexa,0
wexebhf.dyndns.org,,1
callfuck.com,normal.alexa,0
websiteproxies.co.uk,normal.alexa,0
q870ibgpe2a6kpeh50afy4g.ddns.net,,1
ifep7pm8w0atsjsfc61xi.ddns.net,,1
esojnhrdcwlgwoqy.com,,1
vzyroozjhq.com,,1
justpushstart.com,normal.alexa,0
520xvuq.com,normal.alexa,0
themetation.com,normal.alexa,0
buyesib.com,normal.alexa,0
unfurlr.com,normal.alexa,0
ejercito.mil.co,normal.alexa,0
russellgrant.com,normal.alexa,0
alkazemuhasebe.com,normal.alexa,0
medyabilgirehberi.com,normal.alexa,0
heufiozmnf.dyndns.org,,1
admingle.com,normal.alexa,0
puayjyevawjklhch.eu,,1
kysuj.eu,,1
n7136azpe5hj4jgepf.cn,,1
11eqsv4gapir01ck0x711sv754s.com,,1
apolearn.com,normal.alexa,0
swarovskigroup.com,normal.alexa,0
xn--bd-ph4a3c2d4ftc.com,normal.alexa,0
stculrylpfijlbhemjjreyonmfz.com,,1
baixarcdstops.com,normal.alexa,0
lkxycltyz.in,,1
qe8ee8dc1bf9e0d62f2e47c629f9d6fd38.tk,,1
kcoxycnqutoee.pw,,1
xhtxxmwb.com,,1
diariotorredonjimeno.es,normal.alexa,0
78dxus54udtqhkru7m.net,,1
downloadaadharcard.com,normal.alexa,0
m-club-q.com,normal.alexa,0
twfmdgg.com,,1
thelondonlounge.net,normal.alexa,0
atbnet.com.tn,normal.alexa,0
jaxihiln.ru,dga.pushdo,1
experience.com,normal.alexa,0
lowealpine.com,normal.alexa,0
gqmyomukummaosmq.org,dga.ramdo,1
corazonfilmsprensa.com,normal.alexa,0
kazo.com,normal.alexa,0
fyuifhb.net,,1
sipuecmzxk.info,,1
1oqghc312sfufjluihhh18v4ab0.com,,1
eiqssyagseykcsyw.org,,1
sslchina.org,normal.alexa,0
macrokiosk.com,normal.alexa,0
qehoudsuosvocun.ddns.net,,1
gadhxa4yn0c4qong.info,,1
vplus.ro,normal.alexa,0
moridb.com,normal.alexa,0
kyvfpvnofuamrd.me,,1
qqhinwgdjkcb.net,dga.tinba,1
oilkuwzliyppdaok36.com,,1
feojicko.ru,,1
largeboard.net,,1
4ttx2z1p4ony21kbl9v87pmhve.net,,1
yadeamall.com,normal.alexa,0
mygtpzvzv.se,,1
reifen-popgom.de,normal.alexa,0
vergleichsweise.info,normal.alexa,0
quxxndstvmqqgassgd.de,,1
kerkyrasimera.gr,normal.alexa,0
imcarazvgfztzcrhjx.org,,1
game2.cn,normal.alexa,0
50kopeek.kiev.ua,normal.alexa,0
jointaste.net,,1
sfujxerhpyswmv.info,,1
19e7de6329dacf3b41c7582dd7fcb425.org,,1
thehotelschool.com,normal.alexa,0
uvkpehcf.top,,1
soulfuldetroit.com,normal.alexa,0
eniolstats.com,normal.alexa,0
gfblcoamserosnkhw.co,,1
allmusicitalia.it,normal.alexa,0
montgomerynews.com,normal.alexa,0
jornaldafranca.com.br,normal.alexa,0
xqaqvmwoxvxl.ru,dga.cryptolocker,1
mamazone.pl,normal.alexa,0
5m7g92nshyr8.com,,1
zghqzozajsl.top,,1
aiokoomeaems.com,,1
ylkdyru.ru,,1
hrnjfragxd.com,,1
awtxhqgoysykjjiw.eu,,1
ofarmakopoiosmou.gr,normal.alexa,0
phtuflvvldbxiuw4h.com,,1
zhidao91.com,normal.alexa,0
ytfihcexortemhrdphupjby.ru,,1
xztsrsensinaix.com,,1
taurdf.com,,1
mtewotiwmtya.org,,1
theexpeditioner.com,normal.alexa,0
qlszknid.top,,1
concordnc.gov,normal.alexa,0
knkxradsholapet.cc,,1
simular.co,normal.alexa,0
nbozfffvqn.cc,,1
hopiiptoololo.ddns.net,,1
heavymatter.ru,,1
firs.gov.ng,normal.alexa,0
vgecymea.net,,1
1nn3guug0ugwgzbjofmpfzkfb.com,,1
daslot.biz,normal.alexa,0
6fazcak2fjanxkvi.ru,,1
sfy8qbmbydalw250ere8sby.ddns.net,,1
vcxivo9y7ctm.net,,1
wyufiwiugkeq.info,dga.pykspa,1
zjorirgeye.eu,,1
tinsleytransfers.com,normal.alexa,0
aria.pl,normal.alexa,0
xdgdmtjrslkaxo.kz,dga.necurs,1
sxoldctgm.info,,1
sovzond.ru,normal.alexa,0
videoracemotogp.blogspot.co.id,normal.alexa,0
pagemaster.ru,normal.alexa,0
pharmaceutiques.com,normal.alexa,0
qftpdqeorssibbif.eu,,1
1ukc9by1otl92y1bqe43in8k0s1.net,,1
liltoqsi.ru,,1
dpsqdtrlx.sh,,1
ezvqir.com,,1
hqdahqtyx.ru,,1
the-bwc.com,normal.alexa,0
3dcreature.com,normal.alexa,0
kaylasophiaphotography.com,normal.alexa,0
gkkqhzvyz.com,,1
tokyogyoza.net,normal.alexa,0
rosettatranslation.com,normal.alexa,0
bwsjffaibhyvgmwemtwherxghio.ru,,1
satsuki-jutaku.jp,normal.alexa,0
rlqfleasuredehydratorysagp.com,,1
hapamyz.su,,1
fxbrasiltrading.com,normal.alexa,0
7le8gn1al74718kw31vulnrdy.net,dga.post,1
ysmallbizstatus.com,normal.alexa,0
xje9hmwrcti.net,,1
ijutui.com,normal.alexa,0
burei.cc,normal.alexa,0
zthmpneyfauopgmgexmffyzfup.com,,1
pujimal.info,,1
uokaepictom.com,dga.banjori,1
0g5043z3ku8vbovl.ru,,1
shopomatic.ru,normal.alexa,0
avrmagazine.com,normal.alexa,0
zina-korzina.livejournal.com,normal.alexa,0
xcqsuqcovuswonfxsqocdmzlfx.ru,,1
pesauvfuerg.ddns.net,,1
kfklwbklwho.com,,1
quickcashsystem.biz,normal.alexa,0
emycyigkwkqoocek.org,,1
vihdinpallo.net,normal.alexa,0
mamakarmel.com,normal.alexa,0
sigitih.com,,1
gpwxule.org,,1
watch8k.com,normal.alexa,0
wxziek.org,dga.conficker,1
tyqlxxpminvv.com,,1
libertyaccounts.com,normal.alexa,0
lamakaan.com,normal.alexa,0
ciqhmwzwoddla.org,,1
jamtrackcentral.com,normal.alexa,0
pixs.ir,normal.alexa,0
pilnirmu.ru,,1
shipbeltrentfaultloandelay.com,,1
t2r41uvgtuj0.com,,1
idcaller.ca,normal.alexa,0
timvieclam247.vn,normal.alexa,0
fkyzj41vboan91ku5qi21axxkd2.com,,1
newsage.gr,normal.alexa,0
mvfhfciivgxvm.tf,,1
pressureavoidthankriskculture.com,,1
ignarchives.com,normal.alexa,0
dlmudpjy.com,,1
goldenhands.info,normal.alexa,0
wizspo.jp,normal.alexa,0
1isnpen142rnuu1cbl8q1f5wwmk.biz,,1
irjjofrgirrorxr.com,,1
kfafgnfeonvecpvkpeqzqe.org,,1
kt7re6c8581vofgnulmvu4q.ddns.net,,1
qkjeaym.info,,1
ganacaz.info,,1
thecardcenter.com,normal.alexa,0
hjhgmezvoecpt1.com,,1
yrrcplzs.info,,1
gjsgaljbdfjlye.cc,,1
gruener-garten-shop.de,normal.alexa,0
cambioivu.com,normal.alexa,0
12q4ojdzb8mqai8u.net,,1
demax.kiev.ua,normal.alexa,0
mp3tales.info,normal.alexa,0
thgtqbi.com,,1
epitaphe.ma,normal.alexa,0
gsu.edu.tr,normal.alexa,0
qyhaegwhrekdhaou.eu,,1
vilocicu.info,,1
19084ripczxdouvummt1tomr.com,,1
qd2jtzo3g9.com,,1
sellgame.ir,normal.alexa,0
11f2amshw54yc17g7adg4wcna5.net,,1
y8uuvrggagbvdqwlyc.biz,,1
amjabd.com,,1
hvcgeyttwkfnfhrwpbbugagitgizt.ru,,1
cobjjozfxzadnvzvn.net,,1
somoglobal.com,normal.alexa,0
lkpost.com,normal.alexa,0
denxpacu.com,,1
ibizprofile-au.com,normal.alexa,0
hcxvfpyswu.com,,1
1ikpeqo3i7mnw4du69nd72hyy.net,,1
pstafpcqineamrjhi.in,,1
bsngzgn.org,,1
l6f89inc9efk.net,,1
ebolution.com,normal.alexa,0
ghxsmwlockfxtmzdhwa.biz,,1
mnpzhqsqodobmvlbqlrrglnxws.ru,,1
ola.com.ar,normal.alexa,0
rachelplatten.com,normal.alexa,0
felixandiris.com,normal.alexa,0
bluemountro.com,normal.alexa,0
oetixlxcmkr.info,,1
5ufklqn0dujg.top,,1
fxuoshurdhix.com,dga.tinba,1
uzbekmebel.uz,normal.alexa,0
moderndipity.com,normal.alexa,0
tolzhfjqlv.com,,1
nicashomes.com,normal.alexa,0
pornofag.net,normal.alexa,0
twcgwtlfwvrb.info,,1
1giipu11qweftimgzkzw54ix7e.org,,1
www.cn.com,normal.alexa,0
wam.de,normal.alexa,0
hkhdqkfki.info,,1
afupiysobiivluesg.su,,1
cubisima.com,normal.alexa,0
nzrwdlzo.net,,1
nomojatudyn.eu,,1
shoesonline.co.il,normal.alexa,0
ebisufan.com,normal.alexa,0
austaras.com,normal.alexa,0
emqe6mvggdufrqwes2qfzk41.org,,1
ygcvfv.com,,1
votrecave.com,normal.alexa,0
nbastore.tmall.com,normal.alexa,0
arabiahorizons.com,normal.alexa,0
dougwhovhhc.ws,,1
life-harmony.net,normal.alexa,0
retahoe.com,normal.alexa,0
edrehi.com,normal.alexa,0
amuyanerraticallyqozaw.com,dga.banjori,1
ywsogioeekcycwie.org,,1
gozha.net,normal.alexa,0
kjpeitsxypplfmcyxsggyxcfm.ru,,1
ayergetadlobeflashp.co.uk,,1
ukhalfluoeilrwjzibxvkytpzl.ru,,1
clinpsy.org.uk,normal.alexa,0
jtktzfvqiz.net,,1
rivsenlbscbkxm.mu,,1
f2b948984d12d63ceb30ec83e6f349cd.cz.cc,,1
huaxing.com,normal.alexa,0
f130.com,normal.alexa,0
gamecoins.info,normal.alexa,0
z645bdb18a262bb8d14d90cf0feed732ac.cn,,1
nafjobs.org,normal.alexa,0
giro.com.mx,normal.alexa,0
maxnulled.com,normal.alexa,0
gerwhdfufafmcibgqswvgkzjbtcv.ru,,1
ns1.dnsfor19.info,,1
lankahotnews.info,normal.alexa,0
dolce-gusto.es,normal.alexa,0
hdptrjrdr.ws,,1
aiuto-jp.co.jp,normal.alexa,0
cqugvunhrvoaq.com,,1
b9a35aee0c7a942446fefe539a600b23a1.ws,,1
hmx7qs1obvfp21vfwbia1ui33vy.com,,1
eetimes.com,normal.alexa,0
huddle.net,normal.alexa,0
home.vn,normal.alexa,0
oqguwyxpneuuwifroamzplrjug.ru,,1
cautceas.ro,normal.alexa,0
dgtlzlipzeucz.org,,1
cda.gov.pk,normal.alexa,0
occcuwmimkqaucos.org,,1
aboftuefaku.ddns.net,,1
joomfreak.com,normal.alexa,0
canadalightingexperts.com,normal.alexa,0
kisspornmovies.com,normal.alexa,0
vatdirtu.ru,,1
jqnuaetmq.info,dga.conficker,1
muyturras2.com,normal.alexa,0
ulqenuorfubadou.ddns.net,,1
ayhoxrcstzj.net,,1
vdeiypbbeuycne8s.cn,,1
iggjobambtu.net,,1
cameoezretail.com,normal.alexa,0
fbuynd.com,,1
dge.de,normal.alexa,0
catalogodavipuntos.com,normal.alexa,0
televesdre.eu,normal.alexa,0
shortlink.vn,normal.alexa,0
calliframe.com,normal.alexa,0
wrtrdo7p6bmufg5s5b1e4w4re.net,,1
clubvolvo.ru,normal.alexa,0
eonworks.com,normal.alexa,0
responsiveoffers.com,normal.alexa,0
blog-livedorr.com,normal.alexa,0
zjs.com.cn,normal.alexa,0
zscaaxefnin.org,dga.conficker,1
1spzupj1i5zscx1aiocx540r0qb.com,,1
bbobbleddbfddnab.website,,1
eaofglgegplurji.com,,1
vqlecoaohgjj.sc,,1
goguynet.jp,normal.alexa,0
builderdepot.com,normal.alexa,0
flywithvip.com,normal.alexa,0
cellone.bm,normal.alexa,0
btcaff.com,normal.alexa,0
pecsradio.hu,normal.alexa,0
oasmavkjmcxctdkit.net,,1
1vtrm7v1ueh9sfmxo86715dp28q.com,,1
barefootconsultants.com,normal.alexa,0
bvdtdfxlbdgsjpp.pl,,1
jrvrmzerqeq6.com,,1
uhotgkvylaugyhrm.eu,,1
pxdxobxlovjoyqup.com,,1
tnrsqmkihsbrcmtjxcl.de,,1
pantyhoz.net,normal.alexa,0
xukisijycer.eu,,1
wnoqqkaa.cn,,1
msculizc.com,,1
dizilab.org,normal.alexa,0
pfizer.es,normal.alexa,0
prcqylpnc.cc,,1
cdfcecbdfanndfol.com,,1
ndvptxswxnwvnsi.info,dga.cryptolocker,1
upandrunning.co.uk,normal.alexa,0
animalgeo.com,normal.alexa,0
autografika.com,normal.alexa,0
vpost.com,normal.alexa,0
gosicuwiopufo.ddns.net,,1
printablewisdomco.com,normal.alexa,0
1hs7a131f3sg471uy8fbw16ruf8f.net,,1
spirithatetransitionstick.com,,1
hiephvdulvdqgymjpuu.tw,,1
masteretudes.fr,normal.alexa,0
turkodeme.com.tr,normal.alexa,0
richmondsymphony.com,normal.alexa,0
getestet.de,normal.alexa,0
mcousqiygyyomoek.org,,1
suspendedwar.com,,1
z31mzsko2ulpelw8ke14baidg.biz,,1
cgopcccsbmkx.com,dga.tinba,1
stcpgvkeht.info,,1
tlqlvnoyxmyzkzvh.net,,1
sbm21t1x32725ru856a4ubm.ddns.net,,1
swryqyp.info,,1
wolnamoda.pl,normal.alexa,0
earlybirdmom.com,normal.alexa,0
gustave-et-rosalie.com,normal.alexa,0
magazine3.com,normal.alexa,0
2gz2a6nr2o5j3creq4.biz,,1
ovvwgqvwdyskrcdmrdudicobxc.ru,,1
tiens.com,normal.alexa,0
contactssurvey.com,normal.alexa,0
firmslink.com,normal.alexa,0
zzyapartbulkyf.com,,1
priskongen.no,normal.alexa,0
toxqyttmvode.in,,1
lightasm.com,normal.alexa,0
def4la7wtung.top,,1
catsa.gc.ca,normal.alexa,0
fronterasblog.com,normal.alexa,0
puxyjrfanxhar.biz,,1
bgbifgtkcypo.com,dga.tinba,1
erstewohnung-ratgeber.de,normal.alexa,0
hiperogloszenia.pl,normal.alexa,0
infokami.com,normal.alexa,0
onlinedailybusiness.com,normal.alexa,0
finalwholesale.com,normal.alexa,0
cowshedonline.com,normal.alexa,0
zenekarokaz.hu,normal.alexa,0
tpyrhhwjrgqtiaryvr.com,,1
valenciaopen.tennis,normal.alexa,0
qkiaewsisaygqiky.org,,1
erroranswers.com,normal.alexa,0
khps.org,normal.alexa,0
trustedshops.com,normal.alexa,0
petite-teens.net,normal.alexa,0
aeggqwmieaowgeya.org,,1
anajet.com,normal.alexa,0
udh9jzbq1xcs1bqqqhjzquc4k.net,,1
zebra-zoya.ru,normal.alexa,0
bfdcfdklandbonan.com,,1
sgeymaiugkeq.net,dga.pykspa,1
sneducloud.com,normal.alexa,0
kermankhabar.ir,normal.alexa,0
zshurgterk1q.org,,1
fwnqhohxgcf.org,,1
explorteredotn.info,,1
szn-ural.ru,normal.alexa,0
kerstbomenwinkel.nl,normal.alexa,0
tomasucci.com,normal.alexa,0
jitsi.org,normal.alexa,0
vzjxafgo.net,,1
apk20.blog.ir,normal.alexa,0
kognitiv.no,normal.alexa,0
qntduzdljqqqrttt.org,,1
wjsj36wryd7ni0cjml3.ddns.net,,1
i064800c055cfe080dbc337ac9d045ff5e.to,,1
ex-pa.jp,normal.alexa,0
digitalistnetwork.com,normal.alexa,0
lxbxefytvslucvsk.eu,,1
hrrdcbvrctnpj03.com,,1
spckuqizjg.com,,1
16tw1jv1fmkg421oqzfhrrl1czr.net,,1
lvevmfgfnmpjnhmxihqcbpx.org,dga.qakbot,1
gyyxifemhswpcinjpyxkrrot.ru,,1
audi.com.sg,normal.alexa,0
yaoiyquoykgoakmm.org,dga.ramdo,1
ncmidrd.info,,1
radioua.biz,normal.alexa,0
rjctlglk.net,,1
gqtnykiuerfnkglk.eu,,1
ebbab1bafaf954e8bf1d781b89ac5966.co.cc,,1
vinilismo.com,normal.alexa,0
skkthe.net,,1
f286ac83eab781947859ecbbdc205c8e.org,,1
1i9ru2q6jp2j91fwv2njvimpzc.net,,1
modellersurveys.com,normal.alexa,0
gbpics.to,normal.alexa,0
rssweather.com,normal.alexa,0
qkiwswuaoaieoegi.org,,1
woowvacations.com,normal.alexa,0
macclubindonesia.com,normal.alexa,0
asideorganizeholereasonsuffer.com,,1
91695ccc9420ea5f4ba203cde2f9f418.co.cc,,1
vklyrkt2n8tu.org,,1
ft5bpsgaeerqzopjg7.net,,1
scriptdoll.com,normal.alexa,0
eizrvnoqkppyod.org,,1
trendyfind.ru,normal.alexa,0
strategysettledealeffect.com,,1
teenmomjunkies.com,normal.alexa,0
buzzly.fr,normal.alexa,0
galaxynews.mobi,normal.alexa,0
schkisw.info,,1
wke.es,normal.alexa,0
wpspnndx.com,,1
cqwijbuvssobcb.net,,1
eifrinalcentricem.com,,1
thecoop.com,normal.alexa,0
orleredotntexp.info,,1
bdfkbcfnklbcodkf.co.uk,,1
ville-beziers.fr,normal.alexa,0
besttube4you.com,normal.alexa,0
zytelong.com,normal.alexa,0
centrostudicni.it,normal.alexa,0
yvy8kw1ky5wwpscc4jm1wnzuuz.com,,1
zzptsijhynzcydysnrucrsnrht.ru,,1
h5kaq3zdnpdun1zy.ru,,1
tudor.lu,normal.alexa,0
35y.co,normal.alexa,0
sbgvkdg.com,,1
oykhvymvllqenlm.com,dga.ramnit,1
zoosite.nl,normal.alexa,0
lonrho.com,normal.alexa,0
rakkoc.com,normal.alexa,0
byus.net,normal.alexa,0
evwfmuxozbqi.info,,1
yieldlove.com,normal.alexa,0
wireless-driver.com,normal.alexa,0
mondoaeroporto.it,normal.alexa,0
ezceuscom.com,normal.alexa,0
zppoererwyatanb.com,dga.banjori,1
bonethugshd.me,normal.alexa,0
aobcrxgtvwcovaexvdqp.su,,1
xixihere.com,normal.alexa,0
booklookbloggers.com,normal.alexa,0
fashionzauber.com,normal.alexa,0
fysctafox.org,,1
netvertise.com,normal.alexa,0
vdxqihsgrldshosjo.com,,1
ekbmmablbfcbdbcf.de,,1
dyjoynmmowrecjc.org,,1
vola3gpufste.net,,1
jiunuojc.com,normal.alexa,0
digitalfilelocker.com,normal.alexa,0
fuepbslqqwu.ru,,1
hgtslop.top,,1
ypm6pmc94kbrxn20q1s27dks.net,,1
o6olwl5b3vu2w216aty.ddns.net,,1
bluetripper.com,normal.alexa,0
godzinyotwarcia24.pl,normal.alexa,0
layergetpadobeflash.co.uk,,1
hzsdvinskycattederifg.com,dga.banjori,1
ilive.com.ua,normal.alexa,0
free-graphics.com,normal.alexa,0
seeitmarket.com,normal.alexa,0
gocolumbiamo.com,normal.alexa,0
vegalyfe.com,normal.alexa,0
e4037.com.ar,normal.alexa,0
c342c46047bdf96f5cb6526867d0df59fa.to,,1
12g4wdclglohuj3nonm.ddns.net,,1
vw.com,normal.alexa,0
novantmychart.org,normal.alexa,0
bfguoh.yi.org,,1
elitepain.com,normal.alexa,0
accubaseconnect.com,normal.alexa,0
bujkzirombv.net,,1
rptzellefrictionlessv.com,,1
jointfirmmixedprogramsplit.com,,1
cozyvision.com,normal.alexa,0
spanisch.de,normal.alexa,0
dgg0vl1q34alq2vqk6m1xilaag.com,dga.post,1
cowurine.com,normal.alexa,0
ns1.dnsfor19.org,,1
cummisp2x0ix1jwj89qov3n8.net,,1
zhishicx.com,normal.alexa,0
planeo.pt,normal.alexa,0
bdwklzpgx.name,,1
hefggbupoetj.com,,1
k0iv7vslgjwlurwfwx7.ddns.net,,1
cimentimarco.it,normal.alexa,0
ntwtpzqutnlrevt7x.com,,1
elitemeetings.com,normal.alexa,0
uogwoguysemwkiag.org,dga.ramdo,1
i746d7dcb6e671f24d81cc07d82af6b1b3.tk,,1
ecolightled.com.au,normal.alexa,0
pnjiivuenfcbklveuwy.org,dga.qakbot,1
csosgi.com,,1
yu2zk3m63t1d2f562e.ru,,1
oeifbdchf.info,,1
kykwagwqmoescwuc.org,,1
pesis.fi,normal.alexa,0
thaihotelsdirectory.com,normal.alexa,0
uvxnopsbtyinannjv.tw,,1
govdocs.com,normal.alexa,0
click2dissertation.co.uk,normal.alexa,0
eyeappts.com,normal.alexa,0
withinpixels.com,normal.alexa,0
korresusa.com,normal.alexa,0
rhpwsawjwcuofuxg.eu,,1
notmaison.be,normal.alexa,0
nid3oywpqdt2a.net,,1
uodaambrcgeyxeuyttsaerwvsgxro.info,,1
8igy4mouge4y.net,,1
appbytesigns.com,normal.alexa,0
teachercertificationdegrees.com,normal.alexa,0
fwxcrqdsrs.ru,,1
18tokyo.com,normal.alexa,0
vjmttsfox.cc,,1
uccmuojxzmnxcbtctyldkj.info,,1
kenresearch.com,normal.alexa,0
z7bor52jbgebd8qr.info,,1
ergetadoybeflashpla.co.uk,,1
flamingtoast.com,normal.alexa,0
hottrannytube.com,normal.alexa,0
ebpromotions.com,normal.alexa,0
moniz.de,normal.alexa,0
beurs.nl,normal.alexa,0
qxwqcgjbsikwjuhim.net,,1
zaprtjxmvueo.net,,1
muyvtgcalie.com,,1
knwulh.org,,1
brooksite.ru,normal.alexa,0
3va2e2ype4ofmbylere4o43.ddns.net,,1
semver.org,normal.alexa,0
tuenti.mx,normal.alexa,0
uga0ju102qov1swv36f1jjdq0x.org,,1
badbuzz-team.ir,normal.alexa,0
montceau-news.com,normal.alexa,0
wie-ich.de,normal.alexa,0
blochworld.com,normal.alexa,0
werkzeugkoffer-tests.de,normal.alexa,0
ado.hu,normal.alexa,0
dafity.com.br,normal.alexa,0
quote-wishes.com,normal.alexa,0
corelogic.com.au,normal.alexa,0
cwbnfqthpwmizu2.net,dga.shiotob/urlzone/bebloh,1
tzbovsjrhwqd.dyndns.org,,1
pbzjspsp.in,,1
yhzqhgkwpzls.net,,1
gfg0u2e8qro8k23.ddns.net,,1
cpuivn.com,,1
xekujui.info,,1
7h743030m6mda63teb1.ddns.net,,1
armdisharguefallattachmarket.com,,1
wjpsmeslhcqjpe.com,,1
kidzone.ws,normal.alexa,0
ouqmvknovdbyplxp.biz,dga.murofet,1
4djtqxto3n1glql.com,,1
conglomerate.net,normal.alexa,0
oofjxt.com,,1
14l2danysmooogag2ax152nidv.org,,1
ikumaru.com,normal.alexa,0
detonashop.com.br,normal.alexa,0
efafceocclkcmncd.info,,1
motor-master.ru,normal.alexa,0
wseasyyiomoeuaia.org,dga.ramdo,1
bmndgvonsutn.com,,1
tpucdn.com,normal.alexa,0
rxxgrsensinaix.com,,1
6w5a55fg7umu110h5is1l7jnw3.com,dga.post,1
wrkjgho.eu,,1
flag-ship.co.jp,normal.alexa,0
glasspausepicturezonefee.com,dga.matsnu,1
adabe8e83xuvy0o.ddns.net,,1
dailynewspak.com,normal.alexa,0
emvmhjmaoswv.kz,,1
mxdwn.com,normal.alexa,0
mgeptgmr.info,,1
ns1.backdates12.com,,1
downloadwebsitetemplates.co.uk,normal.alexa,0
oeflocfcfcbmfnba.online,,1
v42797919713e23c0c943f7b39e310a143.cn,,1
jobandlife.co.kr,normal.alexa,0
tubemp3s.com,normal.alexa,0
storewoot.com,normal.alexa,0
gang-incredibleindia.com,normal.alexa,0
wrestlingmax.com,normal.alexa,0
lyanbll.eu,,1
llzrprylhz.com,,1
18f8fff72bfa761b672ad3bf7507e135.cz.cc,,1
nexive.it,normal.alexa,0
camerajungle.co.uk,normal.alexa,0
ayvnsikathrinezad.com,,1
aa056165d7900bc46b7f94f1c8cb202e.co.cc,,1
vibbidi.com,normal.alexa,0
romanbook.net,normal.alexa,0
vectornav.com,normal.alexa,0
katzenkram.net,normal.alexa,0
srjilyfqbex.org,,1
sap.com,normal.alexa,0
pqyygtdu.com,,1
wouldsister.net,dga.suppobox,1
leopicga.ru,,1
harcourts.com.au,normal.alexa,0
17sz8261mniac92776pp1hjeu36.com,,1
flfohps.net,,1
drohicbetj.net,,1
policelifestyle.com,normal.alexa,0
bitflyer.jp,normal.alexa,0
ygzpsemitismgavenuteq.com,dga.banjori,1
dasgay.com,normal.alexa,0
therangerstation.com,normal.alexa,0
wallstreetdaily.com,normal.alexa,0
weibogames.com,normal.alexa,0
elacedpa.ddns.net,,1
planetsad.ru,normal.alexa,0
blacktyres.ru,normal.alexa,0
autoruk.ru,normal.alexa,0
summareconserpong.com,normal.alexa,0
destroyschool.net,,1
lifed.com,normal.alexa,0
pbvodgaxscetaeonbuhurkojtcn.ru,,1
3b5v3fixc8sfer1tm8q.ddns.net,,1
r5eoymjpcdfbw0wr.biz,,1
sugukon.com,normal.alexa,0
opapjsww.yi.org,,1
uriaheep.ru,normal.alexa,0
3565119508220770_9322b73580a37c9c00a22f920a69,normal.alexa,0
australianflying.com.au,normal.alexa,0
edfqytvvmtwk.com,dga.tinba,1
thenestio.com,normal.alexa,0
lkkfsepdembo.com,,1
yceyxsljz.info,,1
sxidybq.org,,1
rotikaya.com,normal.alexa,0
xkrfbvnmzxyjrr.com,,1
ogeqcaemwcyecoec.org,dga.ramdo,1
openfoodfacts.org,normal.alexa,0
infoproyek.com,normal.alexa,0
temqlqe.biz,,1
sportsbetaffiliates.com.au,normal.alexa,0
u-nissin.co.jp,normal.alexa,0
195cmfd1xstmv1am2mfl1gww3rw.net,,1
gxvr.blogspot.com,normal.alexa,0
wgpyrvwgvoih.ru,dga.tinba,1
youpassport.ru,normal.alexa,0
moveusual.net,,1
irxm3de25ibc2n5wti.biz,,1
vicitwoxkm.com,,1
modaone.gr,normal.alexa,0
emi-ka.com,normal.alexa,0
news.at,normal.alexa,0
tbxaxldms.su,,1
cadcorner.ca,normal.alexa,0
pokernews.kz,normal.alexa,0
gotstock.com.au,normal.alexa,0
giftcardsvoucher.com,normal.alexa,0
ecfdhywjpl.ru,,1
nvwokfnhmiwr.cc,,1
stkpclk.org,,1
jamkqefaubljoxno.org,,1
iuplgqwhbtiffjo.info,dga.cryptolocker,1
lilmafqa.ru,dga.pushdo,1
endicia.com,normal.alexa,0
uokesyscccieiqyw.org,,1
runnners.xyz,normal.alexa,0
abundantearth.com,normal.alexa,0
edcirousib.ddns.net,,1
fileshack.net,normal.alexa,0
tepzzo.com,normal.alexa,0
goiconnect.com,normal.alexa,0
estimize.com,normal.alexa,0
weblinks.pk,normal.alexa,0
eczczijirg.com,,1
tomigaya.jp,normal.alexa,0
hplayergetadobeflsa.net,,1
nozexyc.info,,1
ze51bb4fe8a3f4e160c1d3e9362131f738.so,,1
sejalive.com.br,normal.alexa,0
vfcoejbikbngufrn.eu,,1
sipgate.co.uk,normal.alexa,0
mediacpm.pl,normal.alexa,0
sarahafm.tn,normal.alexa,0
du4h95vmdtzjqw.net,,1
mcmcqmyqyccuqawy.org,dga.ramdo,1
ihgrbjpyyay.pl,,1
realricambi.com,normal.alexa,0
13moons.com,normal.alexa,0
gqasecc.com,,1
savel.com.tr,normal.alexa,0
jeannettenormanson.net,,1
xqmosjjmxisaxudhrxiarrsn.com,,1
mehursensinaix.com,dga.banjori,1
mdcwotiwmtya.net,,1
cooperativacampogrande.com.br,normal.alexa,0
clavax.com,normal.alexa,0
puzudaq.info,,1
myqiiycsqicgywmm.org,,1
ardentcreator.com,normal.alexa,0
eiymiuiueqieuokm.org,,1
bizshark.com,normal.alexa,0
qobiljei.ru,,1
junglememory.com,normal.alexa,0
gmkco.com,normal.alexa,0
mtiwotiwmtya.info,,1
ghanasoccernet.com,normal.alexa,0
goobera.com,normal.alexa,0
gcigso.org,,1
dgca.nic.in,normal.alexa,0
yuanhua.com,normal.alexa,0
claro.com,normal.alexa,0
ayergetadobefllashp.co.uk,,1
mammuttitori.fi,normal.alexa,0
i5ec56e717b4e29515b8f744a2d877368a.to,,1
gbjiplewldmzkbmq.com,,1
cima4useries.info,normal.alexa,0
milkfine.net,,1
qvrwipobbrrc.com,,1
kizi2.com,normal.alexa,0
skodot.com,normal.alexa,0
perniktoday.net,normal.alexa,0
padrck.ws,dga.conficker,1
victorianplumbing.co.uk,normal.alexa,0
lordlawson.org.uk,normal.alexa,0
peppys24.de,normal.alexa,0
cfdkdncffdbbaddf.com,,1
yfgovrvfarqaqocu.click,,1
ljuksgvwplfhofofvkpbfztwsgud.ru,,1
fireplaceignorebecomestructure.com,,1
jcuozshexqoqcphphs.com,,1
1v107h71mxq3l41gerg7p2irpmm.com,,1
muslimaid.org,normal.alexa,0
tokobundaonline.com,normal.alexa,0
dqqqctkrctclvbahwsaicymftdm.ru,,1
lqsssehadt.com,,1
sclnsgeoya.net,,1
etubsikuewree.ddns.net,,1
taschenprint.de,normal.alexa,0
hdycnglzgwzhbrrr.com,,1
seattlefertility.com,normal.alexa,0
zmrojup.top,,1
qwoademfomwnbqvti.tw,,1
kgtrebic.cz,normal.alexa,0
letscompareonline.co.uk,normal.alexa,0
bookmark4you.com,normal.alexa,0
db1.com.br,normal.alexa,0
zbecererwyatanb.com,dga.banjori,1
ujtaqyupriox.org,,1
ykfkrodsholapet.com,,1
staynest.com,normal.alexa,0
relaxplus.com.tr,normal.alexa,0
mrappliance.com,normal.alexa,0
emailofferspath.com,normal.alexa,0
1wao8wgj95qfx18dr47u1xijlr9.com,,1
590325c2a453464386c1ee95691581c5.cz.cc,,1
ihoh6d7gsiwml3s1xrilzakt.net,,1
ganardinero.money,normal.alexa,0
zoomtens.com,normal.alexa,0
enbbckknaklabldb.cc,,1
uqhsmkr.eu,,1
ub1922305338b8556bda835fd0373eb47e.to,,1
icamclynaezzibmkrurm.com,,1
ddifvinskycattederifg.com,,1
jeep.fr,normal.alexa,0
zhzssemitismgavenuteq.com,dga.banjori,1
wikbio.com,normal.alexa,0
alwtxhdrmbfkaqtuh.net,,1
vjyuruhrld.net,,1
rvyy0c1nom3al1bsfsp81u5yz9b.biz,,1
dobrogon-sp.ru,normal.alexa,0
gkgpukqmorqic.com,,1
ss-omtrdc.net,normal.alexa,0
ifxexpo.com,normal.alexa,0
lwunwig.info,,1
tiendawebonline.es,normal.alexa,0
4cio.ru,normal.alexa,0
aggressivebabes.com,normal.alexa,0
zash.com.br,normal.alexa,0
tohtech.ac.jp,normal.alexa,0
husbandneedapplypackneed.com,,1
hobbikert.hu,normal.alexa,0
adsgig.com,normal.alexa,0
similar-artist.com,normal.alexa,0
up7btovcoz9dgyck.info,,1
bangandstrike.com,normal.alexa,0
sparkasse-bensheim.de,normal.alexa,0
lunsptpuf42juh24e51i65ezm19jqeymvkzis.info,dga.murofet,1
oticon.com,normal.alexa,0
fakeadabcconfdbd.online,,1
1m11ft81v4qsngy2x7fq1nj1hje.net,dga.post,1
dolgo-jv.ru,normal.alexa,0
fefpnnsceayfdktpofcmt.net,,1
playehrgetadobeflas.co.uk,,1
modabulutu.com,normal.alexa,0
krfwshignvkk.su,,1
fp62vcs436pr9d8v.info,,1
shkolapilotov.ru,normal.alexa,0
isciencetimes.com,normal.alexa,0
kurtmelvin.com,normal.alexa,0
necessarynature.net,,1
baltboats.ru,normal.alexa,0
v1sports.com,normal.alexa,0
hcbldctnl.org,,1
icrlidablyhoosieraw.com,dga.banjori,1
radiffmoney.blogspot.in,normal.alexa,0
j1u.de,normal.alexa,0
bfqjbuflvelcishg.eu,,1
ghdxzuxyh.net,,1
palpay.ps,normal.alexa,0
luximoti.bg,normal.alexa,0
shahginfo.net,normal.alexa,0
imswswgk.com,,1
carsluxurious.com,normal.alexa,0
ydsxmdgb.org,,1
nrwsnvdkbprxnnfemvszdammjay.org,,1
japanese-bukkake.net,normal.alexa,0
1svcgveu8srjbqx94pem1nlhp.org,,1
yacrew.com,normal.alexa,0
scannen-nach-malware.com,normal.alexa,0
z33h2rir5qoisblhjl.net,dga.rovnix,1
pistilsnursery.com,normal.alexa,0
bwbmgyoexf.com,dga.ramnit,1
ahri.com.au,normal.alexa,0
roumu.com,normal.alexa,0
trafficclerkrentdrytired.com,dga.matsnu,1
avocacliniclimerick.ie,normal.alexa,0
fanextra.com,normal.alexa,0
dokaxohy.info,,1
sanyecao.com,normal.alexa,0
mysocialdream.com,normal.alexa,0
koulukaverit.com,normal.alexa,0
qrfchtoftkhgpajs.org,,1
cueb.edu.cn,normal.alexa,0
zyryfoj.info,,1
berlin-enjoy.com,normal.alexa,0
njjbwrwoxrbortt.pw,,1
izzhoga.com,normal.alexa,0
mofht5mb674ph2fd2h.com,,1
wangpiao.com,normal.alexa,0
radioaktiv.ru,normal.alexa,0
qgyslamnxdgdyx9.com,,1
luxauto.lu,normal.alexa,0
byxgripov.ru,,1
abkfmcbbbemnadbf.de,,1
enkh7fq8u6a0mtufo2algb3.ddns.net,dga.corebot,1
revistawhatsup.com,normal.alexa,0
seocial.it,normal.alexa,0
vx5qnepwsx2g1owfcnm1yhjoi5.org,,1
anchordairy.co.uk,normal.alexa,0
rxmedicaments.com,normal.alexa,0
wed2008.com,normal.alexa,0
ejo.ch,normal.alexa,0
govtjobzalert.com,normal.alexa,0
faithreel.com,normal.alexa,0
hirtscxzhub.dynserv.com,,1
ewlfu5s0f81w1lwtb95zoxii5.com,,1
vads.net.vn,normal.bambenek,0
gertec.com.br,normal.alexa,0
ddhdbuxpwttodubg.eu,,1
qkevltvhh.net,,1
mleyjcuwghly.com,,1
gruppit.com,normal.alexa,0
1551b3d927d208b3df8efbb268fd4510.org,,1
ucuzplus.com,normal.alexa,0
cicimjau.com,normal.alexa,0
shoptheop.com,normal.alexa,0
hapezih.info,,1
uzhitjqjhs54w4j6ds.biz,,1
ramblinwitham.blogspot.in,normal.alexa,0
bqmxlnsxceimjgusllzpdov.ru,,1
ndfahbv.info,,1
bretstateham.com,normal.alexa,0
jjkrgkzp3q3sbczt1i.cn,dga.rovnix,1
qassa.de,normal.alexa,0
18hkmxqoos6et1y86w57o4a18m.net,,1
rsuhillcats.com,normal.alexa,0
bible.com.ua,normal.alexa,0
hdvintagetube.com,normal.alexa,0
coloringpages-biographies.com,normal.alexa,0
sodicas.org,normal.alexa,0
livescorentv.net,normal.alexa,0
grupokaps.com,normal.alexa,0
modrncars.net,normal.alexa,0
sendameal.com,normal.alexa,0
ctuxiba.info,,1
kerzaz08.com,normal.alexa,0
ckhoererwyatanb.com,,1
teleflora.com.au,normal.alexa,0
hikeezee.com,normal.alexa,0
filerev.cc,normal.alexa,0
vhqjrucxsh.com,,1
eru4ynolydonk6a.ddns.net,,1
1gzlphz1bnrw26n1urx5mwoquh.net,,1
ad5lm8sdgrut381xqp5va45.ddns.net,,1
cityofrochester.gov,normal.alexa,0
pepper.ph,normal.alexa,0
gsuidsiugkeq.biz,dga.pykspa,1
grrjwrfiqn.com,,1
abd1958.org,normal.alexa,0
qisqfmjn.net,,1
1doxk05ny21dqlu.ddns.net,,1
omybag.nl,normal.alexa,0
mkysnttuahg.info,,1
prettydiff.com,normal.alexa,0
sportsactivities.net,normal.alexa,0
rubiasporno.net,normal.alexa,0
et9kleprrlbx7heczi6l6voo.net,,1
steren.com.do,normal.alexa,0
nexcom.cn,normal.alexa,0
pwprw3iqcu1za.net,,1
rugbytoday.com,normal.alexa,0
html5game.ru,normal.alexa,0
xufgsfjvgdhx.com,,1
lekuva.net,normal.alexa,0
pai.com,normal.alexa,0
businesszoom.com.au,normal.alexa,0
jeffreyotten.nl,normal.alexa,0
pqj0hyn0haz0.org,,1
xjkjag4ohu4joeuk.info,,1
logo.pt,normal.alexa,0
a7d72709502bc733ec7bf4ed083966b2.cz.cc,,1
peopleofprint.com,normal.alexa,0
ageofconan.com,normal.alexa,0
58xvrd2jovpp2a4pt11ixqdpc.net,,1
xkpccyogkggkbm.pw,,1
vfgvrjhnhoaumgtp.com,,1
epouiqs.info,,1
biroynaoyun.com,normal.alexa,0
fortinet.co.jp,normal.alexa,0
3208.ru,normal.alexa,0
xeorokma.ru,,1
cn029.com,normal.alexa,0
z713c0c63d17b8110cc71e33d6082cee51.ws,,1
bjtime.cn,normal.alexa,0
ykqacqyqio.org,,1
sapunice.net,normal.alexa,0
lmkpqovsgfpqqwuj.org,,1
seafpoghlfvevmri.eu,,1
uwvujkgposrw.net,,1
mineralarea.edu,normal.alexa,0
ideaclubusetreeimplyauthor.com,,1
ns1.dnsfor7.biz,,1
gutscheinaffe.net,normal.alexa,0
nunames.nu,normal.alexa,0
pervertedmilfs.com,normal.alexa,0
yzyhcfmpy.com,,1
victorhckinthefreeworld.wordpress.com,normal.alexa,0
ncvrvcnbdbchxxdn.net,,1
perhamfocus.com,normal.alexa,0
hkykixxeyysbb.com,,1
retrowaste.com,normal.alexa,0
mysoftlogic.lk,normal.alexa,0
1fw8z9dvu8kc8vtlpqewb551t.com,,1
godzila.bg,normal.alexa,0
befozcud.ru,,1
allianceinmotion.com,normal.alexa,0
tefc9mzgtmro.net,,1
webirequ.info,,1
qgokqeikooomemuk.org,dga.ramdo,1
halubas.info,,1
mwspnsys.com,,1
seodirect.pl,normal.alexa,0
nakashimawoodworker.com,normal.alexa,0
didgyhwlaxxwrpoe.eu,,1
poney.jp,normal.alexa,0
eigkagcsmoiaqaqw.org,,1
ocobbmcfmcalfakm.online,,1
gnwbsbwdyni8i8olmhsfu0k.ddns.net,,1
idy2ixchexypqhm61d7.ddns.net,,1
nffdqnpbxra.com,,1
mizhuan.me,normal.alexa,0
mqpgeumrskjv.cc,,1
intermedica.com.br,normal.alexa,0
myxjleasuredehydratorysagp.com,dga.banjori,1
elivecd.org,normal.alexa,0
bcdeebbsnnkv.com,,1
adponehr.com,normal.alexa,0
peerx-press.org,normal.alexa,0
vsxqdwfyr.top,,1
ultrarunnerpodcast.com,normal.alexa,0
hijabenka.com,normal.alexa,0
influencewarclubwinyardempty.com,,1
aorvrzvl.cn,,1
mykonospress.gr,normal.alexa,0
yritay.com,,1
syjcqge5uypizzsa.biz,,1
w6ivcp74knct16k4ovw.ddns.net,,1
ujrs3znvsx1pehsdsr.com,,1
fdydtjluz.net,,1
yhfeytqkrghqkofbibuibqvgljb.com,,1
10hgn7d19pzytqv6p9tl176jhe3.net,,1
100msh.cn,normal.alexa,0
itxigiegep.ddns.net,,1
etusolution.com,normal.alexa,0
facialco.com.au,normal.alexa,0
aeoiaugecmqykgme.org,,1
cxcnransfrvuzop4u.com,,1
realestatemogul.com,normal.alexa,0
poltava.info,normal.alexa,0
village-bank.com,normal.alexa,0
fullarchives.com,normal.alexa,0
qegyqug.com,,1
teamsportsinfo.com,normal.alexa,0
ybslmimlfdersvus.eu,,1
belqiffgodtg.com,,1
qgauiy.org,,1
lafa.eu,normal.alexa,0
flyeikygrkv.org,,1
llccponfibcp.com,dga.tinba,1
elexmedia.id,normal.alexa,0
sgxaxrbajib.info,,1
classicaudio.com,normal.alexa,0
jn001.com,normal.alexa,0
maturesatisfaction.com,normal.alexa,0
hkpro.com,normal.alexa,0
v9lyk3zv2baq19ysdyi1h7p7s4.com,,1
dailybandha.com,normal.alexa,0
3ldl3n76uzfn344q4w.cn,,1
l3ys3bl4qi.com,,1
babypages.ru,normal.alexa,0
bknllsnbfzqr.cc,dga.kraken,1
conservativecave.com,normal.alexa,0
iclwxnzkfr.info,,1
mduwotiwmtya.org,,1
pkmasticafe.com,normal.alexa,0
lesmore.com,normal.alexa,0
thecutekid.com,normal.alexa,0
dreamelectronicsbd.com,normal.alexa,0
itwire.com,normal.alexa,0
w2express.com,normal.alexa,0
1j1fd3gmct3tox2ul0p1u5lhfo.net,,1
etadogbeflashplayer.co.uk,,1
nts.edu,normal.alexa,0
worldof7billion.org,normal.alexa,0
fifuukoblvpqrgjndprkzozxcnbt.biz,,1
seohosting.net.tr,normal.alexa,0
dreambuild.net,,1
m80b0qoa003hmvov.ru,,1
lalettregourmande.com,normal.alexa,0
yqfkqmc.info,,1
qsapqvmp.org,,1
yfiowixgeaovdigyk.tv,,1
humana-military.com,normal.alexa,0
tfueaqdmkzinljdambykjh.ru,,1
wlstqhfuhkw.to,dga.necurs,1
ype0p010jt3bz1sa8cyk1rkjhq3.net,,1
saaranloutowq.ddns.net,,1
justcloakit.com,normal.alexa,0
nordeafinans.no,normal.alexa,0
ayurveda-cancer.org,normal.alexa,0
navatim.com,,1
neimanmarcuscareers.com,normal.alexa,0
dhboexhulyz.org,,1
xpndsvedrhcfswnxq.net,,1
nittan.co.jp,normal.alexa,0
guiadeanuncios.com.br,normal.alexa,0
barakaldocf.com,normal.alexa,0
mtewotiwmtya.net,,1
ofveerpoel.ddns.net,,1
thpt-leichmoc.edu.vn,normal.alexa,0
t-toys-nazareth.be,normal.alexa,0
jqjaz.org,,1
tugshila.com,,1
virtus.ua,normal.alexa,0
inerciasensorial.com.br,normal.alexa,0
abkadeh.com,normal.alexa,0
czhbm1y5jxj2.net,,1
yjmarket.co.kr,normal.alexa,0
gamepal.kr,normal.alexa,0
bestandlesstravel.com.au,normal.alexa,0
0p6hlmm3whccgdj7.org,,1
ulemiste.ee,normal.alexa,0
intermarche.pt,normal.alexa,0
jyotidehliwal.com,normal.alexa,0
smartoffice.com.au,normal.alexa,0
rentalleaseagreement.org,normal.alexa,0
mail.de,normal.alexa,0
tedu.edu.tr,normal.alexa,0
f9f75a13c7f6acca6b22cb4be921cafc40.in,,1
rohidode.ru,,1
economyleasing.co.uk,normal.alexa,0
tamykawashington.com,normal.alexa,0
syovcvzqe.dyndns.org,,1
libral.org,normal.alexa,0
checkindiaresults.in,normal.alexa,0
crossrhythms.co.uk,normal.alexa,0
vcxo.cn,normal.alexa,0
ftmssolution.com,normal.alexa,0
sepuplhs.org,normal.alexa,0
landmarketingmailer.com,normal.alexa,0
getmale.com,normal.alexa,0
bjogh.com.cn,normal.alexa,0
brownandconnystory.blogspot.co.id,normal.alexa,0
dastchin.ir,normal.alexa,0
pic.bg,normal.alexa,0
hadzcjdopcthkmvrfdh.biz,,1
lawhelp.org,normal.alexa,0
whistleblowers.org,normal.alexa,0
jeqspsw2m5xql56hyr.net,,1
srwdusfuayfecaorizeanzt.ru,,1
marketertop.com,normal.alexa,0
modified-shop.org,normal.alexa,0
trash-mail.com,normal.alexa,0
cbseguess.com,normal.alexa,0
kayak.dk,normal.bambenek,0
wpvrjplfqtsyifr.com,,1
12aji876qp3bglo6yds6yt5.ddns.net,,1
prukcysgcmaepzztutsammvfibyhut.net,,1
fanaticalprospecting.com,normal.alexa,0
rfkhererwyatanb.com,dga.banjori,1
gettimewarnercable.com,normal.alexa,0
lawinsider.com,normal.alexa,0
dacdcdaeaakoommc.com,,1
infobasket.gr,normal.alexa,0
bekopenekafe.ddns.net,,1
ra55c79346e8d7889e696bea72e4383654.cn,,1
ad110.com,normal.alexa,0
uehklib.net,,1
kfqrswfeihbda.com,,1
sheisgranny.com,normal.alexa,0
byeyvtfaxrkk.info,,1
christophercristianson.net,,1
ebaprohoanhi.ddns.net,,1
gtu.edu,normal.alexa,0
hiiv.info,normal.alexa,0
wawamediana.com,,1
xprwnyal.ws,dga.conficker,1
nelly-model.com,normal.alexa,0
babyslutsnil.com,,1
chaosastrology.net,normal.alexa,0
qrxljhfprxi.com,,1
dev06.com,normal.alexa,0
creativeheads.net,normal.alexa,0
lvkobyplaywobb.com,,1
cultura.com,normal.alexa,0
omduilqa.ddns.net,,1
erewise.com,normal.alexa,0
jpe-encore.com,normal.alexa,0
mashkulture.net,normal.alexa,0
nokaut.click,normal.alexa,0
stat.gov.mk,normal.alexa,0
linkedinriches.com,normal.alexa,0
fachadasdecasasdedospisos.com,normal.alexa,0
likemycase.com,normal.alexa,0
gmgsueeiieoiimiy.org,dga.ramdo,1
nasstoys.com,normal.alexa,0
elviajerofisgon.mx,normal.alexa,0
qqmyawiugkeq.biz,,1
dobybvxbea.dynserv.com,,1
coolisrael.fr,normal.alexa,0
printheal.wordpress.com,normal.alexa,0
0xuz4dqr4xar.top,,1
aqvwwhw.eu,,1
wishment.com,normal.alexa,0
eatingitalyfoodtours.com,normal.alexa,0
corpmagazine.com,normal.alexa,0
pthzn.ws,,1
thoughtfaultwouldrockcake.com,,1
lcsawxdwkljnlwxy.eu,,1
aacargo.com,normal.alexa,0
ldwvkqbzaufwwyzl.com,,1
mobilemarketingwatch.com,normal.alexa,0
bezetclq.top,,1
wqnukrsobitkyow.com,,1
noitel.it,normal.alexa,0
programturizmus.hu,normal.alexa,0
topbonus.de,normal.alexa,0
zenno.info,normal.alexa,0
fzfqphobttefkhbvkzs.com,,1
xnnxur.com,,1
5xcdqfu8sby2svupejw.ddns.net,,1
techoverflow.net,normal.alexa,0
xn--eck8encw24q969a.co,normal.alexa,0
452n85azw5iv.org,,1
unbqwz.com,,1
ptovxbnftpiovaewele.com,dga.ramnit,1
qzanfghs.net,,1
zpeieqibxkpcqeupjbucdau.biz,,1
ann.over-blog.com,normal.alexa,0
frvr.com,normal.alexa,0
ns1.dnsfor13.com,,1
splicetoday.com,normal.alexa,0
suratdomain.com,normal.alexa,0
silvrback.com,normal.alexa,0
madeindesign.de,normal.alexa,0
fingerdelayspacecontentcatch.com,dga.matsnu,1
teenqueens.net,normal.alexa,0
medexpress.com,normal.alexa,0
appier.org,normal.alexa,0
quranandhadith.com,normal.alexa,0
feminamagazin.info,normal.alexa,0
redhomme.com,normal.alexa,0
jicgafwo.ru,,1
waejc9flfd6kcm2g.net,,1
ns1.backdates11.info,,1
gacoh.eu,,1
getactivelink.com,normal.alexa,0
danuma.lk,normal.alexa,0
cnq.org,normal.alexa,0
hhngjjhjtazda.com,,1
ogxtodyrssgoe.com,,1
ckfkdddlaafcfdbo.com,,1
mymagic.com,normal.alexa,0
astro-babylon.ru,normal.alexa,0
klimatabelle.info,normal.alexa,0
xhzbnhyhpsvnje.com,,1
affiliateplan.com,normal.alexa,0
sanj.pro,normal.alexa,0
fc85b536953e4c98292a9b2e8554827f.cz.cc,,1
fokafoh.info,,1
czpplrevxhocanmtg.net,,1
satta-satta.in,normal.alexa,0
manhattanperfumes.com,normal.alexa,0
pbfuauibnjknnlnzwkbqyxyta.ru,,1
obsweflqojbyna.us,,1
cwqy7q1ufagme1ty4yvc104cdw2.org,,1
tcsullfuoylfbj.tw,,1
wwoymkcmiywqccyy.org,,1
ebahriatown.com,normal.alexa,0
circulaires.ca,normal.alexa,0
cuolnbjvdieihuqsxgtqobpge.info,,1
luatviet.net.vn,normal.alexa,0
ocpyxa.org,,1
moedu.gov.bd,normal.alexa,0
sateraito-apps-toppage-misawa.appspot.com,normal.alexa,0
sqftik.info,,1
mobilefileserver.com,normal.alexa,0
mediacoderhq.com,normal.alexa,0
qwxaxgyefgrdgdqshd.com,dga.ramnit,1
pimptubed.com,normal.alexa,0
crunkthatme.com,,1
9o4yxhyas6yt4wyl.biz,,1
capitalibre.com,normal.alexa,0
ars.com,normal.alexa,0
planetedisque.com,normal.alexa,0
emqmcagweqceqicq.org,,1
gbcmoman.net,normal.alexa,0
cricnepal.com,normal.alexa,0
hillnerve.net,,1
atcc.org,normal.alexa,0
free-vin-decoder.com,normal.alexa,0
dtvbqxmtquytqyx.info,,1
oculus.su,normal.alexa,0
agckkrckdjbabn.me,,1
hklvhmlv.info,,1
dpmrwodmmhg.ws,,1
1idt5af0d6ig8sol.cn,,1
ibov.org,normal.alexa,0
liebsoft.com,normal.alexa,0
jetsetfam.com,normal.alexa,0
lagazettedescommunes.com,normal.alexa,0
umbrellaent.com.au,normal.alexa,0
westwoodenabler.com,normal.alexa,0
c5wy55gqc9pau4pa.biz,,1
egpbdnahapanm.com,,1
freebmd.org.uk,normal.alexa,0
obamapacman.com,normal.alexa,0
optical88.com.hk,normal.alexa,0
blackglory.me,normal.alexa,0
showmyproject.net,normal.alexa,0
pizkiub.com,,1
hxwpkafkedduj1n.net,,1
qwibdvm5z5mqe.net,,1
tlqwmthrcepe.pw,,1
gupgeabu.ru,,1
whrecmjicbvy.co.uk,,1
liznfdepzdbqxzhyhtzphyplf.ru,,1
etqyre.com,,1
vbanepictom.com,dga.banjori,1
1xv8tox15s8hj01eisnj1vnnxpr.net,dga.post,1
w31b7cee3b7016624b51da58434b7985c8.hk,,1
id.ee,normal.alexa,0
sewshop.eu,normal.alexa,0
poigah.com,,1
1tuivynhh46fecgex2.net,dga.rovnix,1
lovecam.com.br,normal.alexa,0
iqigmsuwmcikicmc.org,,1
rdfrnxtt.info,,1
pmpworldwide.com,normal.alexa,0
adam-europe.eu,normal.alexa,0
webp-converter.com,normal.alexa,0
aojian.net,normal.alexa,0
bwscampus.com,normal.alexa,0
lhtlzzov.net,,1
3gyptsat.net,normal.alexa,0
maddogenterprises.com,normal.alexa,0
694d8d40cbae758bbd6e269752c0f6cb.co.cc,,1
sexonli.com,normal.alexa,0
blonde-gypsy.com,normal.alexa,0
1ijk9az4tuv8.org,,1
sabaydee.ch,normal.alexa,0
al2la.com,normal.alexa,0
laesquinadigital.net,normal.alexa,0
605fn7g0mrz09kbt1e1deig4d.net,,1
ftonme1gk8w013ut.org,,1
explorerspress.com,normal.alexa,0
vgpbcadqqlzvwgmbibavlyrkl.net,,1
qebunap.info,,1
adhvv.ws,,1
tremcosealants.com,normal.alexa,0
ldhbnms.eu,,1
rgxopdaewjxjwr.com,,1
mabhdqrhrs.tv,,1
elegantmoments.com,normal.alexa,0
danceon.com,normal.alexa,0
hxnqbywu.info,,1
8fa34173d9cd2a25940dab840e67041a.co.cc,,1
promod-news.com,normal.alexa,0
lyzawixo.info,,1
chungcu89phunghung.net,normal.alexa,0
avtopub.com,normal.alexa,0
psdb.org.br,normal.alexa,0
stockalicious.com,normal.alexa,0
nrkxbyplaywobb.com,,1
mos-gorsud.ru,normal.alexa,0
kogda-budet.com,normal.alexa,0
spnp.gov.tw,normal.alexa,0
gwdqeosyxbkojugl.eu,,1
iconbit.ru,normal.alexa,0
iqbddbfio4g218n1sq21y4oed8.org,,1
payeganltd.com,normal.alexa,0
americanmary.com,normal.alexa,0
meteo.be,normal.alexa,0
hyjwqozcvuurrp.org,,1
ylik.ru,normal.alexa,0
irural.com.br,normal.alexa,0
rail-nation.com,normal.alexa,0
bisdtx.org,normal.alexa,0
tdc.ac.jp,normal.alexa,0
rvosxhrb.cc,,1
bancomext.gob.mx,normal.alexa,0
safecapitaldl.com,normal.alexa,0
paraguayhits.com,normal.alexa,0
magianerd.blogspot.com.br,normal.alexa,0
sumitomocorp.co.jp,normal.alexa,0
backtobuckley.com,normal.alexa,0
fcrczr.info,,1
plcfixwwcmuv.com,,1
jyc5v8rplflfz4osy4xx9t5j.com,dga.gameover,1
capechamber.co.za,normal.alexa,0
dreamadv.eu,normal.alexa,0
education8.com,normal.alexa,0
1t99fna8qd5qjzfktkhgypwrk.com,,1
nicic.gov,normal.alexa,0
engqvfsxfm.com,,1
play-music.com,normal.alexa,0
classnature.net,,1
u4ba879dd05e5f44c2abd28d2b234c25b3.tk,,1
wwktwxzpbudptxwiveqrcpzp.ru,,1
lixoxepot.ru,,1
susiamlu.ddns.net,,1
newswe.com,normal.alexa,0
karambapartners.com,normal.alexa,0
aiwjzwhdsscerh.net,,1
zasielkovna.sk,normal.alexa,0
warren.nj.us,normal.alexa,0
meditationzen.fr,normal.alexa,0
bk1avwt234p6.org,,1
myscp.org,normal.alexa,0
firateski.com,normal.alexa,0
effortcompany.net,,1
melqerlev.kz,dga.pushdo,1
qualiback.com,normal.alexa,0
20adrn1mc8vrbrsahp21fea12m.com,,1
gobnqymummum.com,dga.tinba,1
pivokassa.fi,normal.alexa,0
8b9141c6a52d93cd49fb38301e5e5dc3.info,,1
uvkvtfpqzto.info,,1
xsjjiynwhxps.com,,1
f52p1t84vhn9di8pjh5qb07o.biz,,1
honz.jp,normal.alexa,0
51you.com,normal.alexa,0
towuvokf.ru,,1
kidsbrandstore.se,normal.alexa,0
uwsbetwjfzcaydemxwjrgyfi.ru,,1
travelcodex.com,normal.alexa,0
dbfffkeafabfadaa.info,,1
nab-bas.bg,normal.alexa,0
rcruohsseib.dynserv.com,,1
icustomlabel.com,normal.alexa,0
kilroy.no,normal.alexa,0
rufflegirl.com,normal.alexa,0
tnzlbpnuye.net,,1
silverskazka.ru,normal.alexa,0
qovckjgdkifsyi.ru,,1
tun6sjig5re0lq7z.ru,,1
southwestwifi.com,normal.alexa,0
equip4work.co.uk,normal.alexa,0
doeica.com,,1
nv.kz,normal.alexa,0
ermintrudewinthrop.net,,1
nxhtnrotqmilsqt.info,,1
girls-lly.com,normal.alexa,0
taazasongs.net,normal.alexa,0
spokanepublicradio.org,normal.alexa,0
glvzny.biz,,1
buttonsonline.com,normal.alexa,0
onlinepornushka.com,normal.alexa,0
bensin77.com,normal.alexa,0
kitadenshi.co.jp,normal.alexa,0
crazyclef.jp,normal.alexa,0
husbandrealizerelatedresolve.com,,1
gbuds8s2i634qbq4uba.ddns.net,,1
phecvfgxxwxy.co.uk,,1
quotidiano.net,normal.alexa,0
xxsusxrkitmlvg.biz,,1
meeabee.myshopify.com,normal.alexa,0
wexupuq.info,,1
mobilemela.com.bd,normal.alexa,0
jlhnepictom.com,dga.banjori,1
edn.com,normal.alexa,0
avidmix.com,normal.alexa,0
shirokhat.com,normal.alexa,0
vivatsaultppc.com,,1
signouter.net,,1
rbmmyfokmv.org,,1
hlvpoveaypaqmzbqlqoeyfd.net,,1
fjusvbbuspgueq0k.com,,1
cuvqctf.cc,,1
aexluxmagbyg.com,,1
tplfkqt.eu,,1
drjean.org,normal.alexa,0
vkkbndxkvmiydg6y.com,,1
teuco.it,normal.alexa,0
xfmwconaiuckrmzamylcutwaeayp.ru,,1
myukleasuredehydratorysagp.com,dga.banjori,1
alphaerotic.com,normal.alexa,0
zfhhardenslavetusul.com,dga.banjori,1
et475v1pdbhmlxzkvk8opc7oz.com,,1
qizyilulxpodrgln.biz,,1
qvpboydl.click,,1
landsofamerica.com,normal.alexa,0
iedm.com,normal.alexa,0
megapass.co.kr,normal.alexa,0
aummdgqbto.com,,1
7718c29d6577e02181668294d0eeaee2.co.cc,,1
gerio.co.kr,normal.alexa,0
ererdotntexplo.net,,1
dexzbisl.ws,,1
daylesford.com,normal.alexa,0
floridasunmagazine.com,normal.alexa,0
opcvtxpnnwyego.net,,1
sistemaesoterico.com.br,normal.alexa,0
stencilease.com,normal.alexa,0
gtppmxmqmiknjolt.com,dga.ramnit,1
taqtmmkhcieknaxu.eu,,1
jamierubin.net,normal.alexa,0
fotomox.com,normal.alexa,0
jiucamipxerdtgbrx.net,,1
jobik.net,normal.alexa,0
shrinkingjeans.net,normal.alexa,0
noticiadeoriente.com.ve,normal.alexa,0
webnode.es,normal.alexa,0
hens5y3odmb8.top,,1
submarine.tmall.com,normal.alexa,0
vyazaniespicami.3dn.ru,normal.alexa,0
1r4t9aljodiw9x5yxnvkqm8vc.org,,1
up94nz136by6uerf9z117r9e8p.net,,1
uonxsz.com,,1
nlxdhuf.info,,1
anconitano.com,normal.alexa,0
c3f72d7254c96ac405498de1f7f09a5803.to,,1
nqiucjigahdqbbnz.com,,1
pemmzchannel.com,normal.alexa,0
ns1.dnsfor3.net,,1
w1qrkxmn4din.org,,1
socktabs.com,normal.alexa,0
efectosdj.com,normal.alexa,0
129ejax1opb6oadja9d65djnfb.com,,1
videodedmoroz.ru,normal.alexa,0
denkipro.com,normal.alexa,0
hacksvilla.com,normal.alexa,0
rjynepictom.com,dga.banjori,1
vnmonitor.com,normal.alexa,0
rzwfywfzwyil.info,,1
usaxtube.com,normal.alexa,0
enrjfpdhmttn.com,,1
domainclub.co.kr,normal.alexa,0
isex.com.ua,normal.alexa,0
prestitisbp.com,normal.alexa,0
nflg.com,normal.alexa,0
fancoqju.ru,,1
stuphxga.com,,1
vzidsikathrinezad.com,,1
v639fc12a95wsc83bddpnlhqg.net,,1
ledluxor.com,normal.alexa,0
eolfrfgmxahombj.com,,1
watchoctover.net,,1
metroparentmagazine.com,normal.alexa,0
bomberosra.org.ar,normal.alexa,0
bshch.blogspot.com,normal.alexa,0
tnpanel.com,normal.alexa,0
satkqmqmnxlrgbhb.eu,,1
tughugne.ru,,1
soundiiz.com,normal.alexa,0
sajamknjiga.rs,normal.alexa,0
mrled.gr,normal.alexa,0
00a23685fce90ca142a5e84e71e14ed7.info,,1
historyprobable.net,,1
614columbus.com,normal.alexa,0
eqnsrsensinaix.com,dga.banjori,1
newsplanetbd.com,normal.alexa,0
auengine.com,normal.alexa,0
ns1.dnsfor9.org,,1
sketchappsources.com,normal.alexa,0
cardlytics.com,normal.alexa,0
selinacampbell.com,normal.alexa,0
ivaldiservice.com,normal.alexa,0
dzypepictom.com,,1
f-1.lt,normal.alexa,0
kadlypferg.com,,1
samuel-windsor.com,normal.alexa,0
adsl2exchanges.com.au,normal.alexa,0
bpqweejyxprlai.com,,1
512mb.org,normal.alexa,0
kg-ua.com,normal.alexa,0
wbysloqsgkefn.com,dga.cryptolocker,1
pitsirikos.net,normal.alexa,0
uuqqhrbqvwkl.ru,,1
3lwbctmvcli6svy0q0m.ddns.net,,1
mtdadzrquxu.info,,1
jzzsnvxtrrsxu.com,,1
geekybytes.org,normal.alexa,0
neopozn.com,normal.alexa,0
bluepoint.net,normal.alexa,0
unswagati.ac.id,normal.alexa,0
sorbonne.fr,normal.alexa,0
rbsdigital.com,normal.alexa,0
oycruzxouli.mooo.com,,1
85pkq91jbboxgivs0241a7isue.com,,1
whatsappfresh.com,normal.alexa,0
tqt786v5diyiqvpf.ru,,1
dsohgapzaidiririzifqccivkn.com,,1
ns1.dnsfor2.net,,1
sehrisiyaset.com,normal.alexa,0
collaboriamo.org,normal.alexa,0
megavst.com,normal.alexa,0
ns1.backdates16.com,,1
iqeoyakaouomkkqe.org,,1
inwvwzevo.ru,,1
hplayergsetadobefla.co.uk,,1
juvenews.eu,normal.alexa,0
freelinksdirectory.net,normal.alexa,0
biahoqkiepoch.ddns.net,,1
ldpgsikathrinezad.com,,1
qmnnxv.dynserv.com,,1
completefashion.org,normal.alexa,0
predictionmachine.com,normal.alexa,0
dmtoqrarfxhx.biz,dga.cryptolocker,1
u82ou028ew64.org,,1
uabc.edu.mx,normal.alexa,0
prerow.de,normal.alexa,0
hermesparcelreturn.co.uk,normal.alexa,0
nroxlnlkipoonzqm.com,,1
qlktk7d6urav47i4kq.net,,1
123triadprojects.com,normal.alexa,0
aerotelnet.com,normal.alexa,0
kabkcfflablalece.net,,1
rqpwnjyyotkumqdtn.net,,1
hirogin.co.jp,normal.alexa,0
ursjkrovit.org,,1
witoqrop.ru,dga.pushdo,1
nimitv.com,normal.alexa,0
magegaga.com,normal.alexa,0
c-mor.org,normal.alexa,0
dgq.de,normal.alexa,0
1po1f7418lblpk1t4bqpt1ma9jqj.net,,1
geradordeprecos.info,normal.alexa,0
expresspaytravel.club,normal.alexa,0
mtbygc39tja1g.net,,1
lcdcrcxtnawrwmeacek.ac,,1
blacksmiletransitionpersuade.com,dga.matsnu,1
qtommzhz.com,,1
putasenlinea.net,normal.alexa,0
qtvrllkm.biz,,1
kh1nkdcif4nj5egxm4.net,,1
vanzolini.org.br,normal.alexa,0
fxfwl.org,,1
bulkemailverifier.com,normal.alexa,0
bzjztl.net,,1
fipujwbkjch.ru,,1
ydrriw.com,,1
zrjuexfivr.com,,1
twoaxuis.biz,,1
argos.ie,normal.alexa,0
yvmhvap.yi.org,,1
phheuedsl.net,,1
aavaranaa.com,normal.alexa,0
dvotion.in,normal.alexa,0
b9u6yry1fv32ey0j.ru,,1
wqtkzs.net,,1
khalisimilisi.com,,1
vmturbo.com,normal.alexa,0
standardbank.co.kr,normal.alexa,0
fe402227a25a993715c5d61ee6877b56.info,,1
nfbhufe.com,,1
panelia.fr,normal.alexa,0
topseorankers.com,normal.alexa,0
k7odqiiuwzdcdtzg.com,,1
powerwolf.net,normal.alexa,0
wijungle.com,normal.alexa,0
fcawwsp.org,,1
countrystorecatalog.com,normal.alexa,0
upsqdenansnan.com,,1
phponlines.com,normal.alexa,0
ratotv.net,normal.alexa,0
teleserial.com,normal.alexa,0
wtav412n0tqj.net,,1
qzjgtothodhg8x.com,,1
eqrbinsppiijrjjf5y.com,,1
nestle.com.tw,normal.alexa,0
pbaedy.dyndns.org,,1
carsteering.com,normal.alexa,0
vipleague.co,normal.alexa,0
pfqycgho.info,,1
examattractlighthabitfan.com,dga.matsnu,1
topwebsites.it,normal.alexa,0
lanroyrep.info,,1
commissionaires.ca,normal.alexa,0
py4inf.com,normal.alexa,0
odmp.org,normal.alexa,0
naturkompaniet.se,normal.alexa,0
dxkirxfzwhnnah.com,,1
procuromaissaude.com,normal.alexa,0
oopaknozhxmxytwm.biz,,1
druhpjglo.org,,1
aefvgxzlscigqscwkbemrpjgelbr.biz,,1
taf0b51abbef9299b122cf155e9b3b17bf.ws,,1
qjotijw5ivkp.net,,1
meshkinclub.ir,normal.alexa,0
novozymes.com,normal.alexa,0
centbrowser.com,normal.alexa,0
2tag.nl,normal.alexa,0
7k8u4pud1znxprgilm.biz,,1
kefycur.info,,1
mycars.by,normal.alexa,0
sansoneauto.com,normal.alexa,0
giwstfhdb.net,,1
zwhyf81a3shq.com,,1
kibbylylc.org,,1
cyqxgc.com,,1
baikal24.ru,normal.alexa,0
ybxxfskgpzsabdhzo.net,,1
ezpzhosting.co.uk,normal.alexa,0
nusu.co.uk,normal.alexa,0
ixktojq.com,,1
dkhmhqn.top,,1
gojane.com,normal.alexa,0
rd.am,normal.alexa,0
formulaz.ru,normal.alexa,0
happy-capital.com,normal.alexa,0
incredibleformulas.com,normal.alexa,0
macrolibrarsi.it,normal.alexa,0
ecomiran.com,normal.alexa,0
1khi2sa1fe082gwgglp71gq5byr.net,dga.post,1
iuwiellefrictionlessv.com,dga.banjori,1
kauf-angebote.com,normal.alexa,0
eyudijtuia.yi.org,,1
ns1.dnsfor10.org,,1
xkyuessvjvhk.net,,1
zihubgx.ru,,1
dgwlgjetyrtmuiy.org,,1
mgclwnx7qzgcmsjoot.net,,1
hgprime.com,normal.alexa,0
5czdh41snsfdl8xbf4g1r9ont5.org,,1
thaich.net,normal.alexa,0
roweaseo.ru,,1
1itv9flv2foe51xe6vak12f35hf.com,,1
wkkyes.com,,1
russianspain.com,normal.alexa,0
imhoster.net,normal.alexa,0
prdswibcyizcupdytrktojozxbm.ru,,1
lirpxfdrv.mooo.com,,1
unplugged.media,normal.alexa,0
maxumuc.info,,1
bfmfhkdhhrnvsi.pw,,1
reluxqic.ru,,1
meinephbern.ch,normal.alexa,0
ajgmcnhplduxdk.net,,1
fobxhjrsyw.com,,1
thespaceinbetween.co.za,normal.alexa,0
affiliatehustle.com,normal.alexa,0
myanmartvchannel.com,normal.alexa,0
stelladot.fr,normal.alexa,0
paradise.pk,normal.alexa,0
sgiff.com,normal.alexa,0
chaptruyen.com,normal.alexa,0
llkcdhkrsxsw.com,,1
gpojlorirwhmv.com,,1
ed1o3627492camerdoypwdob.biz,,1
xn--28j0a2b4gya8639b.com,normal.alexa,0
thoseyellow.net,,1
fuechse.berlin,normal.alexa,0
ubuyusdmfdbypbfeyteihmlvcu.ru,,1
cff8d7a99441d200de39beb379a22e8b.cz.cc,,1
trappeze.com,normal.alexa,0
axytsboxed.top,,1
xgnbxwdmmfbyvwzljpfmptwoqcjv.biz,,1
booster.io,normal.alexa,0
unocero.com,normal.alexa,0
lifetimemoms.com,normal.alexa,0
upv.cz,normal.alexa,0
safaricom.com,normal.alexa,0
usz.edu.pl,normal.alexa,0
jhnqnqhwlihsamn.kz,,1
looktook.net,,1
aunomdelarose.fr,normal.alexa,0
honartabakhi.blogfa.com,normal.alexa,0
ywhxzmicl.net,,1
powertoolspares.com,normal.alexa,0
snapcircuits.net,normal.alexa,0
hmeiuknmytdl.com,dga.tinba,1
ficha.ru,normal.alexa,0
annnny.com,normal.alexa,0
900mc31ef01c6l7k62tzv9twm.net,,1
srzvtottrrr.cc,,1
hbyoubi.com,normal.alexa,0
allcateringmenuprices.com,normal.alexa,0
b62272bf0bbf87755d76a43955dedff374.cn,,1
gaqupeag.ru,,1
rzyggiqaed.org,,1
brompton.com,normal.alexa,0
netidnow.com,normal.alexa,0
thcqqhknglgx.pw,dga.tinba,1
justintvizletir.com,normal.alexa,0
wghaydqkdamkbzqclfwkjbeyeqqo.org,,1
hertz-int.com.br,normal.alexa,0
ssodqboynvtx.ru,,1
1g1zzlt3x86rfqjfsz31osxabn.biz,,1
kkyf5f9kcfs34st.com,,1
1ewcfa9ju5l4nzx1h9p9lu1hz.org,,1
identitynetwork.net,normal.alexa,0
muoamcuiwcymao.net,,1
tkgumvylskfmpvlfojqoheikvofait.ru,,1
mnpvrgqkjmbjprofmvsocutcdy.org,,1
pevbjabobkbbunnfix.com,dga.qakbot,1
lilli.ch,normal.alexa,0
institut-numerique.org,normal.alexa,0
p62761588ce7b55e906ce312202b6fc8fc.cn,,1
appvirality.com,normal.alexa,0
katalog-sveta.ru,normal.alexa,0
17heli.com,normal.alexa,0
zamonaviy.uz,normal.alexa,0
mmvkvqvn.com,,1
safarilounge.jp,normal.alexa,0
whxlffprwb.net,,1
vsugsn.com,,1
platinumpromotions.net,normal.alexa,0
jj4v1e2fxdif.com,,1
folgertech.com,normal.alexa,0
teahixei.ru,,1
amours-bio.com,normal.alexa,0
xgmmxlosirptiphqx.pl,,1
lfeuywk.info,,1
markerly.com,normal.alexa,0
mt2vzn1tv4ult13dim8kfmq4w6.org,,1
marilynstowe.co.uk,normal.alexa,0
lnmbydb.dynserv.com,dga.kraken,1
taikobo.net,normal.alexa,0
alcwqpwumrqrmlkrkp.bit,dga.necurs,1
betburger.com,normal.alexa,0
ashplayergeltadobef.co.uk,,1
q7e4d4f0b48105cfe68d6e4d05ba13bfa1.to,,1
zfxcinalcentricem.com,dga.banjori,1
biofert.net,normal.alexa,0
rupestreweb.info,normal.alexa,0
igwh4thzm4psnjm1cd1e0zm5n.com,,1
dg-space.com,normal.alexa,0
fgfeihojftht.com,,1
tafeatoq.ru,dga.pushdo,1
pfrqyjrwarmt.info,,1
bbhuorcajanunal.com,dga.banjori,1
sintect-al.com.br,normal.alexa,0
lqclzuwz.net,,1
zhucuwukmrkeuicmugbyypi.ru,,1
edebiyol.com,normal.alexa,0
keindl-sport.hr,normal.alexa,0
coincoeq.ddns.net,,1
im-web-gefunden.de,normal.alexa,0
vffnwjimkc.com,,1
xn--antoniomuozmolina-nxb.es,normal.alexa,0
seruj6nvnwcdpq8b.info,,1
qeowiwul.ru,,1
yyptougytqgmxlweygabaob.biz,,1
tomevinos.com,normal.alexa,0
medguidance.com,normal.alexa,0
mica68.livejournal.com,normal.alexa,0
bibliothekengroningen.nl,normal.alexa,0
tovhgidsrr.com,,1
hwiumlemkfavcwsd.eu,,1
ceeuowayockiamug.org,dga.ramdo,1
chayka.org.ru,normal.alexa,0
nvhnhwtbs.work,,1
nrbzku.org,,1
egitimsen.org.tr,normal.alexa,0
urbanmusicdaily.me,normal.alexa,0
blurbweb.com,normal.alexa,0
ekvqxxhpxmkej.com,,1
bffadaamacabeada.com,,1
bzysgjg.com,normal.alexa,0
10seos.blogspot.in,normal.alexa,0
eykrxfcdbkpuuutf.eu,,1
1yi6gzf1ydvlhc1mam7y919tn1ug.org,,1
roomhouse.net,,1
travelsports.net,normal.alexa,0
xrxoxt129za06z4pa8t1gmflua.net,,1
pneusferreira.com.br,normal.alexa,0
eval.hu,normal.alexa,0
rebny.com,normal.alexa,0
xrtrutf.dyndns.org,,1
digimaticgroup.com,normal.alexa,0
mikro-odeme.com,normal.alexa,0
mbgyrslwgxfqpxopzpxsjblfqrk.ru,,1
ltvfsgehjvvckoiid.com,,1
voetbalsnafu.nl,normal.alexa,0
simplyummy.com,normal.alexa,0
ns1.backdates4.info,,1
kaoskrew.org,normal.alexa,0
perchla.com,normal.alexa,0
dzszx.gov.cn,normal.alexa,0
780am.com.py,normal.alexa,0
7dc5531749db33428111be4f604bf8e9.co.cc,,1
bcdcrj.net,,1
444cicek.com,normal.alexa,0
paidotribo.com,normal.alexa,0
wearesalt.org,normal.alexa,0
avobkpghyz.org,,1
klcpuofryjk.org,,1
petsfmxmbq.ru,,1
huyang.go.kr,normal.alexa,0
michinokubank.co.jp,normal.alexa,0
selectsmart.com,normal.alexa,0
mjmlivmvulk.com,,1
hckoxwgfeqmveai.com,,1
oxinads.com,normal.alexa,0
tsak-giorgis.blogspot.gr,normal.alexa,0
xl.co.id,normal.alexa,0
candlelimitedcomfortbone.com,,1
imunatwaokalna.ddns.net,,1
7esfgj3fnrua1gcxciv10gw2ji.com,,1
ulbisyoriomfloxs.com,,1
1iq47f1a1blxmldb8z610ldngo.org,dga.post,1
qrxl1n1pwn0v0ecf00dsun8wu.org,,1
hkjegpiohsncdginfxs.com,,1
lungforce.org,normal.alexa,0
knowles.com,normal.alexa,0
qupqoqce.ru,dga.pushdo,1
craftynectar.com,normal.alexa,0
7sh6zgd23w1a.org,,1
hvnfvkmlyjjvpen.com,,1
cits.com.cn,normal.alexa,0
svkxwnfapipavzid.com,,1
cqnjellefrictionlessv.com,dga.banjori,1
orditarvzd.info,,1
kpgrape.com,,1
lilbanwi.ru,,1
vexgenlent4nufozc115qbdj5.biz,,1
centralstationcrm.net,normal.alexa,0
csdnkucheyw.net,,1
lqmmsjulquvgvxvj.eu,,1
guzon.tmall.com,normal.alexa,0
beepb.com,normal.alexa,0
bstdmwaemknlq.in,,1
recht.fr,normal.alexa,0
ogbenuoset.ddns.net,,1
tecnologiasdeultimogrito.com,normal.alexa,0
mysecurewebserver.com,normal.alexa,0
arabalar.com.tr,normal.alexa,0
mbnakndcfandkfec.co.uk,,1
j6e35cfeb9ff66731bdfc04753ec10c0a5.cn,,1
1nuvhjt12zjvjhpqllg212h3h15.net,,1
gsk-ch.in,normal.alexa,0
ywcldeb4s0m14f355p11c0myj.com,,1
visitwilmingtonde.com,normal.alexa,0
bilaboong.com,normal.alexa,0
careerworkspace.com,normal.alexa,0
roh3ghdl8db15gxxqph04wlb.net,,1
offgjp8duu4nwcrteq10vplum.com,dga.post,1
dtjuhaxcmkc4g.com,,1
tamjauoxjrfjbfaj.eu,,1
dtpbmjpdvwrv.click,,1
kyhwrsensinaix.com,dga.banjori,1
artsklad.ru,normal.alexa,0
agrvwn.com,,1
outfit7.com,normal.alexa,0
gisela.com,normal.alexa,0
euforia-online.myshopify.com,normal.alexa,0
falso9sports.com,normal.alexa,0
technoplanners.blogspot.in,normal.alexa,0
tovaryplus.ru,normal.alexa,0
ubaeotgomh.net,,1
machikado-creative.jp,normal.alexa,0
cicodafaryg.eu,,1
vxklxgnpkdvkutiwtqb.com,,1
pechati.ru,normal.alexa,0
ftfdptpebxhp.org,,1
zpauwkujorzwpbk9c.com,,1
k2655jv08e48dhzubc1t5w0v4.org,,1
alegarattoni.com.br,normal.alexa,0
m8d4ed390b4ffddd809b63cf74aed6f8fb.hk,,1
spruuffuicsjtobp.click,,1
socks-proxy.net,normal.alexa,0
3tdqjp1g2u2g17mv95qunutpj.net,dga.post,1
ocguepictom.com,,1
clixgood.net,normal.alexa,0
adidas-discount-center.ru,normal.alexa,0
cuisine-libre.fr,normal.alexa,0
trustedwatch.de,normal.alexa,0
aawwuauqkuuciakm.org,dga.ramdo,1
cutprintfilm.com,normal.alexa,0
3songshu.com,normal.alexa,0
isisph.com,normal.alexa,0
sunrisetokyo.com,normal.alexa,0
lemonsforlulu.com,normal.alexa,0
warriorswish.net,normal.alexa,0
1r1l76wly65416u.ddns.net,,1
knluppskotifmwapwnjre.tw,,1
qgpeugpshc.net,,1
meznyzylust.com,,1
dkhaprxslklx.info,,1
5fb9d0af1bdae04498c73c430a5360b0.org,,1
choccywoccydoodah.com,normal.alexa,0
mega-bonus.net,normal.alexa,0
dzzialitydevonianizuwb.com,,1
affengineer.com,normal.alexa,0
bujwsiaqzkn.info,,1
rrchkiu.info,,1
dtravelconnection.com,normal.alexa,0
jdrqycf.com,,1
z2b0nrgjwdz030t5.biz,,1
driftingthrough.com,normal.alexa,0
exito.de,normal.alexa,0
dcbryjqmnkdj.com,,1
firstquarterfinance.com,normal.alexa,0
shplayergetadobaefl.co.uk,,1
9h2depe1pq69laaa.info,,1
qgigsgaswokgeusq.org,,1
stiftung-ear.de,normal.alexa,0
megafilmesonlinehd.org,normal.alexa,0
cars4you.biz,normal.alexa,0
bsn50fui15k17ivptnycvfxm29lvlqg63mzf32.com,,1
zhdifqxxxqsswtgnrbeqtkukd.ru,,1
95v37ntmfzkl0hvj.ru,,1
yachiyo.ed.jp,normal.alexa,0
briskon.com,normal.alexa,0
yarmap.ru,normal.alexa,0
qcbtllaabettingk.com,,1
etoh24.de,normal.alexa,0
cpkcdmylxpweosrrqdj.to,,1
lanrenmb.com,normal.alexa,0
kmjfukleyhkxyv.tw,,1
nahodclwpmsgnomg.eu,,1
betseyjohnson.com,normal.alexa,0
ineemseglel.us,normal.alexa,0
popuper.com,normal.alexa,0
kebeollklffddcmb.eu,,1
mudsalitydevonianizuwb.com,,1
beligne.fr,normal.alexa,0
euwcguusxkcyjvplqwthaylq.ru,,1
cuka4mcakiw2.net,,1
ntnkokqjeipvsmk.info,,1
mtmwotiwmtya.net,,1
qyfseht.cc,,1
dosnuokykuyv.com,,1
expedia.co.jp,normal.alexa,0
wu-tau.com,normal.alexa,0
zakatselangor.com.my,normal.alexa,0
vuguqvpm.org,,1
dhsjlqejoqllfvrp.com,,1
dtyrenhancedysb.com,dga.banjori,1
grandeeletro.com.br,normal.alexa,0
haxplzsnzstbiu.com,,1
believermag.com,normal.alexa,0
itafqmi.eu,,1
trademarknow.com,normal.alexa,0
wsppkfmidm.su,,1
jewelleryshopindia.com,normal.alexa,0
ncrxyec.tv,dga.necurs,1
aptustotal.se,normal.alexa,0
xmlsportsfeeds.com,normal.alexa,0
pufnirsgsfewruh.com,,1
theprimehost.com,normal.alexa,0
columbiagreenemedia.com,normal.alexa,0
inspectionofficertellsend.com,,1
ttkiwmctw.com,,1
wtqvpofhvee.info,,1
ocoagceyycwkqqqq.org,,1
socialbookmarkinggroup.com,normal.alexa,0
ntexptloreredo.info,,1
lhzdfyrkswxhacyibxsdqmnzddjn.biz,,1
jdqkiologistbikerepil.com,,1
airsextube.com,normal.alexa,0
kcagsagabardinedazyx.com,dga.banjori,1
wiiubrew.org,normal.alexa,0
marit.ag,normal.alexa,0
uaazieqmts.net,,1
moorheadschools.org,normal.alexa,0
chrisjavier.com,normal.alexa,0
mugeixir.ru,,1
peoplefinders.com,normal.alexa,0
procopytips.com,normal.alexa,0
geabujux.ru,,1
bozdatcu.ru,dga.pushdo,1
ltwlalitydevonianizuwb.com,,1
smarly.net,normal.alexa,0
gotoenc.com,normal.alexa,0
master-instrument.ru,normal.alexa,0
mediafactual.com,normal.alexa,0
main-blogs.com,normal.alexa,0
go1qu9n9iy.com,,1
glxtxj4qud4.com,,1
teekiwi.com,normal.alexa,0
openhours.dk,normal.alexa,0
gzaktd.net,,1
vfsfhhuyzpgzenjiqrbyrwoqp.info,,1
doubleteamedteens.com,normal.alexa,0
adafbfb1d6738352c18aae0c4b346a24.cz.cc,,1
dxahvjkqxrnudwfujbicgljm.org,,1
delights.jp,normal.alexa,0
gnehyxwnw.ru,,1
hub2b.com.br,normal.alexa,0
jeffbanksstores.co.uk,normal.alexa,0
kqbhwb32rmwexpdzz3.net,,1
experiandirect.com,normal.alexa,0
tretiy.tv,normal.alexa,0
verkkouutiset.fi,normal.alexa,0
ofpra.gouv.fr,normal.alexa,0
daichuqu.com,normal.alexa,0
antichainletter.wordpress.com,normal.alexa,0
raojasdadzpxbbzzs.net,,1
maxyvim.info,,1
xpleoreredotnt.info,,1
sherc.net,normal.alexa,0
ns1.dnsfor19.com,,1
alientech-to.it,normal.alexa,0
bloggersragen.com,normal.alexa,0
go-to-hokkaido.com,normal.alexa,0
tnyvpoiqesdvtkwwkthr.to,,1
morflot.ru,normal.alexa,0
a5jioutvht8e13ky2lc1f16h42.net,,1
planinternet.de,normal.alexa,0
ahfkvbpajgdrbiz.com,,1
63js1msd7m5tw6ey.ru,,1
suourdtismllmf.net,,1
qianlixiulm.tmall.com,normal.alexa,0
fkkalodmcldadaab.online,,1
o50tecyl8vq81pmfzim19l0baj.net,,1
yergetadobeaflashpl.co.uk,,1
uswiisaqesmgqsee.org,,1
spoton.com,normal.alexa,0
xhsyvpzsfpobtdnqdztoiunla.info,,1
406fl81vm8d4j1m6ojmq1qyn6wb.net,,1
saothangtam.com,normal.alexa,0
7e1mlj1j9v3fuj9diov7bhjhh.org,,1
tvorlab.ucoz.ru,normal.alexa,0
galyso.com,,1
firebrandaffiliates.com,normal.alexa,0
ns1.backdates11.com,,1
vetgplwlob.info,,1
inter-moda.ru,normal.alexa,0
raidrush.ws,normal.alexa,0
mathitomania.gr,normal.alexa,0
pointdev.com,normal.alexa,0
aebebekkebdccklc.net,,1
afobxhbgji.com,,1
bioinfo.org.cn,normal.alexa,0
anew.gr,normal.alexa,0
vfcpyslwkekw.com,dga.ramnit,1
jupqaflo.ru,,1
bjwqmjusgliokefb.eu,,1
leonkorea.com,normal.alexa,0
gg.co.uk,normal.alexa,0
mb3aeb97107454c9aeb9b8594b35976a18.tk,,1
businessesforsale.com,normal.alexa,0
cadajuego.es,normal.alexa,0
thehardtimes.net,normal.alexa,0
inflarer.co,normal.alexa,0
cpbsysnge.info,,1
kupogaawuho.ddns.net,,1
honfoglalo.hu,normal.alexa,0
safeeggs.com,normal.alexa,0
vowubetotyf.eu,,1
castto.me,normal.alexa,0
zundospqvpepqlr.com,,1
1yx2hv4md6a316jq03m1ge3fus.biz,dga.post,1
tollpay.com.au,normal.alexa,0
willkie.com,normal.alexa,0
dxlive.com,normal.alexa,0
pakmedia.tv,normal.alexa,0
evtslovjimmefgmo.eu,,1
pznzellefrictionlessv.com,dga.banjori,1
69f871e1c44cbe424baed7106f5577af.info,,1
mizrnt.net,,1
rmrpwbpgoxjrmicw.eu,,1
accesalabs.com,normal.alexa,0
ablesleep.net,,1
riscnetworks.com,normal.alexa,0
ektugoozygr.net,,1
elections.na,normal.alexa,0
uueuqz.com,,1
yhqkrgjrvoptktfyxljprlyon.com,,1
vanspreuweltransport.nl,normal.alexa,0
x77220.net,normal.alexa,0
wxcrqzjfff.info,,1
rvkludjnw.click,,1
layergetadpobeflash.co.uk,,1
fashionaries.net,normal.alexa,0
dimox.name,normal.alexa,0
elnooronline.com,normal.alexa,0
hong-pak.com,normal.alexa,0
learnfree.eu,normal.alexa,0
gqscmieiyqkmqmqc.org,dga.ramdo,1
ltpmnu.com,,1
guberniatv.ru,normal.alexa,0
j64ef87cf9543f7ec33c36a5fbc5391dba.cn,,1
wpvxkakoyr.net,,1
ccvwnqlmtqu.com,dga.ramnit,1
uqohheseam.ddns.net,,1
nsb6opfgr0ihxxsj.info,,1
classridappreciatepressure.com,dga.matsnu,1
dgnqbyikd.com,,1
zrqaidablyhoosieraw.com,dga.banjori,1
gamespew.com,normal.alexa,0
avx.hu,normal.alexa,0
gxfzooel.info,,1
xkvklcpcpw.ru,,1
seoqupne.ru,dga.pushdo,1
vauupb.com,,1
smxs.com,normal.alexa,0
solutionsfromscience.com,normal.alexa,0
goyzrabbwcbmocpyysvv.com,,1
uogsqyokcyccceyu.org,,1
1krdkxa1tzfljmxnrzg5phbt8x.com,,1
bglpbjl.eu,,1
vonyzak.com,,1
lkjkpdtfyk.yi.org,,1
giornalelora.com,normal.alexa,0
beyondthevalley.com.au,normal.alexa,0
bnvfvouqcilfj.com,,1
68684a76941d02a351b63d3ad45e32ee.info,,1
yergetadobeflashapl.net,,1
ghpgxawn.com,,1
onkare.com,normal.alexa,0
birissine.com,normal.alexa,0
dgprcnvep.com,,1
ytdqnah.eu,,1
om-oa.com,normal.alexa,0
nbfmakbdndemcdek.com,,1
bestcoolmobile.com,normal.alexa,0
nekzhplr.com,,1
wcgxnczccdles.org,,1
ns1.dnsfor12.com,,1
scenecontra123.blogspot.com,normal.alexa,0
gameguyz.ru,normal.alexa,0
choralia.net,normal.alexa,0
ahrfuzn.ws,,1
yhzxmbtzcmzwxueqtyvc.com,,1
youbath.gr,normal.alexa,0
yhimbi.net,,1
umren.tv,normal.alexa,0
djdesignerlab.com,normal.alexa,0
jotaveditores.blogspot.pt,normal.alexa,0
rm4o4r5d36zdah0s.cn,,1
2d-3d.ru,normal.alexa,0
lturvgjqefwg.com,,1
redpacientes.com,normal.alexa,0
medonet.pl,normal.alexa,0
conversationkidneedcookorganize.com,,1
gadgetsalvation.com,normal.alexa,0
feedbooks.com,normal.alexa,0
vbximqn.info,,1
aeowcwqysauaqqcy.org,,1
pzhgfmufptltguvl.com,,1
domodedovotaun.ru,normal.alexa,0
tbdhjap.info,,1
ar8127gp2b89.org,,1
bshstore.com.br,normal.alexa,0
xgmvscqju.work,,1
kdqmqcifewtd.info,,1
oztzsmvpykwws.com,,1
ytouhqklqdcjgbgm.eu,,1
xscapeatthecity.com.au,normal.alexa,0
starsat.com,normal.alexa,0
a1q5gbde8ryhf60b.cn,,1
accomplice.io,normal.alexa,0
climamaison.com,normal.alexa,0
1vxcxcp1oy9k7pplpox11535kri.com,,1
msit.asia,normal.alexa,0
autobinarysignals.com,normal.alexa,0
tabooscenes.com,normal.alexa,0
eduncle.com,normal.alexa,0
kapacom.gr,normal.alexa,0
photomath.net,normal.alexa,0
domdomsoft.com,normal.alexa,0
nexjdcswod.net,,1
leadclub.net,normal.alexa,0
komodokamado.myshopify.com,normal.alexa,0
azadtribun.info,normal.alexa,0
ayaktakileroturanlar.com,normal.alexa,0
pvydihhubulvctcdiaywhzt.ru,,1
hockeymonkey.com,normal.alexa,0
merchant-optimisation.com,normal.alexa,0
exk8mx7pqly4ypoxs0e.ddns.net,,1
humananatomybody.info,normal.alexa,0
viveirosabordefazenda.wordpress.com,normal.alexa,0
18network18.com,normal.alexa,0
1sjluw6xamalwwq1kf.cn,,1
vafkoau.info,,1
vitrinedoexportador.gov.br,normal.alexa,0
fjtmqx9jvg.net,,1
iudclmpp.net,,1
ussiigkgaqgqisag.org,,1
p8w7611y3jcot1vr2nlzboi174.net,,1
ikmijmlejcogvilsaa.com,,1
panchayatonline.gov.in,normal.alexa,0
eufsiqktow.com,,1
mtgnnfplrmvtpn.com,,1
mbc9efbb1680476daccff004bfd28ab094.cc,dga.dyre,1
elitefoto.no,normal.alexa,0
5pa0qb3t3vq4wj1p70svane.ddns.net,,1
wumxrd.com,,1
janu.jp,normal.alexa,0
pivzovznpssx.com,,1
qgwokueeuieisiuc.org,,1
afivznho.dynserv.com,,1
securetravelpayments.com,normal.alexa,0
vk8lghvgo0b8swbc.biz,,1
asiamoviepass.com,normal.alexa,0
megapublicador.com,normal.alexa,0
ebjlyzkm4pbdpw15y8.ru,,1
iavatarz.com,normal.alexa,0
ihmscvs.info,,1
vrbkjlwe.com,,1
hei.fr,normal.alexa,0
gaijinpot.com,normal.alexa,0
bo163o12v45q.net,,1
tele.perm.ru,normal.alexa,0
golyr.de,normal.alexa,0
mp3syoutube.com,normal.alexa,0
photodivision.gov.in,normal.alexa,0
drcsystems.com,normal.alexa,0
sportsnet590.ca,normal.alexa,0
d5qc8tv3h88o4u3ll4.ru,,1
7f1e5a6b8c08a5dbf94903ee1b0a71d3.co.cc,,1
anunciosadultosgratis.com,normal.alexa,0
recipepuppy.com,normal.alexa,0
laexuon.com,,1
gwovcpte.com,,1
nd597.com,normal.alexa,0
pmhnhyr.com,,1
custeel.com,normal.alexa,0
pozgeinu.ru,,1
uwcsea.edu.sg,normal.alexa,0
peliculas44.net,normal.alexa,0
qiaas.com,normal.alexa,0
ientrepreneur.co.in,normal.alexa,0
vouchercloud.co.in,normal.alexa,0
odkldklkadfcadbb.de,,1
sss568.com,normal.alexa,0
1092st91crt2601jf023itxxw4n.com,dga.post,1
bahriatowns.pk,normal.alexa,0
u599323ab5abf1ae75b1099a3159f953dd.to,,1
ksqoqrtnjkmnkdxo.biz,,1
awardclouds.com,normal.alexa,0
syevpjmjyddsxb.pw,,1
pyramidefilms.com,normal.alexa,0
z3udwemxto5zv.com,,1
z198n81qsrlim1u9jh9e18t8ui2.com,,1
wapka.mobi,normal.alexa,0
mcqgqsciaiskiusm.org,,1
anticamurrina.com,normal.alexa,0
freeplay8.com,normal.alexa,0
charlotteslivelykitchen.com,normal.alexa,0
jzhgiwckjugfhqjrypspbjrqwvo.ru,,1
webiron.com,normal.alexa,0
kurskcity.ru,normal.alexa,0
xhgxuhgvhbppg.net,dga.cryptolocker,1
wikipedia.net.ru,normal.alexa,0
gyunikunegimaki.com,normal.alexa,0
glamourcamgirls.com,normal.alexa,0
wikipedia.fr,normal.alexa,0
1ldkshop.com,normal.alexa,0
brasilhandebol.com.br,normal.alexa,0
xhchz21y7uermzfp1ld11f1je6.net,,1
bedycasa.com,normal.alexa,0
gastrocinema.com,normal.alexa,0
dessfile.com,normal.alexa,0
bluetoothmaniax.net,normal.alexa,0
sparkasse-wilhelmshaven.de,normal.alexa,0
ns1.backdates14.info,,1
whxyoychroembd.me,,1
zfmdojtwayivkjfjcyxol.ru,,1
zajcuaqfrk.com,,1
18wku1etyg00vgrxsrq6fdey7.net,,1
adobeflashplayerget.co.uk,,1
cmnjbshnuyruyruyo.net,,1
wqlqksu.eu,,1
ricola.com,normal.alexa,0
3wdqjwhqjc9q.org,,1
cloudsmsc.com,normal.alexa,0
khaaos.com,normal.alexa,0
goxswwtrjospu.net,,1
sfdudwvp.net,,1
sh-antong.com,normal.alexa,0
mckawcqmaueqiuem.org,,1
ilbellodiviaggiare.com,normal.alexa,0
vclufghybcdi.org,,1
lt110okom65vr9l0.org,,1
admkirov.ru,normal.alexa,0
zchwqtrub.info,,1
lksbmzkgiuogob.info,,1
adenlwrsiuqh.com,,1
vkxqgbmnfthiojnfrgiwojcao.org,,1
berlogic.de,normal.alexa,0
zohostatic.com,normal.bambenek,0
ff9p421geh5cy1eogqksp1oga5.biz,,1
lew1wn9kprx41ygj39j1ps3vsn.org,,1
merithut.com,normal.alexa,0
decidewelcome.net,,1
gooflash.com,normal.alexa,0
ubmfotihexo.ru,,1
1pieybx15nyfrhh7ykgigmi0cv.net,,1
netizenbuzz.blogspot.com,normal.alexa,0
realnetpro.com,normal.alexa,0
fkdpoexue.com,,1
kknk.co.za,normal.alexa,0
kergve1mxst2w19bfsm11gu9znj.com,,1
blogup.com,normal.alexa,0
gupvaxoq.ru,,1
bvwz.com,normal.alexa,0
bostonanalytics.com,normal.alexa,0
sircondesign.net,normal.alexa,0
merkurymarket.pl,normal.alexa,0
kxtdcnxinjm.yi.org,,1
expresandote.com,normal.alexa,0
1pqpi4c1ty4drl18a8jgrr0fa4e.org,,1
ygqsuwdfnbumgpar.org,,1
syskyhskefteyaptdq.kz,,1
endlesslychanginghorizon.com,normal.alexa,0
mamknxctkeaianof.eu,,1
jumptaps.com,normal.bambenek,0
3nl8edywf5wxk86btq.ru,,1
fusionfarm.com,normal.alexa,0
aktionaersbank.de,normal.alexa,0
orxuuybeomguyvqnq.me,,1
chateaudefontainebleau.fr,normal.alexa,0
tisdory.com,normal.alexa,0
ir-g.ir,normal.alexa,0
v1lozm86c557de7u45.com,dga.rovnix,1
hicamrk.info,,1
gryna2.pl,normal.alexa,0
qeqyqiv.com,,1
rirteteq.ru,,1
ywwqayoguygmyyss.org,dga.ramdo,1
vmjmf1qyaek.net,,1
xxxporn7.com,normal.alexa,0
suxgoqxo.ru,,1
nfzfrasildeafeninguvuc.com,,1
improper.com,normal.alexa,0
edotntexrplore.net,,1
inaseo.com,normal.alexa,0
bhpnawysokosci.pl,normal.alexa,0
catholicnews.com,normal.alexa,0
listdependpipeleggroundcourse.com,,1
rlilmxpwb.com,,1
nnt-sokuhou.com,normal.alexa,0
gfwpieenfxgsimlv.eu,,1
foodnetworks.info,normal.alexa,0
ebbfxhsskwvu.com,,1
wallgaytube.com,normal.alexa,0
krsjejmlkrk.ru,,1
thsolggswesgnfdrme.com,,1
lasrecetasdemaru.blogspot.com.ar,normal.alexa,0
kvewbk.com,,1
hjsmjft.yi.org,,1
guoxianteng.com,normal.alexa,0
ufolep.org,normal.alexa,0
c40181a5dbf5afdab519fd207c593b9641.cc,,1
loucosporconsorcio.com.br,normal.alexa,0
webel-india.com,normal.alexa,0
xaehjk1mrrlzo4.com,,1
avantajadas.com.br,normal.alexa,0
rxypsagabardinedazyx.com,,1
expoelectroseti.ru,normal.alexa,0
knolmdanddbbdede.com,,1
freedomworks.org,normal.alexa,0
qkgrflxhvydkbimf.org,,1
lesfruitsetlegumesfrais.com,normal.alexa,0
hipokrates2012.wordpress.com,normal.alexa,0
tinachan.org,normal.alexa,0
jtacbzgvbkuuszal7.com,,1
ktlwxakbho.com,,1
tufuzeq.net,,1
gznvxlfppo.com,,1
n1axee2yztkfg82m8k1q0nhdm.biz,,1
kankan.md,normal.alexa,0
designyourown-headstone.com,normal.alexa,0
wyyosemitismgavenuteq.com,dga.banjori,1
f52o61nrmxerpto31c49a57isgxbxeul68oyfu.org,,1
looper.com,normal.alexa,0
abgpgrid.top,,1
8z107c1r8eqkezsq.com,,1
flask.com,normal.alexa,0
extrapost.com,normal.alexa,0
meeutswklvqgga.biz,dga.cryptolocker,1
sneakerdistrict.nl,normal.alexa,0
protolize.org,normal.alexa,0
ljful98xirm5chpo.cn,,1
aornqyeptf.com,,1
todomovillg.es,normal.alexa,0
ebitlaku.ddns.net,,1
oreredotntlexp.net,,1
miktyslhqr.dynserv.com,,1
foig45.top,normal.alexa,0
hqfybooikgaepc.com,,1
0uky0a82w2g6.top,,1
paginapolitica.com,normal.alexa,0
dk2ltrs4zxhuoabjbv.com,,1
nn.pl,normal.alexa,0
dxweather.com,normal.alexa,0
1cc6ybz3ukn6r1de8m461cgiw7k.biz,,1
ehblsebmxicqxll.org,dga.cryptolocker,1
shopstyle.com,normal.alexa,0
e-kfu.com,normal.alexa,0
ikks.com,normal.alexa,0
kangting.com,normal.alexa,0
wconjkvfenvzq.com,,1
egrafip.cu,normal.alexa,0
qakeygxert.com,,1
mazlomane.com,normal.alexa,0
ceenta.com,normal.alexa,0
sportal.de,normal.alexa,0
12reifen.de,normal.alexa,0
strawesome.com,normal.alexa,0
wjarmzghkrc.com,,1
masteringaandp.com,normal.alexa,0
bharatonline.com,normal.alexa,0
hidegoki.ru,,1
bankingsite.ru,normal.alexa,0
provsys.net,normal.alexa,0
gfhmqjboiiyb.com,dga.tinba,1
yukiworks.nl,normal.alexa,0
2w9d0xvu6s73m14e.com,,1
iava.org,normal.alexa,0
libertyislandmag.com,normal.alexa,0
unrealmatgr.blogspot.mx,normal.alexa,0
rephome.xyz,normal.alexa,0
tupep.eu,,1
sfobybhew.biz,,1
1pb22251xo6cd87fmb6bhs35cr.net,,1
zifengtang.com,normal.alexa,0
codigofacilito.com,normal.alexa,0
gafqupxo.ru,,1
fixsbebcba.top,,1
palisadessd.org,normal.alexa,0
phrasedotrepairencourage.com,dga.matsnu,1
xifw5yrsxmzc.net,,1
fastforwardacademy.com,normal.alexa,0
paginadepolitica.ro,normal.alexa,0
bowmansystems.com,normal.alexa,0
axtusrnrlrrnylbgmqai.sh,,1
mgllwmsg22btz.net,,1
somemieakcgwmqsg.org,,1
zntr.net,normal.alexa,0
kzlmuaygqzfj4.com,dga.bedep,1
uqheiidsydtu.biz,dga.tinba,1
tecnogeek.com,normal.alexa,0
dhampur.com,normal.alexa,0
yvir8m2sxglwwuvwvh.net,,1
sopro.com,normal.alexa,0
cegedim-srh.net,normal.alexa,0
rmpplezdq5wxgpzd3e.ru,,1
65daigou.com.my,normal.alexa,0
t3live.com,normal.alexa,0
littledesire.com,normal.alexa,0
1be3exp5gqsq1vycglbrp9dyu.net,,1
nleflqnx.com,,1
ruqakfb.info,,1
agizbakimuzmani.com,normal.alexa,0
hbgpqmlkdnpo.net,,1
fmgalzkrphuhxhqmfpdtpwgha.ru,,1
ygl5wz1vo7ee1p7tsp37d1ovh.com,dga.post,1
ks-licht.de,normal.alexa,0
7pud.com,normal.alexa,0
syldkiacft.com,,1
namaila.com,normal.alexa,0
jieshaobu.com,normal.alexa,0
cgyooueoya.biz,dga.pykspa,1
lrybcvkgmihco.ru,dga.cryptolocker,1
aof.dk,normal.alexa,0
lj5xsr42t2wwl3xiap.biz,,1
i42omg2weomw.org,,1
fhsf2dl4beni.com,,1
j3td3ejjhr.com,,1
gqlrnrklccrxqaecfrv.com,,1
qcfsdq.com,,1
melluso.it,normal.alexa,0
dimensionscaleregisteraccount.com,,1
1nposh91c93dj9ck4rp716wzsvj.com,,1
bookuu.com,normal.alexa,0
cos.name,normal.alexa,0
hanopih.info,,1
undertable99forum.com,normal.alexa,0
getbrowseraddon.com,normal.alexa,0
usffetykbbydmofytsbedqxotgq.net,,1
hqjldkgfuqoqupxvp.net,,1
hwvcnjqkhiegeyyg.eu,,1
thinkexist.com,normal.alexa,0
civert.it,normal.alexa,0
1gnero01ftshnz1e4mi6o4ii9zp.net,,1
pvf12ans3cxj.com,,1
sarvefasa.com,normal.alexa,0
trylumiaphone.com,normal.alexa,0
bflcccbacbadabbb.co,,1
casinotopplistan.com,normal.alexa,0
ealmlemcabefbffb.online,,1
wacbiz.com,normal.alexa,0
kgybji.com,,1
educationforallinindia.com,normal.alexa,0
thetango.net,normal.alexa,0
iinhzkeuo.yi.org,,1
up2potential.net,normal.alexa,0
cpjtrpmgu.com,,1
nordicshops.com,normal.alexa,0
b4ly7ohifohi.top,,1
xvideosnavi.xyz,normal.alexa,0
lylmutsqdgf20.com,,1
haeb50a40df645b88fab4bbf7a9c1ce84d.ws,,1
nclmxazqn.top,,1
jgcemwrhvvolvxqbq.com,,1
amica.com.pl,normal.alexa,0
conservamome.com,normal.alexa,0
happynewyearimages-2016.com,normal.alexa,0
1ntvb0b1vnoe56qcx84yvridpl.org,,1
gwvovtm.info,,1
xmiuserqunglpkfi5m.com,,1
shkjdvusfplos.com,,1
26422629.com,normal.alexa,0
caopxcmamyjbmpdjx.net,,1
onlinehealthcorner.com,normal.alexa,0
3arabporn.com,normal.alexa,0
ujrpeliajw.com,,1
bakeincorporateattendenhance.com,,1
1rul7qlcqe6c17gzl5u6kzc75.org,,1
xgcicqkfpmvlvgzknknsotqs.com,,1
house.gov,normal.alexa,0
lrjgeydmepawnkfuf.pw,,1
jatfmhaschozkrgextpjpkj.info,,1
omarlonghi.com,normal.alexa,0
hellwork.jp,normal.alexa,0
amadershomoy.com,normal.alexa,0
tznbzcumssgyxx.com,,1
xkemlzfutjrsopyptyhzlivrg.ru,,1
hnsiskenuslafi.cc,dga.ranbyus,1
yiwkxivnowjy.net,,1
iuoikgekoa.org,,1
lovelycharts.com,normal.alexa,0
tnjt.gov.cn,normal.alexa,0
hdk.cz,normal.alexa,0
vgmplfnmpu.info,,1
cufiypqoheiytdemzgpbrsilz.ru,,1
useresponse.com,normal.alexa,0
cookplus.com,normal.alexa,0
joinstood.net,,1
whwqfxmgria.mx,,1
seizedesign.com,normal.alexa,0
yvuwucks.xyz,,1
immicnrjnumegwxccejzpoq.org,,1
kdhlznqovl.mooo.com,,1
1rr25jjo88dxochwj8.ru,,1
17ulerl1ymq5jhl985sw1c0kekb.org,,1
mtuwotiwmtya.org,,1
alarme.asso.fr,normal.alexa,0
pdaxwgjzwucpnxlztgdmpmfu.ru,,1
drshamsclinic.com,normal.alexa,0
yallfest.org,normal.alexa,0
lxdwkqghwgros.info,,1
twcjwrbrlgjgwb.co.uk,,1
almanainteriors.com,normal.alexa,0
publicaccountants.org.au,normal.alexa,0
ownlog.com,normal.alexa,0
bannercho.com,normal.alexa,0
syariahcenter.com,normal.alexa,0
gwcbncfmymoubj9c.com,,1
babestube.mobi,normal.alexa,0
dm.gov.ae,normal.alexa,0
stablelivestream.com,normal.alexa,0
ihqvoxijk.top,,1
7otxfd3yf9ebhf3w61199jfo.org,,1
vse-svoi.ru,normal.alexa,0
xafrxkjdrddssb.org,dga.cryptolocker,1
yl7jybq8stu8kr1430q.ddns.net,,1
simsim-hikaku.com,normal.alexa,0
mangakaka.com,normal.alexa,0
majesticseo.com,normal.alexa,0
bivhksdzrf.com,,1
1001spiele.at,normal.alexa,0
nnainfo.com,normal.alexa,0
nrx.cn,normal.alexa,0
ygwssdbvenkm.biz,,1
cadcaafoaobamamn.website,dga.padcrypt,1
sept.nhs.uk,normal.alexa,0
jcyjyabsewtc.biz,dga.cryptolocker,1
rlvmpoj.org,,1
illustrators.jp,normal.alexa,0
hpbrnjighuly.ru,dga.tinba,1
redbus2us.com,normal.alexa,0
perceptionracenosedeserve.com,,1
dazwbmrtdwehafcuvcjdwmivp.biz,,1
j2x2cb1yhw62f11z4rp3jbw4u0.net,dga.post,1
sexoanimais.com.br,normal.alexa,0
lxxohguckrwc.com,,1
homeweb.be,normal.alexa,0
zsibpp.info,,1
satisfactionbrickadmirehole.com,dga.matsnu,1
swcgutqjkeld.com,,1
copgvimkc.com,,1
s81b18oby0cjiry.ddns.net,,1
marola-w.livejournal.com,normal.alexa,0
humanillnesses.com,normal.alexa,0
ispbem.com,,1
syebucp.info,,1
jtqursensinaix.com,,1
pztwchcuqkfuvwgsoukgirnzdrg.ru,,1
fjmztpyb.dynserv.com,,1
discerninghearts.com,normal.alexa,0
getthefont.com,normal.alexa,0
foster1.com,normal.alexa,0
kokomotribune.com,normal.alexa,0
avychognpogony.co.uk,,1
organiser.ru,normal.alexa,0
xjjtxrb.info,,1
primbondonit.blogspot.co.id,normal.alexa,0
ugukuceswuu.ddns.net,,1
theguilttrip.com,normal.alexa,0
9dqe011vxlw731fac8q36zr51h.com,,1
1b725ii1i70thj1dayiu21fnz7hj.net,,1
jbhanzfascpdfyhrwsjrpfjbkj.net,,1
58188.com,normal.alexa,0
rosgid.ru,normal.alexa,0
belajarcoreldraw.co,normal.alexa,0
sfrsuinaaqchotaf.eu,,1
fullasiantube.com,normal.alexa,0
ggmen.net,normal.alexa,0
couponsock.com,normal.alexa,0
104upbkswtf52bzrwgv65gj3l.com,,1
enshshg.org,,1
mono.company,normal.alexa,0
aewmaumsusamaeww.org,,1
usend.ru,normal.alexa,0
sweetlovemessages.com,normal.alexa,0
telegfa.com,normal.alexa,0
wajosemitismgavenuteq.com,dga.banjori,1
wikivinum.com,normal.alexa,0
casinononline.biz,normal.alexa,0
daddysneatness.com,normal.alexa,0
wanzek.com,normal.alexa,0
dunhakdis.me,normal.alexa,0
effbed1fd080fb8b545af2947578bfc2a4.hk,,1
pmo.cn,normal.alexa,0
phvgtrkskijmrrkorgiljvjblr.ru,,1
venefqt.ru,,1
dts-net.com,normal.alexa,0
homebysita.com,normal.alexa,0
ativatrade.com.br,normal.alexa,0
dnbfgwiirpznywcmb.net,,1
kbljaqc.info,,1
egoealitydevonianizuwb.com,dga.banjori,1
n45yjch6j4dq.top,,1
ishqkiya.com,normal.alexa,0
lifeprediction.in,normal.alexa,0
kuban-online.ru,normal.alexa,0
m-king.co.jp,normal.alexa,0
renovarpapeles.com,normal.alexa,0
redstarmerch.com,normal.alexa,0
smpoludnie.pl,normal.alexa,0
65carlton.com.au,normal.alexa,0
vltnftcjrzrxnhfwgf.com,,1
akcsyaagkwblmnvyi.com,,1
fontawesome.ru,normal.alexa,0
madelend.net,,1
georgetown.edu,normal.alexa,0
avalonfirestyles.com,normal.alexa,0
mdqwotiwmtya.info,,1
rjaoktndcor.biz,,1
fondometasalute.it,normal.alexa,0
mytempfiles.info,normal.alexa,0
1lqzqr71qsle3g16labe4iz955g.org,,1
safar724.com,normal.alexa,0
uywmvookspztgyl.org,,1
anincline.com,normal.alexa,0
rpeewaaqofbudpyo.eu,,1
jpjpriyallrv.com,,1
igamono.jp,normal.alexa,0
decyjxvhx.net,,1
zprqnihn.ru,,1
wuyiess.com,normal.alexa,0
luontoon.fi,normal.alexa,0
120c94bd5f5669f4acf2d76c0d1d6bcb.info,,1
mtmwotiwmtya.org,,1
iacminir0sa01mp2q8812js66y.org,,1
lagvla.net,,1
6983808aa7159b3bfc7ef0ff7af4e01a.org,,1
muarqmwufxcosuqpz.net,,1
yutgmguiwcymao.net,,1
mlcgi.com,normal.alexa,0
yikmsikathrinezad.com,,1
limefuel.com,normal.alexa,0
a8g2ubybon30odudojm.ddns.net,,1
zbqgh84pmf12qijm1t.net,,1
indonesianporn.org,normal.alexa,0
lgmybpcxhkg7o.com,,1
audiophile-id.com,normal.alexa,0
superligashqiptare.com,normal.alexa,0
qpkgqtffjwdqf.com,,1
aekuaggougmeqmam.org,dga.ramdo,1
nyumc.org,normal.alexa,0
cjs-cdkeys.com,normal.alexa,0
appbako.com,normal.alexa,0
sidefireroominvitefeelcare.com,,1
fjnqsikathrinezad.com,dga.banjori,1
toutenboisetcie.fr,normal.alexa,0
vidasempapel.com.br,normal.alexa,0
dafclqzodyrw.org,,1
veiwanfu.ru,,1
arkxhuzpgqozfmtxkbuduxcrcmztk.ru,,1
mlenggrrhhvl.com,dga.tinba,1
imagetwist.com,normal.alexa,0
iah.ac.uk,normal.alexa,0
miyakoh.co.jp,normal.alexa,0
1qnnkgxl4a.com,,1
q5msna6qbavnnuultf.ru,,1
sikisvideolarim.com,normal.alexa,0
klikhit.pl,normal.alexa,0
inlinedm.com,normal.alexa,0
i-reductions.be,normal.alexa,0
ysbrooyohihhacvo.eu,,1
aajproperty.com,normal.alexa,0
materacekolo.sklep.pl,normal.alexa,0
5mlrj55cni374r20vbv2r3e.biz,,1
originlive.com,normal.alexa,0
xukatpnpushoqwckwfwijy.net,,1
wbng.com,normal.alexa,0
home-101.net,normal.alexa,0
kyzitad.com,,1
cnwvefafe.ru,,1
hopa.ro,normal.alexa,0
bigbutik.com,normal.alexa,0
ubuntu.ir,normal.alexa,0
eksbecnhatv7o.com,,1
9nwgg3hsrrbzwi.com,,1
gmsqyockagwockey.org,,1
al-network.co.jp,normal.alexa,0
uaioamentalistfanchonut.com,,1
admomsk.ru,normal.alexa,0
kokobeluk.com,normal.alexa,0
coffeebits.be,normal.alexa,0
ogsygemeaeuoqaim.org,,1
alpenstyle.com,normal.alexa,0
pdqallaabettingk.com,,1
oflddgjadnylul.su,dga.ranbyus,1
nwx6b8h2rk5u.org,,1
ncnnthvkaebr.com,,1
zeekmo2yt32wv637wz.ru,,1
iftstzxozhdtkpzjndtnjzpl.ru,,1
businesscomecakeaccording.com,,1
saxton4x4.co.uk,normal.alexa,0
the-gold-dimes.com,normal.alexa,0
reyrrtq55b.net,,1
d4ee543dc264a700e6aef1a04363deaa.cz.cc,,1
contshipitalia.com,normal.alexa,0
aewokykywyewimik.org,,1
ns1.backdates13.net,,1
smartbuyglasses.de,normal.alexa,0
medicinejoinlistenreward.com,,1
ns1.dnsfor7.net,,1
nexaninc.com,normal.alexa,0
azepwrazq.com,,1
lgrosvmzxjy.info,,1
melontech.com,normal.alexa,0
getlinkednetwork.com,normal.alexa,0
vpzsbgocrz.com,,1
binet.pro,normal.alexa,0
byfvasbifyqslxg.work,,1
mustips.com,normal.alexa,0
buketopt.ru,normal.alexa,0
puraxyp.info,,1
ns1.backdates15.info,,1
clivern.com,normal.alexa,0
fritidochprylar.se,normal.alexa,0
manifestazionivenete.it,normal.alexa,0
base22.com,normal.alexa,0
jokofy.com,normal.alexa,0
ndnxeiokg.net,,1
argentmag.com,normal.alexa,0
florai.com,normal.alexa,0
growthis.com,normal.alexa,0
gvnxje.com,,1
larouchepub.com,normal.alexa,0
bbtcreditcardconnection.com,normal.alexa,0
vvctxgedq.mooo.com,,1
seriouslysimplemarketing.com,normal.alexa,0
bubayheqijgqorjruoovphqfajln.ru,,1
bltlqxzi9btxi.net,,1
vonypic.com,,1
tijqbimarmovqgwubsc.cc,,1
gladenjoy.net,,1
profitcommentsuckresultrepair.com,,1
vn1923q8qopv1dj4o111klo734.net,,1
rxzkid.com,,1
jfpnbqs.biz,,1
5hcbshqf5l1r1pi8sl5.ddns.net,,1
qs2cwd4n1dehyt1tjw.net,,1
euycwguiwcymao.net,,1
journeythird.net,,1
ygucgesuyg.org,,1
motorradonline.de,normal.alexa,0
nmyrnwp.ws,dga.conficker,1
pornbestiality.com,normal.alexa,0
pgcpjyrk.dynserv.com,,1
sabljakdavor.com,normal.alexa,0
dondecomprardolares.com,normal.alexa,0
xubylon.info,,1
pleasantwagon.net,,1
cebfoacdanaeabaa.co.uk,,1
novotelbogor.com,normal.alexa,0
pxotrsensinaix.com,,1
zklndfavq9ov.net,,1
osurafwhhvtsd.click,,1
1f015a7e6a2a8c8335ad661260bfcd70.co.cc,,1
strathspey.org,normal.alexa,0
bdanmbckddodbece.com,,1
newx-24.blogspot.com,normal.alexa,0
zfeqalitydevonianizuwb.com,dga.banjori,1
watch-discounter.eu,normal.alexa,0
1stdesignerblog.com,normal.alexa,0
delos.us,normal.alexa,0
pianocasespacenegotiateenhance.com,dga.matsnu,1
jifu-labo.net,normal.alexa,0
momsneversayno.com,normal.alexa,0
baslangicdergi.org,normal.alexa,0
legaltaxis.com,normal.alexa,0
88a169714e453e041d1fd7011b242688.org,,1
emboseokuwoptii.ddns.net,,1
graylog.org,normal.alexa,0
vyrtrxyxhvjoql.com,,1
d109b9a13137419fc23c8c8114e9eb64.info,,1
revivemi.com,normal.alexa,0
fyvcxsfufiwopzpvkdqhazd.net,,1
elgaronline.com,normal.alexa,0
nocedosport.blogspot.com.es,normal.alexa,0
cotot.com,normal.alexa,0
xpgamesaves.com,normal.alexa,0
deqydieharyfjczuh.net,,1
8b16841c50f9eee6f685891faed2e59c.cz.cc,,1
1j5qi101gj2qn9zl9uv1bddfnt.com,,1
doubleselect.com,normal.alexa,0
ivufqdn.biz,,1
libertyfund.org,normal.alexa,0
pusatbahasaalazhar.wordpress.com,normal.alexa,0
allcoupon.jp,normal.alexa,0
starkeypro.com,normal.alexa,0
8o5jodr6gk8i1rqb65.com,,1
qocevinskycattederifg.com,dga.banjori,1
lndbsikathrinezad.com,dga.banjori,1
imperialfashion.com,normal.alexa,0
b7e75625561d936c931851a6dc927cbe.co.cc,,1
uvhamexeta.ddns.net,,1
ssksports.co.jp,normal.alexa,0
hgeshdshxkqmql.me,,1
techdenis.blogspot.com,normal.alexa,0
clozette.co.id,normal.alexa,0
pms.cc,normal.alexa,0
dnsalias.com,normal.alexa,0
muscleandmotion.com,normal.alexa,0
pressbooks.com,normal.alexa,0
kindergeld.org,normal.alexa,0
raveby.com,normal.alexa,0
japangogo.com,normal.alexa,0
9monate.de,normal.alexa,0
gosiafxouoocfshjng.com,,1
ioheopmsbd.com,,1
dgbwuyp.net,dga.pykspa,1
hudexchange.com,normal.alexa,0
xbgyytcucrkzlbjbtlrjfdu.info,,1
furainozasshi.com,normal.alexa,0
critical-hits.com,normal.alexa,0
cixtec.es,normal.alexa,0
difogowi.ru,,1
fribbu.net,,1
aqosyo.com,,1
biyolojisitesi.net,normal.alexa,0
enrvmbumbvsx.com,dga.tinba,1
swis-shop.sk,normal.alexa,0
gispclyvgbjofd.biz,,1
zigmaz.com,normal.alexa,0
hsrjrgjofmoc.pw,,1
texniccenter.org,normal.alexa,0
jeokdnpitihrmtlv.info,,1
electricnature.net,,1
yvbqecpwx.com,,1
fbpmwivkrqfnbxjp.bit,,1
fkefbobmmbbebabo.de,,1
wallhdimg.com,normal.alexa,0
notredeco.com,normal.alexa,0
mytrafficvalue.com,normal.alexa,0
viva-naija.com,normal.alexa,0
whatcounts.com,normal.alexa,0
crictracker.com,normal.alexa,0
dwerbz.net,,1
ypdqfvqosj.com,,1
lacksugarmeetfearrequire.com,,1
e2d2b931d4ef7ded6b5a1165c067202e9a.tk,,1
returnanimal.net,,1
lotwywp.net,,1
flacbdfbbcmkcobk.eu,,1
topbiz360.com,normal.alexa,0
cumhere.org,normal.alexa,0
amxhsatformalisticirekb.com,,1
nawoevsoarcoti.ddns.net,,1
millionairemindspro.com,normal.alexa,0
chuvsu.ru,normal.alexa,0
ns1.backdates18.org,,1
4wnb7o2muaujkvuv.cn,,1
sports790.com,normal.alexa,0
upkfvwwpir.dyndns.org,,1
spiceroute.co.za,normal.alexa,0
emwywasoicmeqymi.org,,1
qjrtsam.info,,1
i-rabota.net,normal.alexa,0
zuwveoxv.com,,1
wydynwsdccsl.com,dga.tinba,1
ufwvit1xaezpt9079sc1r8d4e2.net,,1
nkrslaspcvtv.com,,1
maclife.vn,normal.alexa,0
5dollarmealplan.com,normal.alexa,0
pxxmxgsrlmnw.com,,1
hehlkpkfilqp.com,,1
hentai300.com,normal.alexa,0
khhjbqvd.yi.org,,1
bymzijojlrmfpmzprmzmjtinoz.ru,,1
santeportroyal.com,normal.alexa,0
nunn.asia,normal.alexa,0
rplciologistbikerepil.com,dga.banjori,1
mqicpvak.click,,1
i42gu0ms2wq0.org,,1
know-space.net,normal.alexa,0
tatuum.com,normal.alexa,0
cmodlncfbdbfffab.com,,1
ns1.backdates20.com,,1
xyypnmspbpkretqwy.net,,1
edohk872c4sdqfevkdu.ddns.net,,1
bykahcueuys8.com,,1
kekool.it,normal.alexa,0
cftrac.info,normal.alexa,0
hgoqanxnptqvvog.net,dga.murofet,1
138grand.net,normal.alexa,0
eqxp9im1pih41bgir8fe3fs7s.net,dga.post,1
dmtekexdhjbvfzurg.net,,1
happybunch.com.my,normal.alexa,0
belegger.nl,normal.alexa,0
emkykimoiksuuakk.org,dga.ramdo,1
ewavesproperty.com,normal.alexa,0
twvfmrqioppvienlp.net,,1
lbanqyd.eu,,1
1rjx6ta1fevgksegikwe1esam8f.org,dga.post,1
6mk19s4ou07ye77nmqpzvldz.com,,1
hjkvki.com,,1
nrnryfgywmeetvtkm.com,dga.ramnit,1
hoomii.xyz,normal.alexa,0
freebitcoin.com.ua,normal.alexa,0
getmore.co.za,normal.alexa,0
maranot.info,,1
arearestrita.info,normal.alexa,0
pliego.ru,normal.alexa,0
spdsbhxwoifenm.tw,,1
16z4lx1d9954r5iontkxw1nll.com,,1
ilregnodeifossili.blogspot.it,normal.alexa,0
thuoctangcanhieuqua.com,normal.alexa,0
reliableparts.ca,normal.alexa,0
krkwuppqxsejagoj.ug,,1
carecreditpro.com,normal.alexa,0
sportsmobileforum.com,normal.alexa,0
caujshgcz.net,dga.conficker,1
el-siradj.com,normal.alexa,0
ttvgmjp.eu,,1
tgxzptmojhjrkrq.com,,1
fordhamu.org,normal.alexa,0
ns1.dnsfor18.info,,1
mfalcyxqkphekcgjd.net,,1
uberaxsdw.com,,1
fhggvinskycattederifg.com,dga.banjori,1
loungeindex.com,normal.alexa,0
jjpnyra.dynserv.com,,1
p9b6490972a2895894f9e3be2a816296af.in,,1
sachkahoon.com,normal.alexa,0
ngfptmqcsdlbgd.mn,dga.necurs,1
ctem9j1f41irx1h0koma1idhso9.com,,1
rdx.com,normal.alexa,0
lsw7qu7my3m1stihz593ggnq.com,,1
mintboutique.com.br,normal.alexa,0
santacruzca.org,normal.alexa,0
thesocialpost.it,normal.alexa,0
yexyfffjphbcfgss.com,,1
jykstors.net,,1
unpjcaqsysydco.pw,,1
u6oaksmr50uocd82.net,,1
thecustomsabershop.com,normal.alexa,0
ilkebebexml.com,normal.alexa,0
velvet-rose.net,normal.alexa,0
60ewagy4m0uk.top,,1
amazingame.ru,normal.alexa,0
portaledifesa.it,normal.alexa,0
kllndbiprtoijwscs5.com,,1
exmxexw.ru,,1
besepa.com,normal.alexa,0
hvmdaqphhg.org,dga.locky,1
grabyourfork.blogspot.com.au,normal.alexa,0
cmt.com,normal.alexa,0
jcwclcfdypmveolf.eu,,1
aeigsh.com,,1
ajspeb01unkx.net,,1
theukulelesite.com,normal.alexa,0
nogti2.ru,normal.alexa,0
dpokrsensinaix.com,dga.banjori,1
lbunrwpxojpi.com,dga.cryptolocker,1
yyqepajhhmn.net,,1
shakernejad20.blog.ir,normal.alexa,0
dealtoday.pk,normal.alexa,0
1juatvxms0te910xzib51i3pnnv.biz,,1
ttjuvinskycattederifg.com,dga.banjori,1
mincomi.jp,normal.alexa,0
isgoren.com.tr,normal.alexa,0
aftercluv.com,normal.alexa,0
keka.com,normal.alexa,0
9y3eop3hmxutd.com,,1
southernhealth.org.au,normal.alexa,0
alfakassan.se,normal.alexa,0
xn----ctbiswcdhedgmi2a.xn--p1ai,normal.alexa,0
wxoecqyoigsijqpv.eu,,1
jigoloarayanbayan.gen.tr,normal.alexa,0
thepurebar.com,normal.alexa,0
akqfcqqxnxnxlm.me,,1
xeakguahupd.ddns.net,dga.symmi,1
mersinlikizlar.com,normal.alexa,0
meribus.com,normal.alexa,0
lajollamom.com,normal.alexa,0
charmaineolivia.com,normal.alexa,0
ai0i9qfbfn542sgn.ru,,1
tbqciljpkfqclrtcydyfumfe.ru,,1
dyxslbqdhoni.work,,1
hph.co.ir,normal.alexa,0
gebaerdensprache-find.de,normal.alexa,0
abdullinru.ru,normal.alexa,0
e-nautia.com,normal.alexa,0
inuxalwpclq.ru,,1
uinlhvm.info,,1
puvedupuquz.eu,,1
2phf77xw2ie2qfet5x.com,dga.rovnix,1
rqouliwayrmozhqqcfn.org,,1
ujwvmuqmoudrb.com,,1
tessuti-shop.com,normal.alexa,0
ycracks.com,normal.alexa,0
qr2fyh1gg6o0eqt61bx178644.org,,1
cwtzrsensinaix.com,,1
17al0nfnjv96kp0ebl4hm9sr4.net,,1
seasonneedle.net,,1
theglobalfund.org,normal.alexa,0
sinteza.net,normal.alexa,0
tuapsecamera.ru,normal.alexa,0
hmu3ud8lxn2jz16jk8.com,,1
gzjzniawjr.info,,1
mtuwotiwmtya.net,,1
e-gov.am,normal.alexa,0
jm5abgxwm3milz.com,,1
pweyebffpfjr.com,,1
nofbiatdominicana.com,,1
1xwgaq05j8k9j5wv1t190m1z4.org,,1
ca-lorraine.fr,normal.alexa,0
ycrukkothqdtal.me,,1
innoros.ru,normal.alexa,0
atenasrealestate.cr,normal.alexa,0
mtv.vn,normal.alexa,0
b8c79b8a69862e8c3eedbfb39f1a97c8.cz.cc,,1
wki.it,normal.alexa,0
imageleon.com,normal.alexa,0
1jd2qxas2uapcfdkmbb13nrbw8.org,,1
rde3hsv9qu1y1srya9z5p8dm.net,,1
emdgroup.com,normal.alexa,0
1y9k4aegpvccr1ixbb0ig9897x.org,dga.post,1
123print.com,normal.alexa,0
kfwisdgbnhchws.cc,,1
vyhczdomngdacsslbtqh.com,,1
lpayergetadobeflash.co.uk,,1
dcdn.es,normal.alexa,0
ecuwbacaehneqo.ddns.net,,1
vggrncrhswfbdct.ru,dga.cryptolocker,1
yqhkdlthajvshe.com,,1
fqeyis.com,,1
reredotnteoxpl.info,,1
orzzqv4qe3ar.net,,1
vdjsrasildeafeninguvuc.com,,1
talkandroid.com,normal.alexa,0
mwjjuayww.info,,1
cbfkpmbjitsk.com,dga.tinba,1
iugkymiioseeqqeq.org,,1
paypal-cash.com,normal.alexa,0
christmas-time.com,normal.alexa,0
koscierski.info,normal.alexa,0
bega-us.com,normal.alexa,0
bluestardonuts.com,normal.alexa,0
deofobol.ru,,1
diqpwbcwvvb.com,,1
eti96jfte7iju75u8hwcihn0.biz,,1
lzhaqxwvkraixlzibzbueytir.ru,,1
wwsgocamscqgccag.org,,1
gcigibtr.com,,1
beachcomber-hotels.com,normal.alexa,0
renaissanceastrology.com,normal.alexa,0
blackandbeauties.com,normal.alexa,0
g69g.com,normal.alexa,0
2r4wso17pj3is1oxks7yfl3p5a.com,,1
zamoris.ru,normal.alexa,0
releiril.ru,dga.pushdo,1
funwap.in,normal.alexa,0
dinhtung.net,normal.alexa,0
coj-agentlabo.com,normal.alexa,0
coresol.com.pk,normal.alexa,0
bozxirbo.ru,,1
flfwwbwefxjqbsmdwbebdeh.com,,1
maxlab.ru,normal.alexa,0
iasscore.in,normal.alexa,0
diablomag.com,normal.alexa,0
bduniologistbikerepil.com,,1
evevwdolwj.top,,1
kyegooqecuqckyqa.org,,1
phfenfqcskkfhuhayxuoeqhvwx.ru,,1
tuttorossotomatoes.com,normal.alexa,0
q8n5bgmdjo92koye.net,,1
zmuavhmdtg.net,,1
wqfhzsfap.info,,1
ashplayergetadolbef.net,,1
zaitokukai.info,normal.alexa,0
pptphvbjootjswdembcep.nf,,1
emqiqgkaumemekmi.org,,1
asyncdisplaykit.org,normal.alexa,0
ansechastanet.com,normal.alexa,0
flaxart.com,normal.alexa,0
israelidag.se,normal.alexa,0
ns1.backdates17.net,,1
dkxkdkti.ru,,1
m5utbb1nvtw5ez801ggbos6cs.net,dga.post,1
bhgqsemitismgavenuteq.com,dga.banjori,1
joomlasitedesigner.com,normal.alexa,0
pbi24.com,normal.alexa,0
gpscitydz.com,normal.alexa,0
chatterblock.com,normal.alexa,0
dxcdn.com,normal.alexa,0
tbplus.li,normal.alexa,0
pieattemptfinishmovegrow.com,,1
baroul-arad.org,normal.alexa,0
billionnews.ru,normal.alexa,0
mdywotiwmtya.net,,1
xajozkaq.ru,,1
vfrpmachuslazaroqok.com,dga.banjori,1
1wvjq5vbbyhc61knurzimos9k2.net,dga.post,1
qwdbxbb.ru,,1
rbimhskwytohmqil.eu,,1
daiwasbi.co.jp,normal.alexa,0
881903.com,normal.alexa,0
tayyabs.co.uk,normal.alexa,0
4ezst89t8xgp1iu3wj7emlg8.net,,1
wwomgcuamkugkaye.org,,1
sdcv7x5b3vij1fmj5rqfkpi.ddns.net,,1
coaeue.com,,1
7l93hfh766tnqjob.com,,1
a17d40grl18i25n30huj36j16l48j26c39pthsjqkx.ru,,1
qgqawqyqowwwsqwg.org,dga.ramdo,1
cdinopq6grkrsvij5ryxw01.ddns.net,,1
affiliatetraction.com,normal.alexa,0
barbiedressupgames7.blogspot.com,normal.alexa,0
vdhzinalcentricem.com,dga.banjori,1
kkvsimmsisv.info,,1
juniata.edu,normal.alexa,0
ibolbupxbqcix.com,,1
ubv8ki1oeh6k0uqs9bw1hn1nw2.com,,1
bovx2mlc3hfu3kujhg.ru,dga.rovnix,1
qvohmnk.org,,1
fdffldaflfodacff.net,,1
qefvmachuslazaroqok.com,,1
paradyz.com,normal.alexa,0
safeunsubscribing.com,normal.alexa,0
lyhdev.com,normal.alexa,0
lavoix.com,normal.alexa,0
vinylrecordfair.com,normal.alexa,0
157pesi11yni521j39gwj11v1ymj.com,,1
moxeje.cn,normal.alexa,0
puntoblanco.com,normal.alexa,0
londoncoins.co.uk,normal.alexa,0
dochara.com,normal.alexa,0
pujat.eu,,1
capital-law.co.uk,normal.alexa,0
blms.co.il,normal.alexa,0
gmapviljvsve.net,,1
83yt7mguj7bnq3c4.net,,1
jifjwfl6sg4gyizs5u.biz,,1
xinroom.net,normal.alexa,0
rwpfgopgfbiy.com,dga.tinba,1
againstdollar.net,,1
bloger666.pl,normal.alexa,0
pavestone.com,normal.alexa,0
51edu.com,normal.alexa,0
greydot.me,normal.alexa,0
wpclipart.com,normal.alexa,0
dnndolccfadbmkmb.website,,1
phufylbtljdmfluwpcytmvgqlj.com,,1
sokwygsguegeemui.org,,1
xmobx.us,,1
filesfort.com,normal.alexa,0
kino-sezon.ru,normal.alexa,0
mizbandata.com,normal.alexa,0
eurocarne.com,normal.alexa,0
wiretransfer.in,normal.alexa,0
keralahousedesigns.com,normal.alexa,0
machinesforfreedom.com,normal.alexa,0
thinkrefur.com,normal.alexa,0
childlineindia.org.in,normal.alexa,0
1yzsim21st2mxlll8ygp1vcchvb.net,,1
viveresidencias.com,normal.alexa,0
goldenbrands.gr,normal.alexa,0
1qs2nuhyuu8r81bz86jo1mbrrib.com,,1
scotusblog.com,normal.alexa,0
enchange.cn,normal.alexa,0
cakcwekc.org,,1
thaiscooter.com,normal.alexa,0
pc5f74eea14c68ae49eb3af699464ecf13.so,,1
sogiqscalgmsmfjblypfimvxnfso.org,,1
tangs.com,normal.alexa,0
lfv1kz9ynsowkug.net,,1
weranda.pl,normal.alexa,0
tally-weijl.com,normal.alexa,0
katalog-oriflejm.com,normal.alexa,0
hyrkbagw.com,,1
bonami.sk,normal.alexa,0
nthdegreehair.com,normal.alexa,0
blyqbyplaywobb.com,dga.banjori,1
cuestionentrerriana.com.ar,normal.alexa,0
ezziy145cxy5wfyw06hddq2.net,,1
xopom.com,normal.alexa,0
tsmjv.com,normal.alexa,0
abogados-informaticos.es,normal.alexa,0
trethovn.net,normal.alexa,0
deportereyydereyes.cl,normal.alexa,0
gq7kmmuqqp5m6j4h.com,,1
n733787c470c9fdffa2ea9489a98ee48f3.in,,1
pratagy.com.br,normal.alexa,0
photoventure.com,normal.alexa,0
pnnoerpxolhkptiustko.eu,,1
imagesalbum.blogsky.com,normal.alexa,0
borodatyh.net,normal.alexa,0
mghappy.com,normal.alexa,0
edreams.pt,normal.alexa,0
qnits.ru,normal.alexa,0
uxitijih.com,,1
xczlkbrwprqcvovolrscknlnnrwgkjt.biz,,1
datametrix.no,normal.alexa,0
convertisseur-youtube.com,normal.alexa,0
edaobnbcfbdbbfem.cc,,1
freewebmonitoring.com,normal.alexa,0
jysk.ca,normal.alexa,0
foqoqakenibo.ddns.net,,1
ptzhdeurwmcqyturtbyp.info,,1
alvinailey.org,normal.alexa,0
dpczjcgazyvfe.com,,1
g8yx7vc8qfepgrm.ddns.net,,1
sms-pronti.com,normal.alexa,0
pearmagazine.com,normal.alexa,0
1nz7u9ft245f1a9rshv1ue6yo3.net,,1
hbkslt1.com,normal.alexa,0
en-hyouban.com,normal.alexa,0
m4upyfi0yjibs8y.ddns.net,,1
brewiarz.pl,normal.alexa,0
qwltererwyatanb.com,,1
sevenbank.co.jp,normal.alexa,0
ijustine.com,normal.alexa,0
fetchr.us,normal.alexa,0
gbweightlossweb.com,normal.alexa,0
baidutube.com,normal.alexa,0
shukatsu-mirai.com,normal.alexa,0
bizspring.co.kr,normal.alexa,0
40b8bfb02efab4e844df65554c803c4a.org,,1
ghworkstation.com,normal.alexa,0
steampoker.com,normal.alexa,0
batgzpvcylpxhizxpjdqvgdyjntam.biz,,1
d6hfr1vw47zaz8k7at.com,,1
comedogging.com,normal.alexa,0
mfbalfbddlbmllff.info,,1
mdqwotiwmtya.com,,1
xspicyworld.net,normal.alexa,0
bellsplitsellsitetunewise.com,,1
hanielas.com,normal.alexa,0
e270m4cputepahu.ddns.net,,1
ackeoixabjn5.com,,1
abdullahgul.gen.tr,normal.alexa,0
english-e-reader.net,normal.alexa,0
1if4s02zrkcdbopdo9q85nh1r.com,,1
iuegqwqayyciqowe.org,,1
paykasa.com,normal.alexa,0
variouskraft.com,normal.alexa,0
blackfriday2015-deals.com,normal.alexa,0
astrodata.bg,normal.alexa,0
pmzlyoesekeqytc.com,,1
milletvekili.tv,normal.alexa,0
clickbankguide.com,normal.alexa,0
finansemble.fr,normal.alexa,0
politischios.gr,normal.alexa,0
7ull.com,normal.alexa,0
psychonomic.org,normal.alexa,0
fairstars.com,normal.alexa,0
cayzmqn.ws,,1
fabrykakluczy.pl,normal.alexa,0
intowm.ru,normal.alexa,0
unode50.com,normal.alexa,0
mpbcjenimwqxpqucb.pw,,1
mzztvxfjsbkocnbn89.com,,1
bleoladbddndadom.website,,1
rrnayr.biz,,1
vpoxod.ru,normal.alexa,0
jqzgtcni.ru,,1
hhnmymqofqqmymt.com,,1
1o3palof6cjnp5b53i317lc271.org,,1
simcity.su,normal.alexa,0
veber.ru,normal.alexa,0
camwzffgqhckviufup.com,,1
fc-terek.ru,normal.alexa,0
multidata.dk,normal.alexa,0
wemakedancemusic.com,normal.alexa,0
policy.hu,normal.alexa,0
neyjkjkvrv.net,,1
uaba679e5bf0979b15bce8e77c34b9796d.to,,1
gearfirehub.com,normal.alexa,0
lucpiznydptcpnzuovxeawc.ru,,1
vzajnhq.com,,1
tqwaksxugf.com,,1
journaldugamer.com,normal.alexa,0
vngcbdpkvcepmfwkbbdueap.com,,1
ecccad77e48050f5b098103247bcb0584a.to,,1
15zkct71ou2q1dcsynag1bqjtl.biz,,1
nomoi.info,normal.alexa,0
duidea.com,normal.alexa,0
rcdfiozbrctclkobprtrgaq.ru,,1
vgiljfnesdxuw.tj,,1
fubglmaevsa.com,,1
e5d393783957995079cf4f1893e38773.info,,1
vivkdugaebxjgei.org,,1
uimbljhqqpt.dyndns.org,,1
shmntslnzorustsji.biz,,1
cyztazrmtsk.mooo.com,,1
parsj.net,normal.alexa,0
vhkintjtksyxgjrzz.net,,1
jhjndtrjdca.yi.org,,1
spsrkbgp.org,,1
watzijzegt.com,normal.alexa,0
concours-poitrines.blogspot.fr,normal.alexa,0
kesgacyac.kz,,1
iaczhgzsiil.info,,1
mycueiuooqkscgqs.org,,1
bsqimpng.info,,1
aswdxjswoeoti.com,,1
rqdinmt.top,,1
rwrqksvio.biz,,1
gqddancorml.com,,1
luerzerhof.at,normal.alexa,0
gupcmuase.su,,1
onf.fr,normal.alexa,0
nponqmf.cc,dga.conficker,1
mainstreet.com,normal.alexa,0
hvdz2xhoqi7bdupeez.com,dga.rovnix,1
chatcity.de,normal.alexa,0
happynewyear2016images-s.com,normal.alexa,0
rypocalo.info,,1
lieferprofi.de,normal.alexa,0
poroshenkogitler.com,,1
pjnbgnwavqyj3gwgi51dm4swa.net,dga.gameover,1
koretame.com,normal.alexa,0
wou.edu.my,normal.alexa,0
nokati.net,normal.alexa,0
toonsup.de,normal.alexa,0
bqeademgyukzzltemyhnfroayyx.ru,,1
hspxxolenmlh.com,dga.tinba,1
sagadating.co.uk,normal.alexa,0
hgtxotccebulht.in,,1
3m4a9f0a5n5ng9k4.ru,,1
tycotcrracing.com,normal.alexa,0
dafgeimi.ru,,1
copyhousepress.com,normal.alexa,0
arnaque-telephone.com,normal.alexa,0
fakmaanoaabfomcn.com,,1
ysdxleasuredehydratorysagp.com,dga.banjori,1
center4gaming.org,normal.alexa,0
biodiversidadvirtual.org,normal.alexa,0
nazemsara.com,normal.alexa,0
uwlieaeux.net,,1
geoexpat.com,normal.alexa,0
febbcje.eu,,1
mfcclub.info,normal.alexa,0
waitomo.com,normal.alexa,0
xkkjuwirpvdirijlxkvlnushijv.net,,1
yfb4otqvj38j2tknmp.com,,1
doodtiuxl.ddns.net,,1
refrago.de,normal.alexa,0
zn6vyltycgqxmz4ole.cn,,1
ceaebcdbmecdecmn.online,,1
work-in-development.com,normal.alexa,0
digitalkoshikaworld.com,normal.alexa,0
rwjazota.ru,,1
sociosbogota.com,normal.alexa,0
corridacuprumteleton.cl,normal.alexa,0
apollohq.com,normal.alexa,0
366club.com,normal.alexa,0
hiburdunia.com,normal.alexa,0
kggupxoyziss.net,,1
hihldzsnhidbyoscdq.com,,1
oaauuaccemum.org,,1
ciwkvptmdxdbsribv.tw,,1
ctfspayments.com,normal.alexa,0
rcsqusvhbwsihdks.info,dga.murofet,1
chillweek.com,normal.alexa,0
pizzakinghadfield.co.uk,normal.alexa,0
llebuohypltird87.com,,1
seferberlik.gov.az,normal.alexa,0
dope.com,normal.alexa,0
weidongli.co,normal.alexa,0
itmsaktabqwwryg.ru,,1
loquo.com,normal.alexa,0
galussothemes.com,normal.alexa,0
nvworld.ru,normal.alexa,0
perthbiketours.com.au,normal.alexa,0
bulimia.com,normal.alexa,0
daveandbusters.com,normal.alexa,0
lkdjwlw.info,,1
hnpasikathrinezad.com,,1
kebelcfnekancnac.online,,1
statusuncle.com,normal.alexa,0
etlaeq.com,,1
ayurvedagram.com,normal.alexa,0
g12cb31f2aca776f84443a555cde6568e5.to,,1
0eaa7cc59a5ea068598de6656c95c1a5.org,,1
inopony.pl,normal.alexa,0
f49yvsta7s92.com,,1
etuoqsdsholapet.cc,,1
graphberry.com,normal.alexa,0
carglscoating.com,normal.alexa,0
overwolf.com,normal.alexa,0
sellerator.com,normal.alexa,0
vilvaqid.ru,dga.pushdo,1
ifaucet.xyz,normal.alexa,0
simpledeveloper.com,normal.alexa,0
v88376au1xfr46cw8x.net,,1
memoryrate.com,normal.alexa,0
ns1.backdates2.info,,1
fastpiratebay.co.uk,normal.alexa,0
ns1.dnsfor3.com,,1
profit-flowers.com,normal.alexa,0
glqrdjly.sc,,1
u8uj38ovyvo6glirypu.ddns.net,,1
ziptuning.nl,normal.alexa,0
xfdvisu.dyndns.org,,1
knowpeace.net,,1
cross-link.biz,normal.alexa,0
mashmell.com,normal.alexa,0
vitabay.net,normal.alexa,0
4zaw8p1wf510b16nijnu1qpyf9i.net,,1
dpemeimopth.com,dga.conficker,1
playvk.com,normal.alexa,0
osakadomecity-aeonmall.com,normal.alexa,0
9f3cc25a9109dd1a85c035c9d72c6d3e.info,,1
ahuva.com,normal.alexa,0
raft25.ir,normal.alexa,0
hapodih.info,,1
64p15y6yo1aizum61o.ru,dga.rovnix,1
toulwebvrmzgeaovs.net,,1
pay-click.ru,normal.alexa,0
cexuqgeoya.net,,1
autodata-online.net,normal.alexa,0
blogsdelagente.com,normal.alexa,0
hzuyeg.net,,1
sqcdrf.net,,1
mymeubledeco.com,normal.alexa,0
mokshayoga.ca,normal.alexa,0
furtextkani.ru,normal.alexa,0
chery-club.ru,normal.alexa,0
heakabok.ru,,1
iqhbyacfnea.com,,1
enrehetrtgcbsjfd.eu,,1
qqvulwhfthb.net,,1
exploreretdotn.net,,1
bolkpmvjzfd.net,,1
gymkmmiq.biz,,1
8az6u5dq4sw5cl3h.info,,1
jgjvgfetpammdrxwn.com,,1
porn1xa.net,normal.alexa,0
bmskfammfxtgelbqkgetmftcin.ru,,1
undnsraoh.pl,,1
kanal46.com,normal.alexa,0
busydoor.co,normal.alexa,0
axsdargzghk.ru,,1
6thhosp.com,normal.alexa,0
neafolat.ru,,1
phxorovwsjekj.com,dga.ramnit,1
bmychechenihug.com,,1
drkbmzrt.ru,normal.alexa,0
independent.md,normal.alexa,0
findgr.net,normal.alexa,0
ovhjvugsp5ital6e.org,,1
hotsexyindiangirls.com,normal.alexa,0
dmjyuiiyvtvyxlliwrw.info,,1
yfehvjwlridcml.info,,1
ielqepictom.com,dga.banjori,1
rqeaipd.info,,1
animalwelfaresociety.org,normal.alexa,0
z5pib1gtnizhb8y1k3.com,,1
study-well.tumblr.com,normal.alexa,0
toxobmiuoxxcdzdmfvcofybu.com,,1
wattsindustries.com,normal.alexa,0
slonskogodka.com,normal.alexa,0
guesthousemago.com,normal.alexa,0
useoftechnology.com,normal.alexa,0
kunyntz.info,,1
dcvgyyr.info,,1
forexsignalsmarket.blogspot.gr,normal.alexa,0
fightbatnurseclubdreamlip.com,,1
masmusic.net,normal.alexa,0
arabgaqomuuba.ddns.net,dga.symmi,1
idea-webtools.com,normal.alexa,0
vvokujgwvpwtddr.com,,1
kbqdamgymnhpwckf.info,,1
adventz.com,normal.alexa,0
beauties-in-bondage.com,normal.alexa,0
etkyhyogcsonkj.pw,,1
bluesnews.ru,normal.alexa,0
lhm.org,normal.alexa,0
afutnm.com,,1
weblog-deluxe.de,normal.alexa,0
bdfwrfsexcmch.com,,1
witze-charts.de,normal.alexa,0
usslotcasino.com,normal.alexa,0
5candiesaweek.com,normal.alexa,0
9l4s399ls3jvd.net,,1
amitiedesfrancaises.com,normal.alexa,0
ogemvu.com,,1
kggvyrusylmigrdy.eu,,1
mullenlowelintas.in,normal.alexa,0
refme.com,normal.alexa,0
dna.com,normal.alexa,0
dxpryfmvgnyiprp.org,,1
hkdglcxafs.ru,,1
link2.in,normal.alexa,0
thosegoodbye.net,,1
marqueelasvegas.com,normal.alexa,0
icpesowoakxaoqu.ddns.net,,1
59zk6wv1k94k1amjwfl1lr7j8i.org,,1
mebualoxdeed.ddns.net,,1
mistnews.com,normal.alexa,0
top-koralky.cz,normal.alexa,0
factmedee.com,normal.alexa,0
estudajovem.com.br,normal.alexa,0
leakedcelebs.com,normal.alexa,0
ckomsyme.com,,1
itstartswithcoffee.com,normal.alexa,0
ywcwqakksksgyegg.org,,1
imageretainremaintacklehabit.com,,1
icbyqkydvnltik.in,,1
sglbcexuorwtorrwxmzvcmzcmt.com,,1
rbq4o1vp059hk7d9.org,,1
detik.site,normal.alexa,0
used.ws,normal.alexa,0
daobcnqwefamhdfcs.com,,1
arab.st,normal.alexa,0
130mnz2ozszdmmo5v6o10rcjj6.net,dga.post,1
ueznenhancedysb.com,dga.banjori,1
1r87kps4fsx2i1l3hvlg14r4slf.com,,1
mycollegepath.com,normal.alexa,0
kurara-5353.jp,normal.alexa,0
taspo.de,normal.alexa,0
trafficsolute.com,normal.alexa,0
nffmkihyykgkcyqqto.com,,1
amountwagon.net,,1
ohe.com.br,normal.alexa,0
oyrcenhancedysb.com,dga.banjori,1
thenthousand.ru,,1
nigeriaembassyusa.org,normal.alexa,0
neemboreadvueto.ddns.net,,1
rmfkxyoelbbpokia.eu,,1
itcarlow.ie,normal.alexa,0
seovizit.0fees.net,normal.alexa,0
holzjob.eu,normal.alexa,0
f2cdfd94415db435853381dc9b0ae5ea.info,,1
crossroadsrv.com,normal.alexa,0
1u6s1bs1l2dkm8dpf90j2ig8xi.biz,,1
redebeta.com,normal.alexa,0
usuoamsmmemkgqyi.org,,1
mbzsyizjdgb.net,,1
gys0gd1ufsula1u1opw01b3tamy.org,,1
beezid.com,normal.alexa,0
cambro.com,normal.alexa,0
bowflexmaxtrainer.com,normal.alexa,0
zeytooni.com,normal.alexa,0
edit-place.fr,normal.alexa,0
chusty.info,normal.alexa,0
redotntexeplor.info,,1
alencorp.com,normal.alexa,0
slava.su,normal.alexa,0
ns1.dnsfor6.com,,1
lmbblcclmofabcob.de,,1
olkfglw.top,,1
linkedinfluence.com,normal.alexa,0
aalphayellowcab.com,normal.alexa,0
linkengpark.com,normal.alexa,0
ednything.com,normal.alexa,0
soqeiqkwwsyiosec.org,,1
shelbystore.com,normal.alexa,0
paygateway.com,normal.alexa,0
87e7e4afb727ee422f7eccef7466d0ba.cz.cc,,1
budgetmail.eu,normal.alexa,0
greatscores.com,normal.alexa,0
tyreonwheels.com,normal.alexa,0
dezdlwkeqkromzlvmyt.ru,,1
grhzedeqzv.dyndns.org,,1
sekitei.com,normal.alexa,0
eucuua.com,,1
inspire21.com,normal.alexa,0
mdcxekegawss.xyz,,1
laflor.mx,normal.alexa,0
sq4gfer1mgj3w.com,,1
anblik.com,normal.alexa,0
newpost.ge,normal.alexa,0
h2f7bf76f5a6845eaeda83a884fb25fb8f.ws,,1
markable.in,normal.alexa,0
inventorylab.com,normal.alexa,0
ulolwiohfaduat.ddns.net,,1
jbxtibwgiflfhqswtweathasoylga.com,,1
etadobeflasghplayer.net,,1
revcolanest.com.co,normal.alexa,0
elbadrmobiletrading.com,normal.alexa,0
wluegkksqjb.com,,1
m8c67d2a19c817d072e2a24bcf00f1b97d.cc,,1
tritty.com,normal.alexa,0
jumpfruit.net,,1
aadharcard.biz,normal.alexa,0
wensoni.com,normal.alexa,0
techstorm.tv,normal.alexa,0
wupptphuvmfw.xyz,,1
timebox.jp,normal.alexa,0
npjlrzkchbuxwswdo.net,,1
dmdnddeaelkdfclk.com,,1
aeqnzzlryxzytpojkfbihjfa.ru,,1
qiviovrzmsrnqn.org,dga.murofet,1
xemdyyznrx.net,,1
3fei.cn,normal.alexa,0
utsu.jp,normal.alexa,0
fuckyoungsex.com,normal.alexa,0
hotelrafayel.com,normal.alexa,0
hindbuy.com,normal.alexa,0
dailyhamdard.com,normal.alexa,0
pipingguide.net,normal.alexa,0
earnmoneyplan.biz,normal.alexa,0
afmdctqs.ru,,1
1n1lg87xu43rotwdiho.ddns.net,,1
xmdrmkv.tj,dga.necurs,1
visualisingdata.com,normal.alexa,0
hvlvestnessbiophysicalohax.com,,1
nupekirv.ru,dga.pushdo,1
deallx-shopping.de,normal.alexa,0
alljsscript.com,normal.bambenek,0
ijqjjozeukmlowijx.info,,1
strangeboard.net,,1
q0188b6865974c4b88f6babcf5a823a0e0.to,,1
uwlwfl.com,,1
suvujhhsgcbf.com,,1
kbfaadeblfoacmba.eu,,1
wediacorp.com,normal.alexa,0
lrp.com.tw,normal.alexa,0
hojupban.ru,,1
numbersusa.org,normal.alexa,0
sneakerb0b.de,normal.alexa,0
jimmyspices.co.uk,normal.alexa,0
almayageldim.com,normal.alexa,0
santeecooper.com,normal.alexa,0
4ling5qf4tab.com,,1
zjxtsyendjuexeqsbq.com,,1
fyfvkwk.info,,1
j05f85169a6344c0e3ce82933ba3bab2a5.cn,,1
obuwcaogxiitcu.ddns.net,,1
mattfast1.com,normal.alexa,0
wvxkxwxojtwgbtuvh.org,,1
pv-tech.org,normal.alexa,0
katalogturbaz.ru,normal.alexa,0
triobest.com,normal.alexa,0
iofcbzpvfh.com,,1
couponsdaily.com,normal.alexa,0
1pj9gbm1ormr1hxbslc748dvao.com,dga.post,1
13em8zj1vw3xi486x2dyb49r53.com,,1
xjbdxczikbupzkigr.net,,1
36683.com,normal.alexa,0
muvwellefrictionlessv.com,dga.banjori,1
septemberrule.net,dga.suppobox,1
aacqsatformalisticirekb.com,dga.banjori,1
sotovik95.ru,normal.alexa,0
dyyiktwsrbss.biz,,1
ctwacademy.com,normal.alexa,0
all4syria.info,normal.alexa,0
logicawebmaster.com,normal.alexa,0
masushin.co.jp,normal.alexa,0
kxwjpulituflyygc8v.com,,1
fxstpki.net,,1
2vdudjhpg3jalcxi.cn,,1
lrjnbahjfgeozqrwskqpcmhjt.ru,,1
contentforever.com,normal.alexa,0
tuhijicc.ru,,1
aeywr1pn57t4eo3cfc.biz,,1
government-fleet.com,normal.alexa,0
axdfgssatdqhapyc.com,dga.ramnit,1
jktwrhzvjv.org,dga.nymaim,1
hotelsbonus.com,normal.alexa,0
firmaxx.de,normal.alexa,0
mfyhtxlnbmlnifwceynjmjbucimboj.ru,,1
1w0oxo3y3mk47ts4va1g8930o.net,,1
alrqg45rkbd.com,,1
5znvzplogr5touduw21th28r1.com,,1
le-codepostal.com,normal.alexa,0
suckhoe24g.com,normal.alexa,0
theclearpill.com,normal.alexa,0
btkhwbbniqtpaiwj.com,,1
anunico.cr,normal.alexa,0
igjdubgdtbq.com,,1
qwvjrsensinaix.com,dga.banjori,1
escuelacaninamaya.com,normal.alexa,0
85cd7d7e5e3393f13524d176fc3263de.info,,1
xukvwfibucixcayvkizueutz.ru,,1
cqsxpm.com,normal.alexa,0
totoneko.com,normal.alexa,0
0e0ce3d8275fd0dbde2cac153a0b7a4b.info,,1
horticom.com,normal.alexa,0
17fqo3lwwmhwc1myid7817ynflc.org,,1
htdncxqldtjxzimm.com,,1
kathmandu.com.au,normal.alexa,0
tirpzukfmmimuosj.info,,1
qekunebesere.ddns.net,,1
uxtesting.io,normal.alexa,0
xatitqv.ru,,1
vuhpyrmofq.ws,,1
webnots.com,normal.alexa,0
envoy.co,normal.alexa,0
nifgkdbbwshh.cc,dga.tinba,1
descuentocity.com.pe,normal.alexa,0
emscwmiywqoyaega.org,,1
branchtrustmakereserverelate.com,,1
sdinomics.com,normal.alexa,0
ixravwharxtnbx.com,,1
toing.com.ar,normal.alexa,0
grammarnet.com,normal.alexa,0
63cp2bg5ubsx.com,,1
aeowgr.com,,1
camera-wiki.org,normal.alexa,0
pregnancy-and-childbirth0.blogspot.com.eg,normal.alexa,0
lfpmrfgltxcbexk.info,,1
wgalil.ac.il,normal.alexa,0
sxrforesvmtved.pw,,1
mdgwotiwmtya.org,,1
0fdec06795e06ae9668b3d12fed3c6a1.co.cc,,1
coral.co.uk,normal.alexa,0
eclghvmzj.com,,1
toripo.com,normal.alexa,0
qchngqiklcwkyo.biz,,1
ellustreinamentos.com.br,normal.alexa,0
terretous.com,normal.alexa,0
e6e45l1jatspijg6q81fkr3.ddns.net,,1
adeje.es,normal.alexa,0
globalbank.com.pa,normal.alexa,0
kitchenaid.cz,normal.alexa,0
sxrukek.info,,1
ayergetladobeflashp.co.uk,,1
kinofilm.ge,normal.alexa,0
xuxiqux.info,,1
iwvzoi.com,,1
shinetsu.co.jp,normal.alexa,0
dbdrellefrictionlessv.com,dga.banjori,1
axdoittex.ddns.net,,1
epbakakuen.ddns.net,,1
alltopdownloads.com,normal.alexa,0
jzzebzbpoae.com,,1
cyworld.com,normal.alexa,0
c89fm6vij45zsvcy.ru,,1
medyagunlugu.com,normal.alexa,0
ppttopdfonline.com,normal.alexa,0
elfomoyvpnhttk.com,,1
nstar.com,normal.alexa,0
tbvbvkfnkhkl.ru,,1
cherokee.tmall.com,normal.alexa,0
fbhtjgvodpmuma.cc,,1
elbolardo.com,normal.alexa,0
socialyou.es,normal.alexa,0
sudmaroc-hotel-terrassedesdelices.com,normal.alexa,0
qtnjejeiaufep.com,dga.ramnit,1
umkcoauiyl.com,,1
textileplaza.com.ua,normal.alexa,0
tqmzfawjehfhx.net,,1
dyrgripen.se,normal.alexa,0
travelway.pl,normal.alexa,0
zmniw1rhu5syeo0fw7rkkawx.net,,1
majuptoq.ru,dga.pushdo,1
cstlwcfcx.net,,1
oorspzliwgbr1v96q6v1uinc5h.com,,1
lyravodezyl.eu,,1
businesxxl.com,normal.alexa,0
integra.cl,normal.alexa,0
adspitch.com,normal.alexa,0
baytekin.com.tr,normal.alexa,0
wmanaliz.com,normal.alexa,0
sowhktmnnulg.com,,1
jtsiio.com,,1
upcol.com,normal.alexa,0
pneueu.sk,normal.alexa,0
pmzfizaxd.com,,1
pefw1e7k9ark.com,,1
ujahpajljkhv.info,,1
fdl.co.za,normal.alexa,0
aqgcexgdesoxgtszxlzqknjrp.net,,1
digetapelno3j43j.com,,1
qr3pm6u0i0ulqv3rmdinw4a.ddns.net,,1
ecybjonpaaucm.com,,1
ejgghhxqjbcw.com,dga.tinba,1
jjwaalitydevonianizuwb.com,dga.banjori,1
rcexpedition.sk,normal.alexa,0
expodatabase.de,normal.alexa,0
banomqlr.com,,1
zzrkem.com,,1
dodfjohyact.net,,1
server294.com,normal.alexa,0
posta.com.mx,normal.alexa,0
e70e9c5085eba76d4db35b213284f274.org,,1
1hj5wrj12qf9d5nsxl621npmeb.net,,1
hjdntp.com,,1
afpaliorxhjnfvcj.net,,1
canosgb.com,normal.alexa,0
escortsevgilim.com,normal.alexa,0
lun.ua,normal.alexa,0
k45.ru,normal.alexa,0
bbook.ir,normal.alexa,0
disabiliabili.net,normal.alexa,0
eryfwwyl.com,dga.conficker,1
myshoppingspy.com,normal.alexa,0
pujixog.info,,1
knx.org,normal.alexa,0
dafyzbn.name,,1
yjkwghgomgjhsml0.com,,1
yyobeqhhxndztacvljqpdgev.net,,1
myvolos.net,normal.alexa,0
waskmegxmav.info,,1
printabelle.com,normal.alexa,0
1kaepw41myxrzkypo8hv1oci6ku.org,,1
replacementkeys.co.uk,normal.alexa,0
hcmloedffsrhxid.info,,1
activatethecard.com,normal.alexa,0
cd678pyzshyj.net,,1
ymxyyn.com,,1
prpsms.co.in,normal.alexa,0
evolution-system.com,normal.alexa,0
rechrmaxsuk.net,,1
charmsoflight.com,normal.alexa,0
lkuurvspqpagtto.org,,1
cc.gob.gt,normal.alexa,0
bibcbiivxqfm.com,,1
thescienceofsoil.com,normal.alexa,0
svadfxbfdecsepjg.eu,,1
oyiizovfnwjgxmqlr6.com,,1
xxgsleasuredehydratorysagp.com,dga.banjori,1
misskiri.com,normal.alexa,0
xoyhpcildhxxkusxvwqoztairo.biz,,1
3n2dxf1i49yqo4xguqno6c37p.net,,1
szabosdiamonds.com,normal.alexa,0
haute-savoie.cci.fr,normal.alexa,0
linguee.it,normal.alexa,0
pepcoholdings.com,normal.alexa,0
aspepelota.com,normal.alexa,0
firstgroupplc.com,normal.alexa,0
tanavar.ir,normal.alexa,0
bibleonline.ru,normal.alexa,0
dewkknzbepifwgyhmnttnfbe.ru,,1
john-jacobs.com,normal.alexa,0
rkz.ru,normal.alexa,0
outdalitydevonianizuwb.com,dga.banjori,1
goldmaster.com.tr,normal.alexa,0
jknoixsbmhfvitrg.eu,,1
khkjqxnnwkjb.com,dga.tinba,1
autocadfile.com,normal.alexa,0
wjjtxif.info,,1
annoncesuisse.ch,normal.alexa,0
serietvitalia2050.blogspot.it,normal.alexa,0
uibsvknkuysvu.co.uk,,1
forgetschool.net,,1
fofdkadoeedlnele.net,,1
kindafunnyforums.com,normal.alexa,0
vietsol.net,normal.alexa,0
yhetxuhhioimxuia.eu,,1
iqbclwj.net,,1
squirt.io,normal.alexa,0
groupouter.net,,1
lefbbdaklmabddee.com,,1
alqudseyes.com,normal.alexa,0
tallinna24.ee,normal.alexa,0
porngape.com,normal.alexa,0
yhule81vmbmdg6s.ddns.net,,1
aesop.com,normal.alexa,0
ppn.ie,normal.alexa,0
beuyvcsolwjm.com,,1
repadnet.com,normal.alexa,0
kickdropshop.com,normal.alexa,0
yayyssakagqsgisq.org,,1
splitscreenstudios.com,normal.alexa,0
zpapirdrrb.com,,1
ffbuiologistbikerepil.com,dga.banjori,1
ec08dc57c8911eb909929434ab75a30d3e.to,,1
hqhqxcfw.top,,1
jcku.com,normal.alexa,0
xrymuw.net,,1
decadeinc.com,normal.alexa,0
badkamermarkt.nl,normal.alexa,0
mihpeegtwq.biz,,1
downloadstowerapp.com,normal.alexa,0
gnefqlu.ru,,1
burdickchocolate.com,normal.alexa,0
xdayghdpvjz.com,,1
qpesarxuei.com,,1
borjdental.ir,normal.alexa,0
sarenza.net,normal.alexa,0
yarn.ru,normal.alexa,0
bais.com.tw,normal.alexa,0
crowdvoice.io,normal.alexa,0
benadryl.com,normal.alexa,0
oekotest.de,normal.alexa,0
mlivedrnypkfmpx.pw,,1
mensquest.com,normal.alexa,0
forsmi.ru,normal.alexa,0
ffgdehwyxtph.com,,1
zhyk.ru,normal.alexa,0
qwkjtibwwdledilfijvi.tv,,1
hqpdcwlhpdhmi.org,,1
northstarvitamins.com,normal.alexa,0
oost4u.com,normal.alexa,0
wtcvkdy.ru,,1
damon.fr,normal.alexa,0
kanlux.pl,normal.alexa,0
8dab49qzgt6z.org,,1
8esquevhv5361az3n0aeys17x.com,,1
kamehamefile.com,normal.alexa,0
mtebwfypg.org,,1
plonga.com,normal.alexa,0
egovreach.in,normal.alexa,0
rhoxorcajanunal.com,dga.banjori,1
51.ca,normal.alexa,0
ling47.ru,normal.alexa,0
calstatela.edu,normal.alexa,0
e-canada.cn,normal.alexa,0
3qsrl1ziqnxbxx823dgkvc6l.org,,1
pywbvbu.info,,1
paperplus.co.nz,normal.alexa,0
implementinfluenceworried.com,,1
pw1gkaxihwbddoek.ru,,1
ehcp.net,normal.alexa,0
vkwl4eiqzx4u1wxgajf193ovti.biz,,1
netinternethaber.com,normal.alexa,0
kbvyg9fqnb7dq1tm.info,,1
fearboxinterestedchampion.com,,1
fivrr.com,normal.alexa,0
key.com,normal.alexa,0
qocevgydbidqlrxcqgptwbueilfeqz.net,,1
355557.com,normal.alexa,0
eroledi.com,normal.alexa,0
perlesandco.it,normal.alexa,0
teraokatape.co.jp,normal.alexa,0
xoveihug.ru,,1
maecruxifoeduvt.ddns.net,,1
jovemonline.com.br,normal.alexa,0
8fa34173d9cd2a25940dab840e67041a.cz.cc,,1
8mqg5g1jg9uqj12pscmy1x5rfx0.org,,1
craigmurray.org.uk,normal.alexa,0
sexmob.es,normal.alexa,0
travelindia-guide.com,normal.alexa,0
abecfffdbfekcblf.com,,1
meervoudvan.com,normal.alexa,0
oaapqzlqqs.dynserv.com,,1
1001concursospublicos.com.br,normal.alexa,0
1c21w8bydy0h1c35jergzo1wx.net,,1
downsideup.wiki,normal.alexa,0
gkfevgffxdkl.com,dga.tinba,1
takataka.vn,normal.bambenek,0
ibojvbjpgaumzb.com,,1
rssqlyirmomyqou.info,dga.murofet,1
apknir.gr,normal.alexa,0
elyvatdhitsv.com,,1
septiktermit.ru,normal.alexa,0
b6b1163b2ea4773bf7028c2790d4f8660d.ws,,1
nszpfvyn.com,,1
shoppingdesign.com.tw,normal.alexa,0
bcjgopsjykrq.com,,1
brickinside.com,normal.alexa,0
torichipinis.com,,1
freshmaza.info,normal.alexa,0
tyliqoduceptgrmjqltnbdifu.biz,,1
13aionxwyteuh1s96roz1n2603k.net,,1
teofagarodlaab.ddns.net,,1
ihicbmqt.xyz,,1
kgfhkyfgaqw.ru,,1
turistika.cz,normal.alexa,0
lebork.pl,normal.alexa,0
ladovg.com,normal.alexa,0
mmotxyrlva.info,,1
asksro.ru,normal.alexa,0
laquerida.net,normal.alexa,0
nrw.de,normal.alexa,0
sanqirqa.ru,,1
i6b75fadaa1d4b8f2caf869807b31f255a.to,,1
erotomanblog.tumblr.com,normal.alexa,0
jafozvea.ru,,1
hardwareboost.com,normal.alexa,0
tourtroublewakebetbrainexpand.com,,1
vividsmoke.com,normal.alexa,0
tabrizemodern.blogfa.com,normal.alexa,0
gyyivmrkkyewqjrrlr.com,,1
nhkrlaau.com,,1
argimplus.net,normal.alexa,0
w4wt14odaxklmvit1pu.ddns.net,,1
soudapaz.org,normal.alexa,0
27kxq385mzwd.net,,1
y0y2sjane6gl3fatwra.ddns.net,,1
jzlmyy.com,normal.alexa,0
w9dwd2pnx9.com,,1
huwpbayukukplveicybudxcdm.ru,,1
slyfs.tmall.com,normal.alexa,0
oudrsemitismgavenuteq.com,dga.banjori,1
tescoma-shop.ru,normal.alexa,0
declaranet.gob.mx,normal.alexa,0
xkkatfzbdyu.info,,1
gsjoah3zvsscjk6xj6.biz,dga.rovnix,1
uuhrpwadrzaolz.org,,1
zlcacccqyhshoqycc.net,,1
gnzptl.com,dga.conficker,1
qsifbewtgnjwkgyzpaqvlfwcyd.ru,,1
cashrain.in,normal.alexa,0
ukxqtev.com,,1
qkuacmussseummso.org,,1
jeniceripoj.eu,,1
ihlbyneqybqa.org,,1
supercarros.com,normal.alexa,0
jvgviologistbikerepil.com,dga.banjori,1
hite.me,normal.alexa,0
xaqtvuul.com,,1
knownoise.net,,1
jrfavogtf.org,,1
9mnnoy1b3e4yhtveugyti0uop.net,,1
terreno.pe,normal.alexa,0
memypilkarskie.pl,normal.alexa,0
europedegrees.com,normal.alexa,0
scunci.com,normal.alexa,0
kandian.me,normal.alexa,0
hikariauto.co.jp,normal.alexa,0
oneclick-distribution.com,normal.alexa,0
bedeblfnkcnq.com,,1
lincolnsmilecentre.co.uk,normal.alexa,0
paginaswebenqueretaro.com,normal.alexa,0
xeszqa.com,,1
paradisbio.dk,normal.alexa,0
returnprobable.net,,1
oelkus.biz,,1
vsitury.com.ua,normal.alexa,0
usymftfwkdlx.com,dga.murofet,1
muyseogyesky.org,,1
13bobwb1oiltia130m4tx4advhh.biz,,1
kinogi.net,normal.alexa,0
signatureexploremoveguarantee.com,,1
glnwpizye.dyndns.org,,1
yottos.com,normal.alexa,0
globaljaya.net,normal.alexa,0
xmhrfcmzdc.biz,,1
mio-bimby.it,normal.alexa,0
lgciptlkjgrl.com,,1
winners-road.com,normal.alexa,0
mvcqdycdmhagmhyvkheyteaproln.net,,1
nkgrkvggtgnvbwcrebqv.cm,dga.necurs,1
bfddokffacdcddnn.com,,1
jddivinskycattederifg.com,,1
yousearch.co,normal.alexa,0
nestlehealthscience.it,normal.alexa,0
lifeplanet.co.kr,normal.alexa,0
ofdoobmafdcbcnfk.com,,1
hitta.se,normal.alexa,0
r5jy8k1rw3pc3alor6u1rklbbi.net,,1
hbjknlvijev.net,,1
ikd-co.com,normal.alexa,0
hostti.com,normal.alexa,0
wjcrnnbjsxlt.org,,1
tformers.com,normal.alexa,0
etsmtl.ca,normal.alexa,0
cntour365.com,normal.alexa,0
thepleatedpoppy.com,normal.alexa,0
ywomsmkiwmqk.org,,1
dtbpouycqhbnium.nf,,1
pacathletics.org,normal.alexa,0
sviaprebs.su,dga.locky,1
paravion-online.com,normal.alexa,0
groovygreenlivin.com,normal.alexa,0
canadiandirect.com,normal.alexa,0
kayqer.am,normal.alexa,0
mustdobrisbane.com,normal.alexa,0
acru-shop.net,normal.alexa,0
macuxi.com,normal.alexa,0
ubadkzozej.org,,1
ns1.dnsfor1.info,,1
clip-vip247.com,normal.alexa,0
qqeng.com,normal.alexa,0
allsanaag.com,normal.alexa,0
cvmktrhg.info,,1
stopobamastopusa.com,,1
kmmaoalcaaaocbbn.website,,1
sexjobs.nl,normal.alexa,0
kugnaleo.ru,dga.pushdo,1
g4b49f19c5b3c1u8z0u5v18lbc.biz,,1
softbull.com,normal.alexa,0
xsmhhtctdkvikelygk.com,,1
plantasjen.no,normal.alexa,0
sinttelrio.org.br,normal.alexa,0
temperancekingsley.net,,1
i-visionblog.com,normal.alexa,0
atciwfktatcyoglqv.net,,1
peugeotikinciel.com.tr,normal.alexa,0
ykyynmg.net,,1
gvttfwftnyk.com,,1
relationchallengenamepray.com,,1
wh96.de,normal.alexa,0
oe9sik2ytp2u1uo2dd51hfdhl1.net,,1
hannoush.com,normal.alexa,0
dhjaarrbpxfnglbc.eu,,1
qhqavbm6wnob3mu4w6.ru,,1
srcjzfakjtdahlvhjnlhztrl.info,,1
yevxijrkweizpocay.net,,1
hlanders.fr,normal.alexa,0
vowuqykecij.eu,,1
nzsearch.co.nz,normal.alexa,0
n-alqmr.com,normal.alexa,0
foykngvnlnsxf.net,,1
wqttigqhpgdf.in,,1
tfabdb9896be6c0a16978ad327741eed73.so,,1
offinet.com,normal.alexa,0
1l9dsr61ygmyvjvk2md31283v5r.com,,1
halaqah.net,normal.alexa,0
bet-mate.co,normal.alexa,0
strategie.net.pl,normal.alexa,0
putupmu.info,,1
yihaodayaofang.tmall.com,normal.alexa,0
scgeaiozgyrwmbonhipzkrleqwl.com,,1
rivtutkuc.com,dga.ramnit,1
digitaltriggers.io,normal.alexa,0
i1nfglaexdv5unn.net,,1
jasonrudolph.com,normal.alexa,0
hxiwupwmcezqutijl.net,,1
rnykmgrjysxrqair.info,,1
rbhsound.com,normal.alexa,0
1ljpmzt1xc3p9d1mm7xx41v60hbf.biz,,1
wjymfseahywfun.tw,,1
risolsoeg.com,,1
librasbr.com,normal.alexa,0
dretec.co.jp,normal.alexa,0
indomaret.co.id,normal.alexa,0
mybtechlife.com,normal.alexa,0
geekng.com,normal.alexa,0
construtoraforte.com.br,normal.alexa,0
egygsbp3e4jo3.net,,1
tqgpuoawlofw.ru,,1
hykbdijdrmnthewggmvgfei.ru,,1
mabavim.info,,1
ns1.dnsfor12.org,,1
obdeflashplayergeta.net,,1
mokivezi.lt,normal.alexa,0
ulafmhyda.org,,1
ref-cehoo.net,normal.alexa,0
fyqrucqyheoegbeu.com,,1
iwasaki.co.jp,normal.alexa,0
web-wise-wizard.com,normal.alexa,0
fullhd.pl,normal.alexa,0
heanafgo.ru,dga.pushdo,1
khadamatshahri.com,normal.alexa,0
mandingoniggas.tumblr.com,normal.alexa,0
mkto-f0160.com,normal.alexa,0
mtpykpjtmklpmm.ru,,1
xycuyv.cc,dga.conficker,1
dollarstore.com,normal.alexa,0
xtrrkkrrhneqpxwk.org,,1
mfilomeno.com,normal.alexa,0
rockdesign.com,normal.alexa,0
spyprice.com,normal.alexa,0
kknmeobccbfeaanf.com,,1
otelo.fr,normal.alexa,0
cars24.com,normal.alexa,0
opentran.net,normal.alexa,0
seoserviceslosangeles.com,normal.alexa,0
bdebfcnomabdclmf.co.uk,,1
foxinet.ru,normal.alexa,0
twvwdqspntkmvduwbyzlovknwkzltc.ru,,1
exitorganizereflectsmart.com,,1
lite-on.co.jp,normal.alexa,0
ofmmlu.com,,1
3littlemeow.com,normal.alexa,0
coveritlive.com,normal.alexa,0
materialdeescalada.com,normal.alexa,0
cmchrc.ac.in,normal.alexa,0
c0sdkj74c4idkly4mpw.ddns.net,,1
savsbkls.org,,1
upjaupudk.net,,1
satinjayde.org,normal.alexa,0
demandwalkadmirelayerschedule.com,,1
4murs.com,normal.alexa,0
sxelwecguoidrbasdous.org,dga.qakbot,1
dicct.cc,normal.alexa,0
piouteqd.net,,1
ask4direct.com,normal.alexa,0
pour-le-web.com,normal.alexa,0
bzcrgfdoee.com,,1
sur3k9us1u.net,,1
qqsqkvknljwyprsx.net,,1
beinipat.ru,,1
vgsczpkvobpjjvifbyeylrhxgup.ru,,1
ex.com.ua,normal.alexa,0
jzobqs.org,,1
1irtmj0hbb3wn5g2g2c18dxcst.biz,,1
defuse.ca,normal.alexa,0
uc.cl,normal.alexa,0
alwaysriding.co.uk,normal.alexa,0
bestbyte.hu,normal.alexa,0
rwwkp8dk5nrpzuld.biz,,1
a4a4yibumbza.net,,1
ynolck.com,,1
rosalind.info,normal.alexa,0
fuwixemum.ddns.net,,1
duyhtorwgqhkrhthcbmrstcnvd.net,,1
postherefree.com,normal.alexa,0
phow.ir,normal.alexa,0
eoybvc1mvsjl1q3npoex8gkip.com,,1
lsrqqhopujid.com,,1
deyymvqqahuewhpq.com,,1
ytof5lchi6wver5.ddns.net,,1
igpxojrqln.com,,1
fgjsreqrlua.eu,,1
oldgods.net,normal.alexa,0
patrickdorn.com,normal.alexa,0
ns1.dnsfor15.info,,1
pupiwopexof.eu,,1
mdmwotiwmtya.org,,1
1cw4c68j5cuqrqetaofyfpysr.net,,1
cpfitaliaforum.it,normal.alexa,0
eieqquweymcu.com,,1
vetdepot.com,normal.alexa,0
aesqcieiissicuco.org,dga.ramdo,1
picturk.com,normal.alexa,0
cavediver.net,normal.alexa,0
aw99.com,normal.alexa,0
aoyamatokei.com,normal.alexa,0
farglory-realty.com.tw,normal.alexa,0
ontwerps.nl,normal.alexa,0
tofiafuss.ddns.net,,1
newage-global.com,normal.alexa,0
xplbihgmxwty.org,dga.qakbot,1
hsbc.com.ph,normal.alexa,0
uncledoesseeksuntoweryard.com,,1
bloombiz.com,normal.alexa,0
feeyun.com,normal.bambenek,0
faboverforty.com,normal.alexa,0
cssmfrxpxpquvmal.com,,1
pmyddiicql.com,,1
fsrzpr622tqoz1i5.ru,,1
xiexgxqhsfmatqqprxry.tj,dga.necurs,1
mherrera.org,normal.alexa,0
otsptsjdadujcb.com,,1
oliviart-gr.blogspot.gr,normal.alexa,0
1e0p3qh10b1u236h5641qlba1g.net,,1
1woo0b7ljg1fk1tnp7hzkhnnbe.net,dga.post,1
atcloudspeakers.co.uk,normal.alexa,0
nethd.org,normal.alexa,0
ktph.com.sg,normal.alexa,0
shangpinyinhua.tmall.com,normal.alexa,0
spotabusiness.com,normal.alexa,0
veteranstodaymoney.com,normal.alexa,0
guppy.nl,normal.alexa,0
fomukokr.ru,,1
jgcbbjjugqpibepy.com,,1
anknibifed.com,,1
bedevrvyvglt.in,dga.tinba,1
af-next.com,normal.alexa,0
osbjgjqkasijccv.net,,1
eturabian.com,normal.alexa,0
buscacliente.com.br,normal.alexa,0
tpyssw.com,normal.alexa,0
kljcnjpaghgfkf.la,,1
padarnalad.wix.com,normal.alexa,0
torrentoon.com,normal.alexa,0
tubediego.com,normal.alexa,0
e5d393783957995079cf4f1893e38773.org,,1
murray.wa.gov.au,normal.alexa,0
rf-lenta.ru,normal.alexa,0
oxentaev.ddns.net,,1
templatevisual.com,normal.alexa,0
coalliance.org,normal.alexa,0
qanonnet.net,normal.alexa,0
ccujmfqyjsot.net,dga.tinba,1
tohrwwfox.org,,1
traveltechnologyeurope.com,normal.alexa,0
forseti.net.pl,normal.alexa,0
managementboek.nl,normal.alexa,0
daljomijjesmo.co,dga.necurs,1
muz-online.ru,normal.alexa,0
terrymerry.com,,1
laziodisu.it,normal.alexa,0
gesundheit-aktuell.de,normal.alexa,0
youtub.pk,normal.alexa,0
omsty.com,normal.alexa,0
survie.org,normal.alexa,0
tlnjaihmbqqx.org,,1
sofumea.se,normal.alexa,0
uclouvain.be,normal.alexa,0
34grghct1pk830spsnc.ddns.net,,1
oljouqw.dynserv.com,,1
x3fg1f1a2paua1kzb5ba17srlbo.com,dga.post,1
shokuikuclub.jp,normal.alexa,0
sports.kz,normal.alexa,0
kxosglflqlxfxsnxclf.in,,1
7oteng5enwda.org,,1
bjiajia.com,normal.alexa,0
1qo3zu77bdeqyum4a10qqn5ox.net,dga.post,1
yrorcdahut.com,,1
jyih47dpeys70ats.org,,1
ofwguide.com,normal.alexa,0
oneworld.org,normal.alexa,0
jumaduvi.ru,,1
cmoprxtyjlnxhhs.com,,1
windows10drivers.org,normal.alexa,0
kiqalzjkk.info,,1
bzslrw.net,,1
vsgokmlqkdoodx.org,,1
fullscreenweather.com,normal.bambenek,0
wallbedsbywilding.com,normal.alexa,0
1vlr6yhj3phn61uvar9i1ba1yfs.com,dga.post,1
qfxadvaxwvejnvsq.eu,,1
electricshopping.com,normal.alexa,0
ns1.dnsfor7.com,,1
vlaanderen.be,normal.alexa,0
gmkhtqdrlwfa.ru,dga.cryptolocker,1
icligz1yvaj8e4t8jbn17efv1b.net,,1
nklwotlvqfjznxy.com,,1
historytheinterestingbits.com,normal.alexa,0
williams-syndrome.org,normal.alexa,0
ptseo.pt,normal.alexa,0
azathuseyin.com,normal.alexa,0
uuguew.org,,1
freefootylive.net,normal.alexa,0
heouvcgkhuf.net,,1
rkjnqkytgqpzljrspzydtibpv.ru,,1
bodypak.pl,normal.alexa,0
vqhgvulsssbm.net,,1
yadlidablyhoosieraw.com,,1
miniwebtool.com,normal.alexa,0
gtpioobhtybknc.com,,1
pilcafsu.ru,dga.pushdo,1
pornhd.com,normal.alexa,0
xlnclegalservices.com,normal.alexa,0
historicacanada.ca,normal.alexa,0
iuvkqizg.net,,1
dvxqzgkvvanrkdcjy.net,,1
stone.az,normal.alexa,0
dubladotorrent.com,normal.alexa,0
vfhdrwzixqzmsfdg.com,,1
cgland.com,normal.alexa,0
uxbilmkdbqlgh.co.uk,dga.cryptolocker,1
ofaeooadobdakfae.net,,1
seattleschild.com,normal.alexa,0
vodanox6fotu.org,,1
zitkdsnmt.info,,1
myjrrt2saw6kzvunsc1dfqely.com,,1
okabayasi.co.jp,normal.alexa,0
kijxkoqhibpe.net,dga.cryptolocker,1
16so8o51jq66pbhzuu30ogvewe.net,,1
qakoeeme.org,,1
88s15wu7fhci1dtql871jt182m.com,,1
ydce.com,normal.alexa,0
e6319ea9a140cd752712d1337ff545f3.co.cc,,1
etmafwc.eu,,1
clerkassociatelostspotslice.com,dga.matsnu,1
sgksgfr.bz,dga.necurs,1
seimeffects.com,normal.alexa,0
uhecp1ftjah499.net,dga.shiotob/urlzone/bebloh,1
otodata.com,normal.alexa,0
caymywiugkeq.info,,1
netedgetechnology.com,normal.alexa,0
bkpqzndkb.org,,1
moviehere.net,normal.alexa,0
magdalenetatyanna.net,,1
courts.com.my,normal.alexa,0
vssbjroy.kz,,1
sx5t3p10k8etytk4gjcb3rg.ddns.net,,1
ogicmarmwgeyrxrxppnffis.com,,1
l1147tpa6nm6rpeh8t.ru,,1
sdslwped1n76al563lo4u27.ddns.net,,1
nktnwopronhitzxm.biz,,1
ctec.org,normal.alexa,0
slimfy.com,normal.alexa,0
tieqing.com,normal.alexa,0
advertsdata.com,normal.alexa,0
parallaxindecision.com,normal.alexa,0
adviseonly.com,normal.alexa,0
melyumzyzhr.info,,1
videostudiopro.com,normal.alexa,0
mpobtvu.info,,1
wikfxueoya.biz,,1
covetfashion.com,normal.alexa,0
onbrazzers.com,normal.alexa,0
ahmetkaymaz.com,normal.alexa,0
nebraskalegislature.gov,normal.alexa,0
miplo.pl,normal.alexa,0
2ndrun.tv,normal.alexa,0
liysdhgnsjugysa.com,,1
tpsapfir.ru,normal.alexa,0
chd.edu.cn,normal.alexa,0
bigfishgames.nl,normal.alexa,0
likeca.com,normal.alexa,0
xcaginuedvljem.net,,1
mwdcmbyqeoh.info,,1
amerijet.com,normal.alexa,0
jedidefender.com,normal.alexa,0
am.com,normal.alexa,0
uokkbrfdcfi.tw,,1
n2bm.net,normal.alexa,0
nr3mccxjmrglc6jset.biz,,1
mxamtbqgtrdhpfcx.eu,,1
kose.tmall.com,normal.alexa,0
newestcarmodels.com,normal.alexa,0
7d6e1b8c8c5898af61796ccfe958aae8.cz.cc,,1
oelny1iqrkur6ozyoq.biz,dga.rovnix,1
pewsitter.com,normal.alexa,0
hokke.co.jp,normal.alexa,0
lockheedmartin.co.uk,normal.alexa,0
magnotiler.com,normal.alexa,0
cirugiaesteticamendez.com,normal.alexa,0
bhukkadpanti.com,normal.alexa,0
h5qwqw1juh061wmla2bt3q71g.net,,1
rznupartbulkyf.com,,1
mapsplugin.com,normal.alexa,0
iowarealtors.com,normal.alexa,0
emailysis.com,normal.alexa,0
edotnrtexplore.info,,1
jxserver.net,normal.alexa,0
t85dci16cvw6vqf9agq1hzfgpr.net,,1
deltacredit.ru,normal.alexa,0
jvzlsmzxprmgjmkq.com,,1
hemevvyxtssv.com,,1
b-association.com,normal.alexa,0
1fwhcnm8gtylolkvmn3fu07.ddns.net,,1
megabank.com.tw,normal.alexa,0
1wiy1661rbtq9ctcepfks5eoec.com,,1
gaomi.tv,normal.alexa,0
ellorascave.com,normal.alexa,0
ustbpgueriojeuapapco.mx,,1
e4bdd9d124e07aeccf6ffe515d0f2163.cz.cc,,1
8p2j4puz4h6v.net,,1
inypztjbjbpvptlbamxvwhji.ru,,1
julklappstipshan.se,normal.alexa,0
p1fcu.org,normal.alexa,0
learnflex.net,normal.alexa,0
callture.net,normal.alexa,0
jerkok.net,normal.alexa,0
ysuoererwyatanb.com,,1
paranoia-eshop.gr,normal.alexa,0
tymfrlnnqq.com,,1
kvylonsdip.org,,1
mybook.ru,normal.alexa,0
fms.gov.ru,normal.alexa,0
casinosverige.me,normal.alexa,0
nepalent.com,normal.alexa,0
iqlnvm.com,,1
ibuzzpro.com,normal.alexa,0
bilgisayarbilgini.com,normal.alexa,0
rlasardenslavetusul.com,,1
www.wbk5mt3tmu.org,,1
customs.gov.hk,normal.alexa,0
ecmlenkrwssermjq.eu,,1
qcihdpn.info,,1
trysail.jp,normal.alexa,0
tappingdeepintimacy.com,normal.alexa,0
black-pantyhose1.tumblr.com,normal.alexa,0
nwjhdzcyyrqavbxlf.net,,1
winetwork.ru,normal.alexa,0
iqcard.ru,normal.alexa,0
nuered.com,,1
placng.org,normal.alexa,0
cqqkpartbulkyf.com,dga.banjori,1
banglagolpars.blogspot.com,normal.alexa,0
twmyoxebyjwd.pw,dga.tinba,1
heafuxti.ru,,1
myloweslife.com,normal.alexa,0
clovenetwork.com,normal.alexa,0
fancupri.ru,,1
songgalaxy.com,normal.alexa,0
trafficpiratehits.com,normal.alexa,0
adtpix.com,normal.bambenek,0
cadeverything.com,normal.alexa,0
mantanmuslim.com,normal.alexa,0
katoiu.com,,1
pandolfinisrl.com,normal.alexa,0
rnkimen.com,dga.banjori,1
4jlov8eibdclqzrvdr.ru,,1
maxuvominaj.eu,,1
6fop6jkpib0l.com,,1
com-breakingnews2.info,normal.alexa,0
qjuyety.eu,,1
boatshow.pl,normal.alexa,0
dfntnz.com,,1
artiz.com.cn,normal.alexa,0
fanfiction.com.br,normal.alexa,0
umieeamcib.tv,,1
hdsound.biz,normal.alexa,0
drinkunder.net,,1
fivefingertees.com,normal.alexa,0
utica.edu,normal.alexa,0
alzo9.com,normal.alexa,0
rtw.org.pl,normal.alexa,0
monstergulf.com,normal.alexa,0
fkti30lyn4pa.com,,1
neosporin.com,normal.alexa,0
entertainmentrings.com,normal.alexa,0
vybexmru.ru,,1
gchsgjzsty.cn,,1
mtcwotiwmtya.com,,1
asearch.herokuapp.com,normal.alexa,0
obqihad.info,,1
muriellerobert.com,normal.alexa,0
zeroinvest.3dn.ru,normal.alexa,0
xxx-traker.com,normal.alexa,0
beading-design-jewelry.com,normal.alexa,0
odaj0xurklir.org,,1
zhbjinalcentricem.com,,1
rqubtfgjnx3fo.net,,1
oki.com.tr,normal.alexa,0
workerretaininviteexplore.com,,1
omarohaber.com,normal.alexa,0
ledando.de,normal.alexa,0
habplopctmv.org,,1
top10ecommercesitebuilders.com,normal.alexa,0
ns1.backdates17.biz,,1
everhate.com,normal.alexa,0
dmjtbnshcfvxmlytj.net,,1
femdbmccdfcebodd.com,,1
subyluht5x3yjc.com,,1
geophoto.ru,normal.alexa,0
horippdbwnhvxemc.eu,,1
cargomatic.com,normal.alexa,0
pejabatpublik.com,normal.alexa,0
ns1.dnsfor20.org,,1
thunderbirds-are-go.jp,normal.alexa,0
dstkorea.co.kr,normal.alexa,0
giordano.com.hk,normal.alexa,0
1f02qvr1edccd6wpg7v2u6b0ru.org,,1
xeudfrt.info,,1
blucompany.cl,normal.alexa,0
ngqfkmesnpmskytwxlg.com,,1
cv4a.org,normal.alexa,0
pakistanherald.com,normal.alexa,0
yxsh9l2auljtc44a51q58qlk.org,,1
suramericana.com.co,normal.alexa,0
p7wlku17zuhy9vqnmrg70c7bx.net,,1
averotica.com,normal.alexa,0
anhngoc.vn,normal.alexa,0
bmj9iowkenmryn.com,,1
indasol.co.uk,normal.alexa,0
lhocbrcprndhrbasn.com,,1
naplddjqyq.com,,1
lnleqguwyhlvwnvofyxtkztx.ru,,1
oigwllaabettingk.com,,1
tdytbjusj.xyz,,1
dgigulzxpbyleuxgmyxlytnv.biz,,1
acriticadehumaita.com.br,normal.alexa,0
vwpuvcbedcjd.biz,,1
olhzjuoqjbj.net,,1
oxqhwxmniv.com,,1
stilnos.com,normal.alexa,0
ratsofnym.com,normal.alexa,0
likeit.ro,normal.alexa,0
xucyrkjbtfqrwnjptcmnws.ru,,1
hokiente.com,normal.alexa,0
uxgowv.yi.org,,1
sheeo.org,normal.alexa,0
informativobr.com.br,normal.alexa,0
1jeg4kqvfmbsxd8gxxuajx5su.org,,1
yricnucojoy.ru,,1
nrqtpeznpoyzozsd.info,,1
coen-blog.jp,normal.alexa,0
hacking-etico.com,normal.alexa,0
kuwaitjobs.info,normal.alexa,0
hanwha-japan.com,normal.alexa,0
qatbnkwmpdn.dynserv.com,,1
ben10alien.net,normal.alexa,0
hairgecko.de,normal.alexa,0
itnews.com.au,normal.alexa,0
furiffic.com,normal.alexa,0
fdvigbq.info,,1
hinokiya.jp,normal.alexa,0
eigvsutkjjooavsadrr.pw,,1
mjsazshsqbygulxvyreqrk.com,,1
awkdyli.info,,1
speckdesign.com,normal.alexa,0
icfhabitat.fr,normal.alexa,0
v61d5bf4b85d35e2e96ff0b5803f4fa358.ws,,1
pirkperkha78.org,,1
neticaret.com.tr,normal.alexa,0
iycs.ir,normal.alexa,0
juzqhx1uaw9cn12imym8t7e9d2.com,,1
suits-tv.com,normal.alexa,0
hdrorlrekcj4fv95.cn,,1
happydiwali2015wallpapersms.in,normal.alexa,0
zityqftojmx.net,,1
h532bc43938203d69f7d74d3087dede175.so,,1
asianzilla.com,normal.alexa,0
zafihxygwrfwvv75d218syb7p.net,dga.post,1
f11f2c696a0859595a4c60db991b8a3b.cz.cc,,1
paulagarcia.biz,normal.alexa,0
lakelandcam.co.uk,normal.alexa,0
downlodcity.ir,normal.alexa,0
td-salomeya.ru,normal.alexa,0
terry-3ds.net,normal.alexa,0
publishwall.si,normal.alexa,0
10owza113fa8xi7has581h5edkw.net,,1
webstackray.com,normal.alexa,0
jgfcqascslvcaxos.eu,,1
ns1.backdates6.org,,1
hslief.com,,1
speedheads.de,normal.alexa,0
garett.com.pl,normal.alexa,0
weqyvap.info,,1
birding2asia.com,normal.alexa,0
frontnerve.net,,1
jvyjeisrhtmrskdxtqo.in,,1
lyrozb.info,,1
hygdgdll.org,,1
hagodieta.com,normal.alexa,0
lbjyfob.eu,,1
streaming-hub.com,normal.alexa,0
frzysfle.tv,,1
ruxobebuihsvlahh.eu,,1
mysku.ru,normal.alexa,0
hgrcqkcwcongigcsftu.org,,1
xodwlop.top,,1
892no1e7w1uv.net,,1
ekhsbrlsboru.co.in,,1
fchptegucoypfbur.eu,,1
shoushanyan.org.tw,normal.alexa,0
fsysugkxoxwhnj.com,,1
oujaglmufrafcn.org,,1
denydesigns.com,normal.alexa,0
bathroomlecturefixedrepair.com,dga.matsnu,1
kmqbkdg3ny.com,,1
cheyenne.org,normal.alexa,0
nailmeettaskoperategrade.com,,1
sje2rnuqhes5h.net,,1
skoolie.net,normal.alexa,0
orjinaltablo.com,normal.alexa,0
1p59iponvf1s21w9e6dw1xkfnn3.net,,1
happyhotel.jp,normal.alexa,0
geburtstag-gedichte.com,normal.alexa,0
compareforexbrokers.com.au,normal.alexa,0
hsbozsnglw.ru,,1
w414yjo8ehcjw6g.ddns.net,,1
c16f0pu38p2j.org,,1
kitapfirsatlari.com,normal.alexa,0
ncbmcoeccddaocdk.online,,1
jvaynwfox.org,,1
dogisto.com,normal.alexa,0
ausopvlyaqypxgmrkwbuhqgmf.net,,1
1257lfutknl2eatfza1lcvyuo.com,dga.post,1
paper-mario-wiki.tumblr.com,normal.alexa,0
3haxgnyx5fqngdib56slyf7.ddns.net,,1
originalnike.ru,normal.alexa,0
tazhkj.com,normal.alexa,0
mrqtans.ru,,1
855crown.com,normal.alexa,0
applyjapan.com,normal.alexa,0
mdltlljvsl.com,,1
wedisk.co.kr,normal.alexa,0
izrnikypwmorqr.org,,1
jluxlabel.com,normal.alexa,0
ubqjlpeskdgnp.com,,1
rpmwepictom.com,dga.banjori,1
l0a05c5e44c12658397d0844660ec61836.so,,1
gmtvrgjqq.com,,1
pouezz.com,,1
shoesharewellsucceedshall.com,dga.matsnu,1
ywumewwkswkaaoig.org,,1
warcrashcontainboardhand.com,,1
sanalmagaza.com.tr,normal.alexa,0
otoavm.com,normal.alexa,0
62qp6b1w4apbttcwgix15kx48j.biz,,1
ocequuqomuecsucy.org,,1
skinny.com,normal.alexa,0
worldsoft-oasis.info,normal.alexa,0
ilovebadbananas.com,normal.alexa,0
leadertask.com,normal.alexa,0
voiceonline.com,normal.alexa,0
worldmapswithout.nz,normal.alexa,0
fincabayano.net,normal.alexa,0
caeamakebadfobbb.com,,1
gcglmmpefudl.com,,1
qyhyil.com,,1
palmostravel.gr,normal.alexa,0
woman-talk.com,normal.alexa,0
megaron.gr,normal.alexa,0
gitionline.com,normal.alexa,0
ajosrpeutgwa.com,dga.ramnit,1
uzfgqxfl.net,,1
bcvjddrrunfn.com,,1
cafeclash1.blog.ir,normal.alexa,0
liblo.jp,normal.alexa,0
turuncudroid.com,normal.alexa,0
c0b54f6fdc655276328949783f629533.cz.cc,,1
lewaos.com,normal.alexa,0
wouldcompany.net,,1
e2f2af87740867a7c061c76c585dc901.org,,1
vestidosdenoviadiferentes.es,normal.alexa,0
zf2634ee453742f19d59c745f169999ed1.so,dga.dyre,1
lakfdljlz.org,,1
bthbyotmra.ws,,1
icfesinteractivo.info,normal.alexa,0
chicatanyage.com,normal.alexa,0
jchinkpivklm.com,,1
lilybeachmaldives.rocks,normal.alexa,0
baxvra.com,,1
ciccewigkqokaqiw.org,dga.ramdo,1
initpro.ru,normal.alexa,0
aeukosgqyaqweecq.org,,1
bigbuzzy.ru,normal.alexa,0
indeed.jobs,normal.alexa,0
lbblcfebaldndcbb.org,,1
azbookvarik.ru,normal.alexa,0
gbich.com,normal.alexa,0
sms-receiver.org,normal.alexa,0
dituhui.com,normal.alexa,0
mtawotiwmtya.com,,1
efubet.com,normal.alexa,0
gotowww.site,normal.alexa,0
intel.cn,normal.alexa,0
daluidecix.ddns.net,,1
returnstranger.net,,1
vyazanie-shapok.net,normal.alexa,0
balkankinology.net,normal.alexa,0
new-hot-point.com,normal.alexa,0
citroen-club.it,normal.alexa,0
copymethat.com,normal.alexa,0
encyclopaedia-russia.ru,normal.alexa,0
bnet.com,normal.alexa,0
laniomnorahu.ddns.net,,1
dmdaxihudlnmfxrspyn.mn,dga.necurs,1
wald9.com,normal.alexa,0
liecarehurtbenchpagesource.com,,1
lwhtgeutkrzcf.com,,1
ifitness.fr,normal.alexa,0
regasu-shinjuku.or.jp,normal.alexa,0
ehmugooscufeofm.ddns.net,,1
kkxbyolxr.com,,1
lnuqokwhsmcloqz.info,,1
ekmblcolwnmhby.org,,1
dqogaxdagymeizaebucqvgbuy.biz,,1
xfexorjvpdhapjvvwppcurc.ru,,1
nutleyschools.org,normal.alexa,0
bnb.com.bt,normal.alexa,0
jatybq.org,,1
diit.info,normal.alexa,0
bofferding.lu,normal.alexa,0
samsungsem.com,normal.alexa,0
onmf1lyhyla43hutwre87n3.ddns.net,,1
fntcmfsdm99fa87u.cn,,1
tusclasesdeguitarra.com,normal.alexa,0
ggsctx.net,normal.alexa,0
cqbnly.com,normal.alexa,0
irytrcxgbhbmkbrkxwupfqsozlr.com,,1
niklausgerber.com,normal.alexa,0
funklocks.com,normal.alexa,0
jogarjogosdemeninas.com,normal.alexa,0
hifeofol.ru,dga.pushdo,1
bronzallure.it,normal.alexa,0
rycaropynar.eu,,1
iywnyfvozbstcpze2l.com,,1
runinstyle.tw,normal.alexa,0
1x20lihg2efcc37b4j16vqzi2.net,,1
ns1.dnsfor5.biz,,1
dljklkkvauwnq.mn,,1
cnam-paris.fr,normal.alexa,0
guphererwyatanb.com,dga.banjori,1
kyuokgmiywwcqaoe.org,dga.ramdo,1
qfshakoo.biz,,1
ziyu.net,normal.alexa,0
uwv.nl,normal.alexa,0
wnvrblmfytpdmdgckor.org,,1
ropvlbemupvbqdmwgaywgb.ru,,1
theblackcoin.com,normal.alexa,0
vkusnyatina-doma.ru,normal.alexa,0
albion-swords.com,normal.alexa,0
kristensdaily.com,normal.alexa,0
healthtrioconnect.com,normal.alexa,0
ixvkfwue.com,,1
media-mosaic.com,normal.alexa,0
hhtettd.cn,,1
trktvs.ru,normal.alexa,0
ilfvkfmxodn.mn,,1
dzzpinvkyv.com,,1
ysqevijrnaxlubhx.eu,,1
onlcdwjvvkz.com,,1
swttcfessfyf.com,dga.tinba,1
cricnama.com,normal.alexa,0
duniainformasikesehatan.com,normal.alexa,0
uwxwloowuek.net,,1
seowordpress.pl,normal.alexa,0
slaq7n1qcxnrobm2ts.com,,1
protynhhyczzhdefi.com,,1
salemeen.com,normal.alexa,0
dhsuefunchql.com,,1
yireuy.com,,1
handmadeidea.com.ua,normal.alexa,0
lantis-net.com,normal.alexa,0
likesmaaz.com,normal.alexa,0
jmnews.com.cn,normal.alexa,0
treehut.co,normal.alexa,0
hjvykigwryzuhapp.info,,1
pickmine.net,,1
2aviaboleto.com.br,normal.alexa,0
1nkqlz67hyriopairy1nx3mqe.com,,1
locatimefree.com,normal.alexa,0
hensslerhenssler.de,normal.alexa,0
baslattusu.com,normal.alexa,0
carstaxi.ae,normal.alexa,0
ask7beni.com,normal.alexa,0
amtalarb.blogspot.com,normal.alexa,0
iaksamentalistfanchonut.com,,1
12sop581gykao01ntgwrs1ddi0g3.org,dga.post,1
ouz653a4mf2weuhs.net,,1
genggaminternet.com,normal.alexa,0
ckgeqada.com,,1
vespermems.com,normal.alexa,0
fapbank.com,normal.alexa,0
wjffyxwwvrcxqpsc.eu,,1
qkaich.com,,1
thesecold.net,,1
swvsphm.info,,1
aylbsikathrinezad.com,,1
snoopybox.co.kr,normal.alexa,0
bhsyihgdswwe.ru,,1
solfoodrestaurant.com,normal.alexa,0
jggxyjoqjofeyl.com,dga.cryptolocker,1
areebworld.com,normal.alexa,0
sydaccss.com,,1
familyfriendlyfrugality.com,normal.alexa,0
mesatactical.com,normal.alexa,0
maveron.com,normal.alexa,0
visualharbor.com,normal.alexa,0
uhixkhqlkl.com,,1
nqkniwcvgvk.dynserv.com,,1
xujrpm.com,,1
forminterviewdishemptyretain.com,dga.matsnu,1
mtqwotiwmtya.info,,1
pontoperdido.com,normal.alexa,0
rc5qr8xunk5m.net,,1
v0vl54qrolldqp5s6bg9tnq8.biz,,1
razor-russia.ru,normal.alexa,0
eachshot.com,normal.alexa,0
bigmenonline.co.uk,normal.alexa,0
gimyvx.com,,1
jubrxkb.ws,,1
lilliputiens.be,normal.alexa,0
9yxhfvgg2jk812mxhbt1ulgu65.org,,1
qjshyhod.ru,,1
nveqjjvgfq.net,,1
slowfood.de,normal.alexa,0
oqtuij.com,,1
stoneip.info,normal.alexa,0
olrwvqikynkkiv.biz,,1
yikmuqoncrivbjl.co.uk,,1
inhonorofdesign.com,normal.alexa,0
cutegirl.jp,normal.alexa,0
ntrguadalajara.com,normal.alexa,0
metasuche.com,normal.alexa,0
zeniusmultimedia.com,normal.alexa,0
ns1.backdates0.net,,1
vireals.com,normal.alexa,0
vzxpsikathrinezad.com,,1
qz828.com,normal.alexa,0
ajx4zmaorqj5o4a35y.cn,,1
topiberian.com,normal.alexa,0
incompliancemag.com,normal.alexa,0
v8pib8tqn8pi.com,,1
wesimplifyblogging.com,normal.alexa,0
polfed.org,normal.alexa,0
root-n.com,normal.alexa,0
38dy.cn,normal.alexa,0
mygodpictures.com,normal.alexa,0
vopecet.info,,1
armagedomfilmes.biz,normal.alexa,0
herbapreneur.net,normal.alexa,0
superbrugsen.dk,normal.alexa,0
1ekoxn8mot2fq1tty32ugsoy2b.org,,1
aejykuntyxgeparil.su,,1
jyqyvlleibmp.com,dga.tinba,1
bvxlfdvhrnlihelkxkxftdci.biz,,1
aptekaberlin.com,normal.alexa,0
1001gardens.org,normal.alexa,0
julgfedtqqev.com,,1
ns1.backdates7.info,,1
trikepatrol.com,normal.alexa,0
daughtersucceedpersuadebrain.com,,1
capitalmadrid.com,normal.alexa,0
seniorennet.be,normal.alexa,0
fuedli-x.ch,normal.alexa,0
radiox.com,normal.alexa,0
1c81475b94318081819bb8c61f619a91.info,,1
oxuwelimvemu.ddns.net,,1
onweb.it,normal.alexa,0
osoroshian.com,normal.alexa,0
badungkab.go.id,normal.alexa,0
obutgdkbg.com,,1
jqiwtupgjeqmrrsn.net,,1
foltysoku.com,dga.ramnit,1
1mmo5h3wm03k01j7766wm831nm.com,,1
drlcgydmxqvpaioo.com,,1
qwest.com,normal.alexa,0
dzonline.de,normal.alexa,0
1rfcethn8m5ba1dmjbn2w9x7dd.biz,,1
womengonebad.com,normal.alexa,0
completecareshop.co.uk,normal.alexa,0
anonza.de,normal.alexa,0
leicafdo.ru,dga.pushdo,1
meowzsiugkeq.biz,,1
poste.dz,normal.alexa,0
eadbox.com,normal.alexa,0
i6f1t6b5o0ugcj5rcs3fo6t1.org,,1
savoyhouse.com,normal.alexa,0
orderanger.net,,1
nirajnanal.com,normal.alexa,0
cnileabvuwxuuovdcc.com,,1
uaakllgedxiee.co.uk,,1
conquerors.clan.su,normal.alexa,0
boostmefast.com,normal.alexa,0
acaxadup.ddns.net,,1
freemiumscripts.com,normal.alexa,0
bonboo.co.kr,normal.alexa,0
khpptkstqkei.net,,1
hzkslt1.com,normal.alexa,0
du7gp6x75xtnaznwj6u1p7z.org,,1
wwuimwwescgkyoae.org,,1
lvgcmen.com,,1
9f0e90730c761c7cc45096211872f235.info,,1
analyzemysites.com,normal.alexa,0
bnwgwjrcymbs.info,,1
yymqwfhtsmboryc.tw,,1
ffdbefbafbnmekmn.net,,1
uououki4mgig.net,,1
galiciae.com,normal.alexa,0
vngjwbmiesuloo.biz,,1
ceasacampinas.com.br,normal.alexa,0
naikexie.com.cn,normal.alexa,0
competitivite.gouv.fr,normal.alexa,0
azkdradsholapet.com,,1
ulueto.com,,1
h6be32e275bb4e31bc2c7272e2d56fe561.ws,,1
workiz.com,normal.alexa,0
cc636c1jzqutib4u0hwaqhm9s.net,,1
hjzzji.org,,1
bundesporno.xxx,normal.alexa,0
northernmum.com,normal.alexa,0
chebaba.com,normal.alexa,0
hinduism.co.za,normal.alexa,0
nuefxaivsoombuc.ddns.net,,1
1iaqn8nn5p3oemhe9p1iujspw.com,,1
gigabase.com,normal.alexa,0
actindo.biz,normal.alexa,0
7pzjnv16286t81b5oclv42dze7.net,,1
oglsozhcvmtrd.com,,1
pricespectre.com,normal.alexa,0
302pkg1mub79g1dos66f1aq5f32.net,,1
wrenchmonkees.com,normal.alexa,0
inspirationals.net,normal.alexa,0
uqahecexka.ddns.net,,1
atradius.com,normal.alexa,0
qntbee.net,dga.conficker,1
tquvbfch.info,,1
yuvutu.com,normal.alexa,0
toktokbox.com,normal.alexa,0
nchvlkqtvjdbwm.com,dga.cryptolocker,1
beknyxztcbetgsodugeugvsdujf.ru,,1
habbies.nl,normal.alexa,0
wiee.rs,normal.alexa,0
pptrxrzuwcoj.yi.org,,1
windhostappreciateadvanced.com,,1
zhmsalitydevonianizuwb.com,,1
eschool4u.blogspot.in,normal.alexa,0
xgjzms1oc7nw0mhnlj55h6ojk.net,,1
e31a0b233b280f6244799911cf2816ac.cz.cc,,1
atwdimxnecwij.com,,1
sharethefiles.com,normal.alexa,0
lifgjmwfggkx.com,,1
mvmsport.com,normal.alexa,0
april15th.com,normal.alexa,0
istarnext.com,normal.alexa,0
tongbusj.com,normal.alexa,0
dtiwwgeozakauerqd.com,,1
sitnqwoppeauhwqq.com,,1
psxdev.net,normal.alexa,0
liixfoodovmi.ddns.net,,1
mbkaldbnoddcdokf.com,,1
lifeinahouseoftestosterone.com,normal.alexa,0
go-fish.mobi,normal.alexa,0
patmufib.ru,,1
prvjvsjqqphtsrm.info,,1
paqtsx.com,,1
gmgcaisukseiecko.org,,1
newsreducebilltrypagelet.com,dga.matsnu,1
myvanilladebitcard.com,normal.alexa,0
ihxydxwvpmrmjzljlbguljwswk.ru,,1
5627281614e6729b4b2219d9607b0bed.co.cc,,1
mubrbqpjjffb.ru,,1
oktuphrdvnamvnvv.eu,,1
publion.net,normal.alexa,0
goldkoreanporn.com,normal.alexa,0
mamaitressedecm1.fr,normal.alexa,0
t3d6682f081165dd59f04e917913263917.cn,,1
mbwm00gd6siz1amoga91pd0gq2.net,,1
dstrack3.com,normal.alexa,0
rwnepuq.eu,,1
agentcancelreplystudyescape.com,,1
yqfqenhancedysb.com,dga.banjori,1
rfxn.com,normal.alexa,0
sprottglobal.com,normal.alexa,0
vpornuhe.net,normal.alexa,0
rbfixkn.com,,1
ui-grid.info,normal.alexa,0
rcht.nhs.uk,normal.alexa,0
civnrualsnyhecc.biz,,1
tr2xt1jzlgg31w11oyq191r6vu.org,,1
qkixjmrzqtdqpqpe28.net,dga.rovnix,1
amycidablyhoosieraw.com,dga.banjori,1
psvyjmxxkjzcpxqviwrkml.info,,1
khmqlcp.info,,1
mansports.com,normal.alexa,0
1na88ep1i8uxv3mzqs6w12h6zw8.com,,1
biedveilingen.nl,normal.alexa,0
favatgox.ru,,1
of11144e78321b7516072ca2fd36a4c26d.hk,,1
gdansk4u.pl,normal.alexa,0
bibbqymeyiueoybt.com,dga.ramnit,1
kb8330d36cc888c5dcfb039e87df24dc6c.hk,,1
ikytvif.info,,1
feu.edu.ph,normal.alexa,0
valhwkfy.com,,1
barnhardt.biz,normal.alexa,0
znamost.cz,normal.alexa,0
hdcreampieporn.org,normal.alexa,0
glg.it,normal.alexa,0
jdghinohivby.com,dga.tinba,1
tutorbit.org,normal.alexa,0
caolhzdwer.ws,dga.conficker,1
wc.lt,normal.alexa,0
iesonline.co.in,normal.alexa,0
roecteoxvdlchgm.biz,,1
qgubtezfcu.com,,1
ebay-wish-bigger.com,normal.alexa,0
lipssofacto.com,normal.alexa,0
lsg.nl,normal.alexa,0
116point.it,normal.alexa,0
mgoswk.org,,1
writelikefreddy.com,normal.alexa,0
ltlrjqprfmyy.com,,1
ezlivingfurniture.ie,normal.alexa,0
sytzbe.com,,1
gotoeurostyle.com,normal.alexa,0
ufwttfecso.net,,1
dianegottsman.com,normal.alexa,0
prtmwdwhie.com,,1
pupomagy.info,,1
big4.com,normal.alexa,0
yrbpqfrkhvfxjpudfyyh.me,,1
ohwrqtetmtwawkeb.com,,1
icl2uxirtbitj.net,,1
ffysalitydevonianizuwb.com,,1
mypublicnotices.com,normal.alexa,0
datawrapper.de,normal.alexa,0
admiralmarkets.ru,normal.alexa,0
oemvtuasjxekl.co.uk,dga.cryptolocker,1
uy6yazyrnd8tfbl9.com,,1
vuduciel.ca,normal.alexa,0
thebookingbutton.com.au,normal.alexa,0
1dsfpn1zz86ei10oj0jy1wb7ip.net,,1
ofwikole.ddns.net,,1
mitula.com.ar,normal.alexa,0
gjkgjghktcmu.com,,1
btdldr.com,,1
krajski.wordpress.com,normal.alexa,0
gqygokewksoegows.org,,1
cicedbioztyoneariilfcyx.info,,1
68i6x1s8utjk2rq71y.com,,1
wkyeumyvwmypdw.su,,1
cr-car.ru,normal.alexa,0
gaqnjx.com,,1
skjbiologistbikerepil.com,dga.banjori,1
worldmeeting2015.org,normal.alexa,0
360.ru,normal.alexa,0
wlad2.ru,normal.alexa,0
1s7hdhn1enj0y91y2uiqx1q0klj1.org,,1
hairguess.net,,1
unlemyfopaefalge.eu,,1
cpa7chezohuz.net,,1
fvioererwyatanb.com,,1
uihpaghftuyollt.ru,,1
ade3dgnjqtetq2i.com,,1
jytlxnjvghuainrljfvotqcvw.com,,1
chaordic.com.br,normal.alexa,0
ostqhmmuildu.com,dga.tinba,1
lazada.com.ph,normal.alexa,0
pufibeva.info,,1
123bij7u8y02419d1sapx1inqk.net,,1
lykufuxy.info,,1
qwagjudhknecknqtysladsf.info,,1
ijpvllnfdlnlbdysvwvgjrrwaylf.com,,1
owzjgzylk.org,,1
it-mall.co.kr,normal.alexa,0
tech-critic.com,normal.alexa,0
rhfntqqp.com,,1
hazipatika.com,normal.alexa,0
pnpmlzkssgkw.net,,1
anime-revive.com,normal.alexa,0
1e2u9r01j1hzex16eh9wc153qa5r.net,,1
expukailu.ddns.net,,1
arufoqu.eu,,1
wujcamentalistfanchonut.com,dga.banjori,1
irobot.it,normal.alexa,0
701h.com,normal.alexa,0
ryfbvbsosdkcbsuhc.com,dga.qakbot,1
petergarritano.com,normal.alexa,0
1024bt.info,normal.alexa,0
ashplayergletadobef.co.uk,,1
diamonddealfrienddreamaward.com,,1
cpvqyb.com,,1
xadspazsv.top,,1
condaianllkhir.com,normal.alexa,0
agromaster.ru,normal.alexa,0
wqldleasuredehydratorysagp.com,,1
puvoc.eu,,1
usawithgitler.com,,1
africanvillage.co.uk,normal.alexa,0
bssaonline.org,normal.alexa,0
jratpnf.info,,1
videopornarchive.com,normal.alexa,0
lvg7bem64j51kr2jz6.biz,,1
veterans.gc.ca,normal.alexa,0
promaticstechnologies.com,normal.alexa,0
liminallyme.tumblr.com,normal.alexa,0
ihdindia.org,normal.alexa,0
kayak.co.kr,normal.alexa,0
vkieunezvkb.org,,1
kuakocuwukmiiaoq.org,dga.ramdo,1
ngngqq.biz,,1
1h0xpve11ig2mygnm2116niusx.com,,1
afspszuhaayetuyqb.net,,1
bibb.ga.us,normal.alexa,0
zeethiop.com,normal.alexa,0
strandbeest.com,normal.alexa,0
elancasti.com.ar,normal.alexa,0
skladsizo.ru,normal.alexa,0
oqscelrquspbprxmftkpzhahysc.ru,,1
gu4cwcnjsmtdbfh86y.ru,,1
izitwtpo.com,,1
skylon-restaurant.co.uk,normal.alexa,0
jessica-ebert.de,normal.alexa,0
pckxlasgljys.com,,1
download0098.ir,normal.alexa,0
cgeoiyxoradbymu.net,,1
fsa.br,normal.alexa,0
viasat.fi,normal.alexa,0
hhagdr.com,,1
jk-lybid.com.ua,normal.alexa,0
hammer-trophy.com,normal.alexa,0
12ojka06q2quxjz74h7ol48rw.biz,,1
f1-times.ru,normal.alexa,0
causesurroundaddressresult.com,,1
wdlrmrv.info,,1
pwwqhcb.info,,1
ubuntuleon.com,normal.alexa,0
weddingcakesdesignsidea.com,normal.alexa,0
eilsvs.net,,1
fqqian.com,,1
mypregnancybaby.com,normal.alexa,0
coppersdream.org,normal.alexa,0
321pekh.rozblog.com,normal.alexa,0
ebgavouqopkiacm.ddns.net,,1
mybestbrands.fr,normal.alexa,0
md5decoder.org,normal.alexa,0
nlfqmwp.info,,1
hoysct7wrzucw5qeda.biz,,1
weageife.ru,,1
wljknf.yi.org,,1
lkrvgqpoyyeq.com,dga.tinba,1
carltonstaffing.com,normal.alexa,0
jaypcqgtcdqtw.net,,1
tjqoowdmpoqhkfm.biz,,1
qimeda.de,normal.alexa,0
universityofcalifornia.edu,normal.alexa,0
newstonight.co.za,normal.alexa,0
truckspring.com,normal.alexa,0
yfsfevskktazk8bexw15zlc7.com,dga.post,1
shopchoicely.com,normal.alexa,0
hghywscjhxkwx.xyz,,1
egxhvssexqiile6.com,,1
xgykeiljrmrnhtdepv.net,,1
rceyddx.xyz,,1
ebook.it,normal.alexa,0
sbuhkxkzs.ru,,1
ckpejhv4ah.com,,1
fd7373af9930225e151d90ab0d564269.org,,1
doexeqfggjxcbt.pw,,1
thecable.ng,normal.alexa,0
editions-tredaniel.com,normal.alexa,0
vw6k8doiylv8f3siug.com,,1
niigata-kotsu.co.jp,normal.alexa,0
thelunarchronicles.com,normal.alexa,0
badfaanbffdaanbc.org,,1
7l7p7nglar3pwv5lo8irudk.ddns.net,,1
noktlwetfv.net,,1
tadobeflashpelayerg.net,,1
sptdmvoewxkeqqtozq.com,,1
shipbob.com,normal.alexa,0
sandyskitchenadventures.com,normal.alexa,0
gumusada.com,normal.alexa,0
bfofcwhxbt.com,,1
jejadur.info,,1
sqgtfmvent.info,,1
vozduh.msk.ru,normal.alexa,0
9f0e90730c761c7cc45096211872f235.co.cc,,1
cruelladesigns.com,normal.alexa,0
qu49duuq9cjj.com,,1
infofunerais.pt,normal.alexa,0
abikiniaday.com,normal.alexa,0
gvk47volaf56onc.ddns.net,,1
fathomvoice.com,normal.alexa,0
9owch68rs36cjwfi.net,,1
ola.com,normal.alexa,0
simsim.ge,normal.alexa,0
ititch.com,normal.alexa,0
yqhuewtfoxmfg.biz,,1
kryptonsite.com,normal.alexa,0
ixplorer.is,normal.alexa,0
gousto.co.uk,normal.alexa,0
nequfniiowe.org,,1
ipersonic.net,normal.alexa,0
zvpaoi.com,,1
jukujoya.jp,normal.alexa,0
nownsurvey.com,normal.alexa,0
300mbmovies.co,normal.alexa,0
firat.edu.tr,normal.alexa,0
bellrubavoidgroupprogram.com,dga.matsnu,1
grobkding.org,,1
1dcdupi1chyvv31wz2tuvno5hfq.org,dga.post,1
gameois.com,normal.alexa,0
lbcnxhmqmp.com,,1
inautia.it,normal.alexa,0
cuwbuvll.name,,1
xebabanh.net,normal.alexa,0
againstladder.net,,1
imkosmetik.com,normal.alexa,0
world-hmade.ru,normal.alexa,0
icrip.jp,normal.alexa,0
10h8kmd1pt7rvz1juxol9hvic6c.biz,,1
ijlesyv.info,,1
uboxmfyfm.top,,1
jdgningawttj.org,,1
fbjduwam.la,,1
toyotautrust.in,normal.alexa,0
zatzezgls.org,,1
mnhs.org,normal.alexa,0
wlnqcydfuebbmovld.me,,1
iakepartbulkyf.com,,1
nnjo5w1c1lgslkry.info,,1
qwytltlylhunfolbqwmvxjbhyo.biz,,1
lakaskultura.hu,normal.alexa,0
axkpuza.org,,1
fqn5sn52ebpsl15ap3.ru,dga.rovnix,1
fokenuzohym.eu,,1
qrqwedkjwabkeu.tw,,1
oxexchmzg.top,,1
myopencourses.com,normal.alexa,0
orwvifxds.com,,1
ncocc.net,normal.alexa,0
ns1.backdates2.net,,1
luxagse.dynserv.com,,1
sport24h.com.vn,normal.alexa,0
4search.pl,normal.alexa,0
puntoseninfonavit.com,normal.alexa,0
topclasspanamaescorts.com,normal.alexa,0
olkedaigipwa.ddns.net,,1
yewogm4kh9yorbcu.net,,1
4n3aay5xvov9qsf.net,,1
homemadempegs.com,normal.alexa,0
atlantida-o.ru,normal.alexa,0
sjapapuhi41t1du4y6e.ddns.net,,1
worldofmods.eu,normal.alexa,0
kanichi.jp,normal.alexa,0
54e0893b4a086d4e57b432d8ed835e73.org,,1
professionalacademy.com,normal.alexa,0
ywscockweokqkswi.org,,1
aioexpress.com,normal.alexa,0
premiumsan.ru,normal.alexa,0
lypgromn2869z7nb.org,,1
vxyurqwcfddcwbrm.ru,,1
strokeattractprogramlawyer.com,dga.matsnu,1
ncc.gov.tw,normal.alexa,0
cpddbnyrofsudrqv.eu,,1
syegjetvwxvxg.co.uk,,1
coit.com,normal.alexa,0
woeyff.com,,1
g13eeb4e2d51e4e5798dc2cf2922a21c66.tk,,1
go2feeds.org,normal.alexa,0
online-kaufen-selbst-abholen-ikea.de,normal.alexa,0
madeinkempen.be,normal.alexa,0
1kcdnnbgnk0d0t1nhf91j1c9w1.com,,1
kypzsedkn56uk1elsn.com,,1
arqakaexmocoil.ddns.net,,1
marketingjoss.com,normal.alexa,0
cruisesdepot.com,normal.alexa,0
vrttzyjwfvodogvfo.net,,1
qauvjkerjlritn.net,,1
ohmngfylgz.top,,1
15slwfvek8cdf8gawfg6mvkdk.net,,1
wildeslaw.com,normal.alexa,0
indian-porn-tube.biz,normal.alexa,0
proekt-shop.ru,normal.alexa,0
maria-medium-numerologa.com,normal.alexa,0
alison.com,normal.alexa,0
seasonenter.net,,1
ainheuhcwd.ug,dga.necurs,1
bibledesignblog.com,normal.alexa,0
pornodequalidade.com,normal.alexa,0
qafrugpo.ru,,1
keytas.ru,normal.alexa,0
naturals-promo.ru,normal.alexa,0
ikbrilpbxduhym.com,,1
g4gaqxhnn2.com,,1
ingots.ru,normal.alexa,0
ntn80m1trlgfvug070sefczbc.org,,1
ciafbuduagnee.ddns.net,,1
dvyxietlbjkuow.org,,1
imbxorfmgtwqpmxnz.com,,1
ccie.hk,normal.alexa,0
adafbfb1d6738352c18aae0c4b346a24.org,,1
spmmjjez.dynserv.com,,1
st9eoc0bplb1zmdz.net,,1
oswiecimskie24.pl,normal.alexa,0
bqpcvuhgttii.ru,dga.tinba,1
1rg8xwv6d2df1uxd9by17mqnoa.biz,,1
der-postillon.de,normal.alexa,0
dkom.pl,normal.alexa,0
e23cb783174nfy5xj8.biz,,1
brecorder.com,normal.alexa,0
souraiders.com,normal.alexa,0
satcqmazby.com,,1
infoprut.ro,normal.alexa,0
atc2qvshw4glarupyx7dqjg.ddns.net,,1
city.kharkov.ua,normal.alexa,0
vdzyymlr.ws,,1
jefupon.info,,1
voyagegroup.com,normal.alexa,0
ehealthmd.com,normal.alexa,0
xtronica.it,normal.alexa,0
loop.jobs,normal.alexa,0
gurobi.com,normal.alexa,0
unbombazo.com,normal.alexa,0
f0914cf8f071f084e2462071d2e6ef431b.cn,,1
theblondeabroad.com,normal.alexa,0
qjjocsgcqeweogiajmydo.tv,,1
tiwtter.com,normal.alexa,0
ifo5ij0p6zsl.org,,1
k2129fcr0msq2cgt.cn,,1
sosyalhizmetuzmani.org,normal.alexa,0
lesmaster.ru,normal.alexa,0
juanproject.org,normal.alexa,0
accrareport.com,normal.alexa,0
dpzucuaymzxwxaqfadutcqbkn.net,,1
kuosseomomwicqmw.org,,1
ekqrguunhfjzupea.com,,1
nrrgvgzpztqopblrltgwomvdwsucy.org,,1
122ezsynu0o9lqgml0milmgn8.net,,1
cghdwwhyqqnr.com,,1
hairy-women-pussy.net,normal.alexa,0
infiniexpopc.com,normal.alexa,0
sologirladdict.com,normal.alexa,0
i805e3ee08e9600288c20037af9e7664c9.to,dga.dyre,1
pastryaffair.com,normal.alexa,0
lespac.com,normal.alexa,0
xc7e138c3df8fafeddb7dc6f6c2c4fcd7d.so,,1
adimymxxgraneqnunqv.com,,1
bqjiruujuwg.com,,1
toizrqiostnu.info,,1
1bieis3pjnp731imp8hp43non0.org,,1
converve.com,normal.alexa,0
emamswcuaykseeug.org,dga.ramdo,1
vitagroup.com.au,normal.alexa,0
misanweb.com,normal.alexa,0
fklenccnkacaleak.online,,1
360chepin.tmall.com,normal.alexa,0
reglet.ru,normal.alexa,0
northharbor.com.cn,normal.alexa,0
hndwyfhiwe.com,,1
mtawotiwmtya.info,,1
livciaqgytvdepjbelvhaldahi.info,,1
doganyba.info,,1
magmebel.ru,normal.alexa,0
umqwehluzehvvcmvo.net,,1
tupyqav.info,,1
steamshipauthority.com,normal.alexa,0
dutggystlzxcchanthecuga.ru,,1
abit.spb.ru,normal.alexa,0
dflcamcknkdmkdld.info,,1
cyclesuperstore.ie,normal.alexa,0
thpfeoeaoodhyxim.eu,,1
bkhvqfwxcvvvex.org,,1
igearmall.biz,normal.alexa,0
nicitirukumaqo.ddns.net,,1
cexavenaleahk.ddns.net,,1
heqnfpjlbcaozlvltkadrwhq.com,,1
huaweiconnect.co.in,normal.alexa,0
jarnnilevt.org,,1
ldcenlfkfddeaanc.website,,1
igopost.ie,normal.alexa,0
stomachmessappreciateretain.com,,1
oswego.or.us,normal.alexa,0
uhizkte.top,,1
connosr.com,normal.alexa,0
lznews.cn,normal.alexa,0
cost-simulator.com,normal.alexa,0
xrgjenhancedysb.com,,1
1ex74pdqz2kor3ibhas6hdxyi.net,,1
graphtecthai.com,normal.alexa,0
1jdtv20aus1f7p7e4h6k6l.biz,,1
americasfreedomfighters.com,normal.alexa,0
webstorage.jp,normal.alexa,0
rdeyigxp.tw,,1
vghxqhjiychns.com,,1
moto.gr,normal.alexa,0
thelivingmoon.com,normal.alexa,0
revistaenterate.mx,normal.alexa,0
wikigrib.ru,normal.alexa,0
hotxpix.net,normal.alexa,0
skmwqcksmskwyukk.org,,1
ns1.backdates14.com,,1
hcmfpadykrduem.net,,1
vnunrhmqukiuc.ir,,1
forgetspecial.net,,1
otuvwrcvqj.top,,1
ivjvwsmiiwbtvtb.net,,1
myhistori.ru,normal.alexa,0
sarahjenks.com,normal.alexa,0
kyxcbovgjub.info,,1
creducation.org,normal.alexa,0
roohfxvgypbkgqq.com,dga.ramnit,1
scottrobertsweb.com,normal.alexa,0
pjt19vwbngu.net,,1
marilynmonroe.com,normal.alexa,0
voidhawkflashlights.com,normal.alexa,0
gfllpfrxfhh.pl,,1
vinyltap.co.uk,normal.alexa,0
1kyb29s1pa3bn44y785o5uanx2.net,,1
urqinemohuum.ddns.net,,1
tlgaloeipb.com,,1
largeonlinegames.net,normal.alexa,0
passat.com,normal.alexa,0
yewjvaait.com,dga.ramnit,1
sexoexposto.blogspot.com.br,normal.alexa,0
makingcomics.com,normal.alexa,0
ukwallpaper.co.uk,normal.alexa,0
dflkpprqltf.dynserv.com,,1
redeowamroahx.ddns.net,,1
chainbatsplitfacereasonknife.com,,1
univision.net,normal.alexa,0
dbendcqewcuwvbsv.xyz,,1
sing-sing-bis.org,normal.alexa,0
czyhafgdi.org,,1
jtbfpqkqfqb.com,,1
plentycar.ru,normal.alexa,0
summacare.com,normal.alexa,0
farmicka.sk,normal.alexa,0
wwnrsvpxqqruoyfpd.in,,1
567cb91df35f6c13b3b994964cba0e4a.co.cc,,1
assumptionrefusecareoffer.com,dga.matsnu,1
mmxaiologistbikerepil.com,dga.banjori,1
colchester-zoo.com,normal.alexa,0
ysasgs.org,,1
bhojpurivideo.net,normal.alexa,0
cnc.ne.jp,normal.alexa,0
sg9ar5yzohcmpbw4.biz,,1
intersolucao.com.br,normal.alexa,0
ckfxeadhukvhdhylvhojewkbm.com,,1
inxgeposmocb.co.uk,,1
mcplugindb.com,normal.alexa,0
abingdon.org.uk,normal.alexa,0
fapimr.com,,1
verdadegospel.com,normal.alexa,0
starcraze.in,normal.alexa,0
vipbazar.ir,normal.alexa,0
cgdgfcnmfwgt.com,dga.tinba,1
mattiadellera.it,normal.alexa,0
tinrao247.com,normal.alexa,0
uuqmeotwkyqvb.com,,1
netz-treff.de,normal.alexa,0
czj4xaladoannutmzl.net,,1
lxqt.org,normal.alexa,0
bestparts.ru,normal.alexa,0
startcoin.cf,normal.alexa,0
mwhetgwvwhyxlajnlsn.pw,,1
mjgmftq.info,,1
tim-halloran.com,normal.alexa,0
bahasainggrismudah.com,normal.alexa,0
resourcefulmanager.com,normal.alexa,0
selket.de,normal.alexa,0
pwbrvcwbktglbiqprfe.cc,,1
uceprotect.net,normal.alexa,0
jbjuohx.info,,1
hzwmix.com,,1
chinatimes.cc,normal.alexa,0
dai-komio.de,normal.alexa,0
oynsyhbviyvsxh.pw,,1
fqdhjyibrmxpvmxu.eu,,1
allfreevideoconverter.com,normal.alexa,0
sgytpw.com,,1
siktpnua.biz,,1
vddda7a4e3db4890a45edbd8be08715c7e.in,,1
exfqoyhxi.net,,1
kvpqvs.net,,1
ogaqyaokgewkymue.org,,1
thegoodvybe.tumblr.com,normal.alexa,0
newstension.com,normal.alexa,0
bossmaytellu.com,,1
zwowg.com,normal.alexa,0
spsfgdcsfvvxxxgx.eu,,1
52duzhe.net,normal.alexa,0
lemmonet.com,normal.alexa,0
ecomrfpodslxoqm.net,,1
mmt-tv.co.jp,normal.alexa,0
imshaks.com,normal.alexa,0
neok12.com,normal.alexa,0
wsawskyyukqgiyqg.org,dga.ramdo,1
redeemer.ab.ca,normal.alexa,0
packlink.fr,normal.alexa,0
rexi84x.wix.com,normal.alexa,0
haitou.cc,normal.alexa,0
youbitchhitsnitch.com,,1
rachelaziani.com,normal.alexa,0
solar-nenkin.com,normal.alexa,0
vxnakig.biz,,1
uts.edu.au,normal.alexa,0
abldewxcglspadnrx.in,,1
andropalace.pw,normal.alexa,0
stihinasheylyubvi.ru,normal.alexa,0
direct-lab.ru,normal.alexa,0
nzse.co,normal.alexa,0
basketball49.fr,normal.alexa,0
jscpbys.info,,1
dqmramrlnlgqnu.click,,1
crdgiorl2otn.com,,1
etapety.pl,normal.alexa,0
elena87.ru,normal.alexa,0
cinemaesencial.com,normal.alexa,0
xa-police.gov.cn,normal.alexa,0
mcizthoodivettewl.com,,1
fareway.com,normal.alexa,0
q1me6z40z0q20hcc.ru,,1
kwyiftfs.bit,,1
qfjixqfqbex.com,,1
pac95b1633f70ee707295974d48c675507.cn,,1
soundlypeople.com,normal.alexa,0
mkflwzetuidbgrrz3.com,,1
lightworker29501.com,normal.alexa,0
handelandhaydn.org,normal.alexa,0
wtrfall.com,normal.alexa,0
vaproshield.com,normal.alexa,0
xnloppwhfamkcltuxkif.com,,1
5xujwxapwxilg8gty65pgxy.ddns.net,,1
rw6xpn8zeuos2gwus4.biz,,1
swqqdn.com,,1
aqihsbqhwl.com,,1
meishidaren.com,normal.alexa,0
iofsufiypahan.com,dga.cryptolocker,1
1yi0qk1xzzhsk1738avj1b2cizy.org,,1
5csvfrtqrbph5fcq.biz,,1
ahu.go.id,normal.alexa,0
grandfathersmartpenropeclub.com,,1
anxietycoach.com,normal.alexa,0
gamestore.com.ua,normal.alexa,0
dentalcareplus.org.uk,normal.alexa,0
resultsbabu.in,normal.alexa,0
cdejdtgkryyy.pw,,1
mathhelpforum.com,normal.alexa,0
aqupbudxaguahjan.su,,1
xploereredotnt.info,,1
sexmagazin.at,normal.alexa,0
gsisicwqweea.org,,1
dxzlardenslavetusul.com,,1
stlukes-stl.com,normal.alexa,0
puzzles-to-print.com,normal.alexa,0
aqbeuohheatnzqcxvjfwcxs.biz,,1
vds2lwijhpwe.net,,1
nrxzpzmvkgudiinswnfbyrvcay.ru,,1
internat-de-nice.org,normal.alexa,0
yergetaadobeflashpl.net,,1
flux7.com,normal.alexa,0
gaymenvideo.tumblr.com,normal.alexa,0
m2aqaujfnmj6kwyyky1x8zypn.com,,1
vres.gr,normal.alexa,0
qnb.com.qa,normal.alexa,0
appnitro.com,normal.alexa,0
bpagk4gbrk7gua125z.ru,,1
mcb63902369e0a3dbdb91ce7820ebf618e.tk,dga.dyre,1
vitcas.com,normal.alexa,0
barbe.lt,normal.alexa,0
rajaongkir.com,normal.alexa,0
xbxejvy.eu,,1
bubitekno.com,normal.alexa,0
qivrulhih.com,,1
sigedaabhuha.ddns.net,,1
platinumway.biz,normal.alexa,0
15myvhvd5f2m7cey68r1i0ird1.com,,1
vetpeer.info,normal.alexa,0
agbreyczfyemn.com,,1
avilon.ru,normal.alexa,0
xetgeubbpuogilbob.tw,,1
droidfriend.com,normal.alexa,0
net-security.org,normal.alexa,0
3uf6wccqcxh71s97rxi1jp1t8j.biz,,1
pcmobilitysite.com,normal.alexa,0
jagt13.com,normal.alexa,0
trk-6.net,normal.alexa,0
hermagroup.com,normal.alexa,0
klinoosqdtku.com,dga.tinba,1
fbsw.com,normal.alexa,0
mcgiibwrebvcnlva.com,,1
nuevodia.com.mx,normal.alexa,0
vanillaskymag.com,normal.alexa,0
resistelacomediemusicale.fr,normal.alexa,0
simsaopaulo.com,normal.alexa,0
gojackiego.com,normal.alexa,0
cesithaber.com,normal.alexa,0
inmoabogados.es,normal.alexa,0
mevuclorxwldse.cc,dga.ranbyus,1
aral.de,normal.alexa,0
qnjjemmejiflmnecfkd.cm,,1
tkpvxszhvsdhqhswjfxkxhicqp.biz,,1
saltele-online.ro,normal.alexa,0
sgbsenhancedysb.com,,1
webfeek.com,normal.alexa,0
torrentgator.net,normal.alexa,0
glmuojz.org,,1
hydroinfrashareholders.info,normal.alexa,0
titlewincommunicatecrack.com,,1
cejxkqrq.biz,,1
8d8d3ed8a0750d87602c92d7540480a4.org,,1
sistemasaplicados.com.mx,normal.alexa,0
qgcdwjfcx.cn,,1
seciqudou.ddns.net,,1
cocagexrn.biz,,1
tsuzgvcgkz.com,,1
mei-avivim.co.il,normal.alexa,0
athena.ir,normal.alexa,0
sexomariposa.org,normal.alexa,0
milktuesday.net,,1
269fe03497fe16f385580485843c653f.co.cc,,1
idrljrenqzvzkiakiar.com,,1
online-porno.xxx,normal.alexa,0
jjbdkpbxryhlxp.cc,,1
socialbookmarkingsitescollection.blogspot.com,normal.alexa,0
iugqoccsysooamce.org,,1
okajax.com,normal.alexa,0
bfjiqfghpsjy.com,,1
talkshowyoutube.blogspot.com.eg,normal.alexa,0
qhrstsahdlafwwi.ru,,1
vwyrnpvhnwuvqe.com,,1
hennypenny.com,normal.alexa,0
humblemechanic.com,normal.alexa,0
marketwithkris.com,normal.alexa,0
ljrlbakpwrikwuvq.eu,,1
g1enst6fs9qj.org,,1
brightonpestcontrol.co.uk,normal.alexa,0
gdzua.org,normal.alexa,0
yadea.com.cn,normal.alexa,0
emkigeougmmwawwq.org,,1
sparkasse-donauwoerth.de,normal.alexa,0
pixeldynamo.com,normal.alexa,0
obeflashplaydergeta.net,,1
guiaemdubai.com,normal.alexa,0
nbqivwlysbmqgqsuonfijldon.ru,,1
eguias.net,normal.alexa,0
dmheqsbixgugqtyhbylmvbquwus.com,,1
omnilogie.fr,normal.alexa,0
cztmohluxupmrw.info,,1
mallar.eu,normal.alexa,0
toape.com.br,normal.alexa,0
headache.su,normal.alexa,0
kefran.com,normal.alexa,0
wsgmud.com,,1
kykgcmoyqkcuysoe.org,,1
xs222.com,normal.alexa,0
contribs.org,normal.alexa,0
prfire.co.uk,normal.alexa,0
zymk.cn,normal.alexa,0
g061dqhr958s8x89vs26vulf.net,,1
paulaschoice.de,normal.alexa,0
dongbudaewooelec.com,normal.alexa,0
urilbuomkuvito.ddns.net,,1
aviability.com,normal.alexa,0
techmalaysia.com,normal.alexa,0
efcl.info,normal.alexa,0
dvhu.com,normal.alexa,0
wocorirm.ru,,1
rgetadobeeflashplay.net,,1
hmzercbuhehhpnwgprdqbifyytl.com,,1
saffo.info,normal.alexa,0
ztucbeovytspnedpnnbmbprgyqw.ru,,1
qyipdrquqjrf.in,,1
inengyuan.com,normal.alexa,0
xgfcpqydystl.biz,,1
advuuodogbgm2ov.com,dga.shiotob/urlzone/bebloh,1
simunomics.com,normal.alexa,0
multitriathlon.se,normal.alexa,0
xaker-it.ru,normal.alexa,0
ianatkinson.net,normal.alexa,0
ns1.backdates8.com,,1
superszkolna.pl,normal.alexa,0
rgetadobeflashpelay.net,,1
gardendesign.com,normal.alexa,0
worddetector.com,normal.alexa,0
medtree.co.uk,normal.alexa,0
pravednes.cz,normal.alexa,0
rb.cz,normal.alexa,0
sfexofoh.com,,1
qdq2hwrcsx.net,,1
ffockcofdakaocoa.com,,1
cledepeaubeaute.com,normal.alexa,0
j8378a609fbccfdfd0e3c9a117d761a1d4.ws,,1
duw42ssedklhpr7ubo.com,,1
fenerkolik.org,normal.alexa,0
60d38d47bf1f4c15e2caa8cedd47b0ed.org,,1
astroforum.nl,normal.alexa,0
wogivpgsbxetedugrua.com,,1
stjohn.org.au,normal.alexa,0
submitforsem.com,normal.alexa,0
qgqugokukuemymmc.org,,1
jiuzhang.com,normal.alexa,0
rmwnlutp.com,,1
qualitygurus.com,normal.alexa,0
biginfinland.com,normal.alexa,0
98f5f1918d79cd88c4a1d165819cf592.info,,1
bolognawelcome.com,normal.alexa,0
adinfo-guardian.co.uk,normal.bambenek,0
ftwiknztddqdtuxuc.net,,1
masr11.com,normal.alexa,0
bruno-miguel.com,normal.alexa,0
pcmaker.kr,normal.alexa,0
pgi.com.vn,normal.alexa,0
teypkpqy.biz,,1
rxgbldltpgwh.us,dga.tinba,1
nylukzp.in,,1
psychotherapynetworker.org,normal.alexa,0
lookrise.ru,,1
vdbganerraticallyqozaw.com,,1
crsorgi.gov.in,normal.alexa,0
iojhkmrsyfdwboinmezonr.org,dga.qakbot,1
znkrjptvmc.com,,1
cabaenknkmabafec.com,,1
filmlerinsesi.com,normal.alexa,0
superonline.com,normal.alexa,0
saif.net,normal.alexa,0
bitec-halfmarathon.com,normal.alexa,0
126r60lu1x0h816pi5ndls035i.com,,1
daikin.es,normal.alexa,0
mrc0ybq2gh12ori6abu.ddns.net,,1
rujcqzu.info,,1
ugxheivxocguytcqvwcyofpso.ru,,1
tuugo.com.co,normal.alexa,0
bettingappstore.co.uk,normal.alexa,0
klook.com,normal.alexa,0
xhrubfhfagx1b8pc.info,,1
conditionexaminedealignore.com,,1
juergens-workshops.de,normal.alexa,0
halfpitchmusclebelongreserve.com,,1
weqisep.info,,1
economy-business1.com,normal.alexa,0
nordicgreen.fi,normal.alexa,0
privink.com,normal.alexa,0
glvbiwmxji1rh.com,,1
membresiaclub.com,normal.alexa,0
claudiobernasconi.ch,normal.alexa,0
bugildo.tumblr.com,normal.alexa,0
elwassat.info,normal.alexa,0
conversationrespondrentsoil.com,,1
coinfo.in,normal.alexa,0
uekecsuiwcymao.net,,1
ivmsum4y98a81quf42616k2dlg.com,,1
login-help.net,normal.alexa,0
bunet.jp,normal.alexa,0
synergies-psy.com,normal.alexa,0
sdtuts.com,normal.alexa,0
sugarred.com,normal.alexa,0
hxuhkaieemvxqvirme.sh,,1
cairogossip.com,normal.alexa,0
keysnet.com,normal.alexa,0
pwkco.com,normal.alexa,0
spicevod.com,normal.alexa,0
timway.com,normal.alexa,0
ciricara.com,normal.alexa,0
m2bob-forum.net,normal.alexa,0
hihhucyqrwu.su,,1
mdisupply.com,normal.alexa,0
uwakich.com,normal.alexa,0
qdtz6w0fnebio0yl91ogqvmd.org,,1
ovuspgjedkz.org,,1
fpvdhstbrokth.com,,1
myfriendfernando.ca,normal.alexa,0
b2a1cad756365545ad1f33ce42323134.info,,1
ascelibrary.org,normal.alexa,0
sxoxcmslpjndcg.me,,1
wycliffecollege.ca,normal.alexa,0
myway.com.br,normal.alexa,0
graficalocal.com,normal.alexa,0
5haqiguhhni1xtu.net,,1
f1vqoa1gfipkejlxrdu12cbe86.com,,1
scvrusnptcvdsqf.com,,1
s5yvopuf8duz.top,,1
sellingpower.com,normal.alexa,0
wbojkjyjuyr.dynserv.com,,1
sephora.com.br,normal.alexa,0
beangroup.com,normal.alexa,0
ns1.backdates0.info,,1
quickprox.com,normal.alexa,0
cutghenansnan.org,,1
maventricks.com,normal.alexa,0
1yhi9y83lg93slgiif413zdnrf.com,dga.post,1
blogumutanit.com,normal.alexa,0
oko.uk,normal.alexa,0
laptopshop.nl,normal.alexa,0
erasmus-entrepreneurs.eu,normal.alexa,0
audiogals.net,normal.alexa,0
muzica2.net,normal.alexa,0
hungarymethis.com,,1
investmenttermneckfixadopt.com,,1
victoria-group.ru,normal.alexa,0
silverprod.fr,normal.alexa,0
trbzoh.info,,1
gqmjyc.com,,1
2wceiaar3xpn.net,,1
desitraveler.com,normal.alexa,0
gqiuwiyaukksoeyo.org,,1
qpoirogyqtqsvc.org,,1
games2girls.com,normal.alexa,0
wowshopper.com,normal.alexa,0
tsxsgpomccdqsbxofgap.sh,,1
rmqxur.info,,1
fgnbrfxt.ws,normal.bambenek,0
goangol.hu,normal.alexa,0
dobrich.com,normal.alexa,0
fixrecords.com,normal.alexa,0
hessen.de,normal.alexa,0
odufs8knwvirujo.ddns.net,,1
i063f01857c5c88cc93e89c4067b16757e.cc,,1
jc35.com,normal.alexa,0
ayppvfettvcxdosqu.net,,1
urebaqca.ddns.net,,1
cypxlpmbttqkmnnjduur.ru,,1
myuncchart.org,normal.alexa,0
byuusga.wordpress.com,normal.alexa,0
4n97tq1mxh71v1hgw01d1fd1hcs.com,,1
firstcallonline.com,normal.alexa,0
clashofclanspcworld.com,normal.alexa,0
cotton.ro,normal.alexa,0
mobibing.com,normal.alexa,0
dhiwererwyatanb.com,dga.banjori,1
dragonsurf.biz,normal.alexa,0
4ss.info,normal.alexa,0
thecraftiestcouple.com,normal.alexa,0
wuiixrrzjwcybuadn.biz,,1
temperancechristopher.ru,,1
usweekly24.com,normal.alexa,0
hdrelay.com,normal.alexa,0
viededingue.com,normal.alexa,0
cdzwghshhpqxtt5.com,,1
stellar-info.com,normal.alexa,0
yurist.by,normal.alexa,0
arjxkfvmxmnvjh.net,,1
a84f432852a163bbebbfc6b73247f66e.info,,1
fzrdep.com,,1
transfur.com,normal.alexa,0
lqoojggueuqogaxkhuswxklvvwx.ru,,1
e4wj3x5d787lc6i.ddns.net,,1
fundacioncadah.org,normal.alexa,0
ywuetq.com,,1
brushlovers.com,normal.alexa,0
infer.com,normal.alexa,0
gckxbcoindloexqgo.com,,1
naldo.com.ar,normal.alexa,0
gybowpeqcvxpansuc.in,,1
fumnjqcx.cc,,1
davesdiscountautoparts.com,normal.alexa,0
gmdmsao.info,,1
nnkugsfdyguorujj.ru,dga.necurs,1
mjuiilwokuzsosro.biz,,1
izmir.net,normal.alexa,0
porn.fr,normal.alexa,0
dcxyfwr.net,,1
dn5wpc2f3axw.net,,1
qdqknn.com,,1
juegos-de-minecraft.com,normal.alexa,0
giochibelli.it,normal.alexa,0
ganoexcel2u.com,normal.alexa,0
wtwfila.ru,,1
haoveykvwsbelxlbtpflrqohpr.com,,1
tafbanbe.ru,,1
opinionetwork.com,normal.alexa,0
lk1sugdtln9kxi.com,,1
smp.org,normal.alexa,0
withlend.net,,1
vejsofrjikkfsvhscw.com,,1
afilsf.com,normal.alexa,0
fcfcbakbfbckfdok.net,,1
qfkjau.dyndns.org,,1
diquecito.com.ar,normal.alexa,0
eltiempolatino.com,normal.alexa,0
gmbenefits.com,normal.alexa,0
koawdfqxsf.com,,1
cphi.cn,normal.alexa,0
1w9yt5i1lnfvehel27y1j4ehfm.org,,1
vatwetan.ru,,1
mkhgpsl.info,,1
sqgwsuohooomrum.com,,1
yyhwnbda6aqcexr62m.net,dga.rovnix,1
cedom.gov.ar,normal.alexa,0
ns1.dnsfor13.org,,1
akvon.com,normal.alexa,0
iqlique.co,normal.alexa,0
iitb.ac.in,normal.alexa,0
nd4a2l1bc9odo1k6x8pe1sl480p.biz,,1
vuongsontin.blogspot.com.br,normal.alexa,0
eisacuymwqqcmgca.org,,1
bqxeogn.org,dga.pykspa,1
euroeducation.com.ua,normal.alexa,0
nzb.is,normal.alexa,0
aeawbyplaywobb.com,,1
w9ph16ckyonq1gphctv9a6whp.net,,1
sickcold.net,,1
zarobicpieniadze.com,normal.alexa,0
gmzoffiueqpdskbqpfnrjqceu.ru,,1
aboutalentejo.com,normal.alexa,0
wfmefcxck.net,,1
fg38qci0mshu15d8tm3hrt92.org,dga.post,1
1716mac1k967w1qan0nz14b25fj.biz,,1
esmha.blog.ir,normal.alexa,0
vgperson.com,normal.alexa,0
vgcyusmbzlywhdovcu.ru,,1
skoda.ro,normal.alexa,0
web-mastery.info,normal.alexa,0
darkoctover.net,,1
fotomadam.com,normal.alexa,0
lookhunt.net,,1
mz8x2b8xm7o1.com,,1
hanivinside.net,normal.alexa,0
skaekscqkqoqecaw.org,,1
heroes-online.com,normal.alexa,0
acepiping.com,normal.alexa,0
lwnhldnkalegjwia.eu,,1
schoolreforminitiative.org,normal.alexa,0
idganswers.com,normal.alexa,0
soluziono.com,normal.alexa,0
hiqwca1yt8ug1exg.com,,1
listeviral.com,normal.alexa,0
apbcyls.eu,,1
1vfykc53c4x6ywcqx1196gf30.com,,1
19wn9avkpejsrylwbg3x9lhcs.com,,1
theadspk.com,normal.alexa,0
golfmanfunctionliftcandle.com,,1
pagalworldmp.com,normal.alexa,0
f11f2c696a0859595a4c60db991b8a3b.org,,1
zbaurlvuv.dynserv.com,,1
zeesmovie.com,normal.alexa,0
y8zp9fwmeaav1a0ica9kamq6.org,,1
netbet.de,normal.alexa,0
cylex.ro,normal.alexa,0
175ilqm1pbze2ce929xwvmu3fl.com,,1
gojclyxybcli.com,,1
upmx.mx,normal.alexa,0
hogaru.com,normal.alexa,0
recipefy.com,normal.alexa,0
8tbdflqqlhzjajalat.com,,1
vuptvqarsuf.com,,1
charliethebikemonger.com,normal.alexa,0
gkjicsbqijry.com,dga.tinba,1
hnnqsikathrinezad.com,dga.banjori,1
tiltify.com,normal.alexa,0
1qa8cdd18nquna1mqojjo1lnkqg3.org,dga.post,1
virginiaservicesupply.com,normal.alexa,0
haynesboone.com,normal.alexa,0
rememberbring.net,,1
flahatbbxy.dyndns.org,,1
gm-volt.com,normal.alexa,0
muveszellato-bolt.hu,normal.alexa,0
bathroomradioattackpenhire.com,,1
pokertube.com,normal.alexa,0
ruxpozpu.ru,,1
desktoppr.co,normal.alexa,0
dbbbysvicxqxsllkd.net,,1
tkndxsrtnodtp.info,dga.cryptolocker,1
klcadlccklfcddbf.net,,1
kuueeekoiucekgmq.org,,1
iryrwxwt.top,,1
pleasetouchmuseum.org,normal.alexa,0
typescout.net,normal.alexa,0
demandtowelclosedcommunicate.com,,1
dimfuture.net,normal.alexa,0
oursitedesign.com,normal.alexa,0
3d6fhd16reblc1bb535tah0lsb.org,,1
elaa.org.au,normal.alexa,0
myegymodern.com,normal.alexa,0
linkslc.com,normal.alexa,0
prferixziuetxps.biz,,1
spmrmtmfm.ru,,1
cloudsaturday.net,,1
dealer2jeux.com,normal.alexa,0
bollywoood2.in,normal.alexa,0
vodafonadsl.com,normal.alexa,0
finansenaobcasach.info,normal.alexa,0
fdfeqavt4nruotubkj585xzy.org,,1
maxiorion.cz,normal.alexa,0
aqoscfftkmskwpxh.eu,,1
punkindia.com,normal.alexa,0
mmkbnffbfdacadaa.website,,1
nowyny.eu,normal.alexa,0
1b30vbd1a75hzq1tuzbb516c3um4.org,dga.post,1
lojajardimrattan.com.br,normal.alexa,0
soft-download.com.cn,normal.alexa,0
pefeirav.ru,,1
techm.kr,normal.alexa,0
tunetoo.com,normal.alexa,0
hwpbpsiflqyubsa.info,dga.cryptolocker,1
lxessonjjkn.net,,1
cubaexplorer.com,normal.alexa,0
a1c.jp,normal.alexa,0
spineuniverse.com,normal.alexa,0
usfx.info,normal.alexa,0
uwvuvirvhinsqfs1.com,,1
digitaltv2.persianblog.ir,normal.alexa,0
sleeplessinsoweto.co.za,normal.alexa,0
o6f6428d8dd585675e97fbcb349ec0290e.to,dga.dyre,1
iplpower.com,normal.alexa,0
odtjuttsnmlf.com,dga.tinba,1
udcwohmqmbameqqa.eu,,1
ojujozu.org,,1
sacflrhhst.la,,1
tokyopop.de,normal.alexa,0
lxouwwtuernxmkfm.ug,,1
ekzersis.ru,normal.alexa,0
logi-web.ru,normal.alexa,0
kswo.com,normal.alexa,0
photoshopcn.com,normal.alexa,0
2s1g24pcy1d3vds6pp.com,,1
burokhea.ru,dga.pushdo,1
uxifijkswp.info,,1
hqtvxes.info,,1
cpagrip.me,normal.alexa,0
qwkgbyplaywobb.com,dga.banjori,1
smartdir.org,normal.alexa,0
mteducare.com,normal.alexa,0
delusionmfg.com,normal.alexa,0
stomachcombinenamequalify.com,,1
kapital971.com,normal.alexa,0
paper-paper.com,normal.alexa,0
bmkuubihpcbtvo.ru,,1
warmiesshop.com,normal.alexa,0
wjvcbeeatsgrxobihzxdozbu.ru,,1
feogakaf.ru,,1
jmcprl.net,normal.alexa,0
presstv.ir,normal.alexa,0
tee29.com,normal.alexa,0
he3urazjcp4zf1i.com,,1
pswec.com,normal.bambenek,0
qedetyg.info,,1
froosh24.ir,normal.alexa,0
mcsqqqqacgwysymc.org,dga.ramdo,1
bznaniy.ru,normal.alexa,0
ydwocjd.mooo.com,,1
ua6a6d5bbc14b8f887214e91dca16091ce.hk,,1
ji77.top,normal.alexa,0
yallafeed.com,normal.alexa,0
winksmile.kr,normal.alexa,0
mutoiqdel.jp,,1
radiohosting.mx,normal.alexa,0
sxuqsyepyoqtzhv.biz,,1
jrseinalcentricem.com,dga.banjori,1
so-labo.com,normal.alexa,0
parenfaire.com,normal.alexa,0
excalibur.com,normal.alexa,0
lasertaglsd.ru,normal.alexa,0
seputartogel.com,normal.alexa,0
dilpatji.ru,,1
gubxlsdsholapet.org,,1
fmvrngsvkeqfmp.org,,1
leonardo-stone.ru,normal.alexa,0
advocaredoctors.com,normal.alexa,0
wyqukbgwvgzmj.info,dga.qakbot,1
pibqnhukpaxwowyd.com,,1
theankit.com,normal.alexa,0
aapmr.org,normal.alexa,0
avery.co.uk,normal.alexa,0
xmwguodbnrxuys.org,,1
loancakesandwichdoctorimagine.com,,1
bamillionaire.com,normal.alexa,0
ckbiz.cn,normal.alexa,0
38000km.com,normal.alexa,0
newmatures.com,normal.alexa,0
z1oo5cp44yw4z3hud7.com,,1
ceqgkaoiwcsgikwy.org,,1
cases-csgo.net,normal.alexa,0
vyvifcfinkn.top,,1
prcenter.de,normal.alexa,0
ffmaevlvhbydwfi.net,,1
sinematopya.com,normal.alexa,0
prcwduasdd.info,,1
egkeswntln.com,,1
menhag.org,normal.alexa,0
descargasfilesweb.com,normal.alexa,0
hazcnuwxtzewstxwv.com,,1
onlinenewsvenue.com,normal.alexa,0
cc-library.net,normal.alexa,0
kqfkxfruovrqvchte.net,,1
i052i4ol5vqvsd7.ddns.net,,1
portail-economie.com,normal.alexa,0
findsnapchatusernames.com,normal.alexa,0
1yzhc6d1f1p1qv7uvsv51nyxck6.com,,1
bojuluxse.com,,1
gieymqyorsmgdhuch.cc,,1
biznetwifi.com,normal.alexa,0
1xacthcjzzheg147s8yg1o8ff87.biz,,1
kyyowcgyqmkyegok.org,,1
agentuniverse.com,normal.alexa,0
machetesraka.com,,1
gateads.co,normal.alexa,0
1538j8aqdlfbrv8n6vcjncsji.org,,1
toondoo.com,normal.alexa,0
gmgeumqgqoqawica.org,,1
carsetigal.bid,normal.alexa,0
cqnsaxfupsdfpkyg.com,,1
triedhome.net,,1
doemusou.jp,normal.alexa,0
hosting-review.com,normal.alexa,0
sqnie.com,dga.conficker,1
lcbffomkabccbbca.de,,1
zjthzprqsi.com,,1
provence-outillage.fr,normal.alexa,0
kazniisa.kz,normal.alexa,0
ns1.dnsfor11.org,,1
kindergarden.nl,normal.alexa,0
ns1.backdates12.biz,,1
volshebniymir.ru,normal.alexa,0
fpjbkvdqtmfgkiks.eu,,1
futnsoccer.com,normal.alexa,0
lufthansa-technik.com,normal.alexa,0
hirtjuvrbbzo.net,,1
fehd.gov.hk,normal.alexa,0
noa.gr,normal.alexa,0
rmlyngrm.com,,1
onthesnow.sk,normal.alexa,0
karupsow.com,normal.alexa,0
gnvodf.net,,1
simplybuyanycar.com,normal.alexa,0
car-rider.jp,normal.alexa,0
websitelibrary.org,normal.alexa,0
crij.org,normal.alexa,0
kiisgqaiik.com,,1
polyad.net,normal.bambenek,0
qygkamentalistfanchonut.com,,1
auto.am,normal.alexa,0
lwvrofqxdmxzpmv.net,,1
thepoledancingshop.com,normal.alexa,0
heavencompany.net,,1
persianfal.com,normal.alexa,0
laredo.edu,normal.alexa,0
f11f2c696a0859595a4c60db991b8a3b.info,,1
tujygygeryh.eu,,1
lovedbaby.com,normal.alexa,0
gunze.jp,normal.alexa,0
cottonclassics.com,normal.alexa,0
12ivmk61bnccl81kye3jzpsg669.net,,1
mycaidablyhoosieraw.com,,1
i-own-you-and-your-girl.tumblr.com,normal.alexa,0
iomqvinskycattederifg.com,dga.banjori,1
12ygnuv975ayt1yj9can5wnpvz.com,,1
derpibooru.org,normal.alexa,0
firmaege.com,normal.alexa,0
knowledgefans.com,normal.alexa,0
fjzcalitydevonianizuwb.com,dga.banjori,1
utudqvcn.org,dga.conficker,1
fadtmk.com,,1
nahc.org,normal.alexa,0
obglnyymmdlp.com,,1
mtpvksksnhyyzkv.info,,1
qobhuhaztkkfxfurhukdt.org,,1
gwendolynstephenson.net,,1
mbekkipj.info,,1
otdelstroy.spb.ru,normal.alexa,0
kabsvcixkbksxumaf.com,,1
eevlolrc.ws,,1
erumaer.com,normal.alexa,0
jurafoha.ru,,1
uscaxnwqj.org,,1
aathd.com,normal.alexa,0
gaie.jp,normal.alexa,0
businessdirectoryinuk.com,normal.alexa,0
artetfenetres.com,normal.alexa,0
jtozbj2hyysv1e4.com,,1
brasilreef.com,normal.alexa,0
qdjhfay.eu,,1
sane.org,normal.alexa,0
infoamerica.org,normal.alexa,0
wgqmnwvhuwol.com,,1
2ncpej052bkh.org,,1
rajatnayarfamousastrologer.com,normal.alexa,0
sweets-pages.com,normal.alexa,0
ns1.backdates4.biz,,1
hj11tov7kqaxw2tt.com,,1
gcs.jo,normal.alexa,0
lih2kq9tzvln2le3.info,,1
gtyhmiifjkyx.info,,1
yoisardenslavetusul.com,,1
ppmb2b.com,normal.alexa,0
ahktf.biz,dga.conficker,1
kaehgorao.ddns.net,,1
mechatronikazeg.hu,normal.alexa,0
reedotntexplor.info,,1
planejandoseucasamento.com,normal.alexa,0
bagheaven.com.au,normal.alexa,0
theinterlace.com,normal.alexa,0
rjetrruiuyuarqc.co.uk,,1
haqukeox.ru,dga.pushdo,1
instagramclient.com,normal.alexa,0
hvacpartsoutlet.com,normal.alexa,0
top10binarysignals.com,normal.alexa,0
gmfaererwyatanb.com,,1
empowerhealthinsurance.com,normal.alexa,0
rpz3o01rplxvmkceqvc1vo9zi.com,dga.post,1
forgotten.pl,normal.alexa,0
survivejs.com,normal.alexa,0
yervtjsottdovs.in,,1
b123714618213b919f7ca3ed86949cd1.info,,1
djpbjjmahxugfdjvfzt.com,,1
sawdustgirl.com,normal.alexa,0
mundipaggone.com,normal.alexa,0
mafaebcdfclffadn.cc,,1
chungcuhanoipho.net,normal.alexa,0
dgtuou.com,,1
lef8hezwdmn4.org,,1
filmon-network.com,normal.alexa,0
lazcfqhvhdr.org,,1
campusmagazine.in,normal.alexa,0
aludecor.com,normal.alexa,0
wpbus.com.cn,normal.alexa,0
ismico.com,normal.alexa,0
jexufeebrbys.com,,1
qfi6wfcx10761nwh3nyfkds.ddns.net,,1
nefistariflerim.com,normal.alexa,0
vwpjlfauspxvgpjvcqspscxif.ru,,1
yazilimsozluk.com,normal.alexa,0
bagniproeliator.it,normal.alexa,0
mvsgopee.mn,dga.necurs,1
avilyne.com,normal.alexa,0
tv-show-best.ru,normal.alexa,0
com-cos.xyz,normal.alexa,0
beqafbeo.ru,,1
qnr51aj5g8gqgaf2piko1f2z.biz,,1
pxsmhupvrcarqspxhuwrspgu.ru,,1
statusforwhatsapp.in,normal.alexa,0
hggqcrvtbgzigkgof.com,,1
lqxajseuqjja.net,,1
pmrstazgxqbs.com,,1
nomorefakereviews.ning.com,normal.alexa,0
evenforex.com,normal.alexa,0
stockoptioncounsel.com,normal.alexa,0
ns1.dnsfor13.info,,1
mixfun.ir,normal.alexa,0
lowcarb-paleo.com.br,normal.alexa,0
boche.net,normal.alexa,0
18irggy1vu81czw454vg18oryfx.net,,1
sportsradiownml.com,normal.alexa,0
wecirvah.ru,,1
agualuna.es,normal.alexa,0
asqxxkjukkywzxhwk.net,,1
ep707d3036y6a65di0k.ddns.net,,1
rbwoyusmykstdf.in,,1
in2vlt12skesbonz8mqgr1ni0.org,,1
ijjknuonogkqnnx.info,,1
onu24.com,normal.alexa,0
inspirefnb.com,normal.alexa,0
ztodvinskycattederifg.com,,1
pxxaldeo.com,,1
leeshetnu.nl,normal.alexa,0
asaikikaku.co.jp,normal.alexa,0
a915bb6215dca5ae12d1675bca5543ca.cz.cc,,1
shebaoonline.com,normal.alexa,0
v94zklw3vtf5koypwcq1a3ll.net,,1
ruotgm16wa8ds114kcyx10c62fw.net,,1
xinkpqjshuvc.org,,1
wvqepmqsonukotfxs.net,,1
dietata.com,normal.alexa,0
dreamlines.fr,normal.alexa,0
myzte.com,normal.alexa,0
1749rwlo2jalf1kjt4e41p0z2be.org,,1
veuncixmrswcasvoinussercby.org,,1
hoppy-happy.com,normal.alexa,0
fruugo.es,normal.alexa,0
le-choix-funeraire.com,normal.alexa,0
1atklju1reas751wjsbg3wdyucl.net,,1
dobytes.su,,1
xmbvrsopytgejlmt.net,,1
23ve8q1nk5k961dww1kb198catc.com,,1
zvwqpartbulkyf.com,dga.banjori,1
jihtdax.cc,,1
cuadepblog.wordpress.com,normal.alexa,0
jfqcfutsbalfincwkmrmvutgphzh.biz,,1
smrswvbetutytgedadlblblniz.com,,1
fuuzoku-tv.com,normal.alexa,0
ruiyinxin.com,normal.alexa,0
52html5.com,normal.alexa,0
demopavothemes.com,normal.alexa,0
e52b10320572b77cd64f915a7ee7af89.co.cc,,1
gitlerluvua.com,,1
jstnmnepgqbaulwq.eu,,1
insidedaweb.com,normal.alexa,0
esp.gov.eg,normal.alexa,0
ns1.backdates17.com,,1
csharpstudy.com,normal.alexa,0
wcpclub.com,normal.alexa,0
dwczks.net,,1
annuaire-mairie.fr,normal.alexa,0
keablfmmmencdfkb.online,,1
1so42dv12gieob1y9jgf11jmjobq.net,,1
goodquestion.ru,normal.alexa,0
kgeitpyjtq.org,,1
aynvaeqdcyphtgauhehtsgpn.ru,,1
rjfpsah.in,,1
fa3zqc2lmtru2rwc.net,,1
pwnkqzyxoh47.com,,1
buyperfectbags.com,normal.alexa,0
dlvebicjboztvv.info,,1
acugooasonrgm.xxx,,1
hebqgfmyyuir.com,,1
drunkentop.com,normal.alexa,0
u0sdgx5hiv1pg8u.ddns.net,,1
jnfaxwnrwkxbunfrkirrsdmhamvaqc.com,,1
autobahnspeed.com,normal.alexa,0
zumcjylnoc.com,,1
ianjohnston.com,normal.alexa,0
polluxnetwork.com,normal.alexa,0
biyabotydieemrgm.eu,,1
axjwesbdnnjexu.co.uk,,1
cgqqazvoeovce8j.com,,1
pemburukuis.com,normal.alexa,0
tokotimur.com,normal.alexa,0
workhere.co.nz,normal.alexa,0
glcuwpykkoomkr.com,,1
elngqacicgsnety.work,,1
thedailymba.com,normal.alexa,0
planejamento.gov.br,normal.alexa,0
ca81fhqc2nyxldg7rx.cn,,1
geekfactory.mx,normal.alexa,0
world-earthquakes.com,normal.alexa,0
lza.lv,normal.alexa,0
ajxckndtvmqckuvn.eu,,1
6030000.ru,normal.alexa,0
uwpiwh.info,,1
kepujajynib.eu,,1
nannu.me,normal.alexa,0
effortspace.net,,1
shara.ir,normal.alexa,0
aqwfqxgduzlbmqwijlyddqovxwcu.ru,,1
aagsisaaccoyeioy.org,,1
xnfdqg.info,,1
timevn.com,normal.alexa,0
sfujbwgjfswjrbexkdshqrfa.ru,,1
14epew21sx1yakobdbajgukc99.biz,,1
8ga2rdtek56zkksbs4.com,,1
fondation-abbe-pierre.fr,normal.alexa,0
kysymemqmcmqmiem.org,,1
p2b676a863f7c78cb8900f2133c350e726.so,,1
lewen8.com,normal.alexa,0
yasqwauguysssqes.org,,1
vthhalitydevonianizuwb.com,dga.banjori,1
abamofackfmnmoaf.cc,,1
davaiknam.ru,normal.alexa,0
marc-cain.com,normal.alexa,0
ergetadobyeflashpla.co.uk,,1
100kilo.jp,normal.alexa,0
11877de809175158f01f2769a7b451ae.cz.cc,,1
naopugj.info,,1
qkzuuupmqy.biz,dga.nymaim,1
jesuson.net,normal.alexa,0
ehliblog.com,normal.alexa,0
vitadaturista.it,normal.alexa,0
contactlenses.org,normal.alexa,0
alfaisaliah.com,normal.alexa,0
staples.co.uk,normal.alexa,0
1u9w7r91aofe02km25ob17hgvmn.net,,1
expatfocus.com,normal.alexa,0
eqfralitydevonianizuwb.com,dga.banjori,1
yv3q0d1s2rk99j10w72pg725w.com,,1
debtordaddy.com,normal.alexa,0
sfir3pwron7paxqdgvwjcxw.ddns.net,,1
vreale.tv,normal.alexa,0
3353myhk5engm7rzua.biz,,1
awumewiq.biz,,1
ovlgakjhrlfjnyttobvxx.ru,,1
swarvemen.com,normal.alexa,0
ivupzcfortqwc.com,,1
chinatowercom.cn,normal.alexa,0
pharmacy-norx.ru,normal.alexa,0
gilanak.com,normal.alexa,0
list-directory.info,normal.alexa,0
izllzixotympqqr.com,,1
1fr2i20pnoxih1bjush1u8wn90.net,,1
wiceaqea.ru,,1
gnclassifieds.com,normal.alexa,0
wkjyreihkkrq.net,dga.tinba,1
myfreedomsmokes.com,normal.alexa,0
educal.com.mx,normal.alexa,0
18teweu1ijqkf8f2yhaj1tvg47.net,,1
wearesicc.com,normal.alexa,0
tsjbetcpqxmn.com,,1
bjcustoms.com,normal.alexa,0
discoverycc.com,normal.alexa,0
adultxcamz.com,normal.alexa,0
aceteleshop.com,normal.alexa,0
gmuqcygmwgigukiw.org,,1
pinkfishmedia.net,normal.alexa,0
struers.com,normal.alexa,0
jvolejltvhn.biz,,1
addicted2decorating.com,normal.alexa,0
viadf.com.mx,normal.alexa,0
idqgdflbvyvwfecdrwq.com,,1
trrshyewbvcsrg.tw,,1
mcgard.com,normal.alexa,0
hofbofptog.dyndns.org,,1
aquwfounacvidi.ddns.net,,1
bodjjvj8l2kf8lwp8v.ru,,1
fividokx.ru,dga.pushdo,1
mdrelectronics.com,normal.alexa,0
kywgqemieekyoaau.org,,1
mi39rkfmeo1dpf2.com,,1
graphicsoria.com,normal.alexa,0
ihetwineagwou.ddns.net,,1
electsex.com,normal.alexa,0
qjfrrmcrenne.cc,,1
alpensepp.com,normal.alexa,0
erwvwpgdkb.ru,,1
bgfkpiptsqqi.com,dga.tinba,1
interlinkexpress.com,normal.alexa,0
abaxion.com,normal.alexa,0
adcxmvyvq8yxelin3nynmpi.ddns.net,,1
ibfcdsyvyypg.com,dga.tinba,1
manageitapp.com,normal.alexa,0
weblabla.ru,normal.alexa,0
sn.pl,normal.alexa,0
adpostjob4u.com,normal.alexa,0
brandomatic.ru,normal.alexa,0
sadabandeira.com,normal.alexa,0
rangle.io,normal.alexa,0
dwrxfhslogxiea.com,,1
e-mp3s.eu,normal.alexa,0
businessinsider.in,normal.alexa,0
taedobeflashplayerg.net,,1
thfkhovacbu.cn,,1
spasb.ro,normal.alexa,0
ih8tlr1q76educwjq411f6s14c.net,,1
valdelsa.net,normal.alexa,0
doctoreman.ir,normal.alexa,0
wylbsemitismgavenuteq.com,dga.banjori,1
cisyuiqasmcmmouc.org,dga.ramdo,1
oxlzuxkrktffraqymbamjzmm.com,,1
justiceservices.gov.mt,normal.alexa,0
usb-flashdrive.co.uk,normal.alexa,0
domofons.info,normal.alexa,0
vztvancorml.com,dga.banjori,1
educator.pk,normal.alexa,0
tnttcsymjxz.info,,1
interiordesignshow.com,normal.alexa,0
thesilverneedle.com,normal.alexa,0
photocalorie.com,normal.alexa,0
emweoauimesasgoo.org,dga.ramdo,1
remerra.blogspot.ro,normal.alexa,0
3tc2w4ide25h7heny4o.ddns.net,,1
bfgbbdxynauorg.com,,1
talemarkhopeofficershoulder.com,,1
urqznfwfao8ysfztz11fjk52.com,,1
dkmbbeddokocfebb.com,,1
lefvcywsguk.com,,1
lvqgwzpiriblqcmjpvkizbrsuk.ru,dga.goz,1
scccd.net,normal.alexa,0
uycoua.com,,1
kisspiss.com,normal.alexa,0
melbournecitychauffeurs.com.au,normal.alexa,0
qblog.ch,normal.alexa,0
oddjjmodc.tv,,1
kiqousdgis.com,,1
jiemian.com,normal.alexa,0
rupmxohmxjclh.com,dga.ramnit,1
1oue5qsxhmtnd15g8jr5ta83h6.net,,1
streaming-bokep-terbaru.com,normal.alexa,0
wkkzqwdcnovxsbenfhqfmpxk.ru,,1
xaklkoytqcgesq.com,dga.ramnit,1
lederne.dk,normal.alexa,0
isikun.edu.tr,normal.alexa,0
swiatandroid.pl,normal.alexa,0
emploilibre.fr,normal.alexa,0
singlestar.jp,normal.alexa,0
cgvdhbctkfdv.com,,1
hojiqicb.ru,,1
vancl.tmall.com,normal.alexa,0
molke.nl,normal.alexa,0
agpavknyng.net,,1
d-e-s-i-g-n.ru,normal.alexa,0
tadanoamerica.com,normal.alexa,0
cityofsacramento.org,normal.alexa,0
greek-fun.com,normal.alexa,0
digitaloperative.com,normal.alexa,0
uninsubria.it,normal.alexa,0
bulkbookstore.com,normal.alexa,0
glnctnojmlfsrkp.info,,1
chateau-de-cambes.com,normal.alexa,0
basseinkonda.ru,normal.alexa,0
horsegabb.com,normal.alexa,0
sau.edu,normal.alexa,0
authorsmartalarmwishknow.com,,1
eagleeye.com.tw,normal.alexa,0
baseballprospectus.com,normal.alexa,0
fundady.com,normal.alexa,0
wcbdhursokvp.net,,1
screenguards.co.in,normal.alexa,0
osqfiunyyfkyqpn.com,,1
x7p7ow1zkp125q8yui.biz,,1
ohanwefixp.biz,,1
hnkzufms.org,,1
100tejia.com,normal.alexa,0
3xm4o0ex78mp3jw4161.ddns.net,,1
diamantine.ma,normal.alexa,0
ynalwbgpi.ru,,1
kuforum.co.uk,normal.alexa,0
videosongs77.in,normal.alexa,0
kelphome.com,normal.alexa,0
nbpeyncxsfefctez.com,,1
smoworld.net,normal.alexa,0
pikyutjwlo.info,,1
efarma.ro,normal.alexa,0
easybookingz.com,normal.alexa,0
sgbau.ac.in,normal.alexa,0
18xbbxpsh44vb4ip2fi11bd2j0.org,dga.post,1
bolohq.com,normal.alexa,0
ecarsearch.de,normal.alexa,0
feobbkbbomanldbd.com,,1
19h2x9tttvhu4w66wrb1en4iss.com,dga.newgoz,1
i-love69.com,normal.alexa,0
ns1.dnsfor5.net,,1
mantras2success.com,normal.alexa,0
xekqyty.info,,1
ltcfpuctidqqqxxzpikz.com,,1
wholespice.com,normal.alexa,0
phobia.ru,normal.alexa,0
grammota.com,normal.alexa,0
iqwifsunu.yi.org,,1
xnhkvnghecxwtix.com,dga.ramnit,1
cartoonreplica.com,normal.alexa,0
eiaeeyiaccumcyai.org,,1
hpntuogdqcmmdtsk.eu,,1
seacomm.org,normal.alexa,0
albatros417.com,normal.alexa,0
itgdellaporta.it,normal.alexa,0
uvrqaxwutwrpr.com,,1
3jsqn41oratsp1vdurzxmhidan.biz,,1
lambdal.com,normal.alexa,0
martinaditrento.com,normal.alexa,0
homerecording.be,normal.alexa,0
fmfyfgpq.net,,1
kuwancei.ru,,1
tihyogames.wix.com,normal.alexa,0
xihealok.ru,,1
p4a744e364b3c756046af259449c47441a.in,,1
leanblog.org,normal.alexa,0
ahlgkcvwni.mn,,1
georgeannasappington.net,,1
flashstream.in,normal.alexa,0
blackwireless.com,normal.alexa,0
fajc98awj0y2lno2.org,,1
narashikanko.or.jp,normal.alexa,0
satvjwkgmrsynp.in,,1
stifterverband.info,normal.alexa,0
escortprivada.com,normal.alexa,0
ujpsxemxxelufuqbo.pw,dga.ranbyus,1
putin-itogi.ru,normal.alexa,0
xn--24-mlclqskeq.xn--p1ai,normal.alexa,0
straightguyphotos.com,normal.alexa,0
dobeflashpalayerget.co.uk,,1
32mtm8i8qj1v7vo.ddns.net,,1
jhwmguxotnln.click,,1
cloudbbs.org,normal.alexa,0
aoskmachuslazaroqok.com,dga.banjori,1
74hejs5yn4tm.com,,1
ccpcuib.com,,1
1mb8luvc92n0.com,,1
akupunkturexperten.com,normal.alexa,0
ajfvnivxtypykqae.click,,1
eixqitqxjo.net,,1
74xyjc96zg5y.com,,1
loreredotnptex.info,,1
e8gnix3jelircn1baf5830g.ddns.net,,1
bihluhwsbefp.com,,1
livenation.fr,normal.alexa,0
minox.com,normal.alexa,0
kimklassen.com,normal.alexa,0
styleicone.com,normal.alexa,0
evefsgrwpddgw.com,dga.ramnit,1
kcg.gov.tw,normal.alexa,0
littleskyechildrensboutique.com,normal.alexa,0
brookelynnebriar.com,normal.alexa,0
pkxwpqzcx.top,,1
hthbytvafjfoei.org,,1
ptt01.cc,normal.alexa,0
timan98.ir,normal.alexa,0
adpinfo.com,normal.alexa,0
myoquqaqmemkwiwy.org,dga.ramdo,1
mayra.ro,normal.alexa,0
doublemesh.com,normal.alexa,0
wq136xeedg9b12x1s9612xnye9.com,,1
euvzas.com,,1
massmailservers.net,normal.alexa,0
fwwfn.com,normal.alexa,0
navyfield.com,normal.alexa,0
fkctnsbruaabsklhq.in,,1
chely.com,normal.alexa,0
lyvon.eu,,1
crd17r1t0y3uc1hfj34n1e9ckft.net,,1
eurotoner.hr,normal.alexa,0
carrotsformichaelmas.com,normal.alexa,0
y4mo64usucq4.org,,1
movedeal.net,,1
eflashplayergbetado.net,,1
kinetix.com.tr,normal.alexa,0
jfprlpllmlfrgqj.com,,1
bifglpiumrut.com,,1
siamsecond.com,normal.alexa,0
wxurklmv0din.net,,1
my-update.net,normal.alexa,0
frontierenews.it,normal.alexa,0
whfluyhvjhc.com,,1
magnasteyr.com,normal.alexa,0
aktivist.pl,normal.alexa,0
bagifilm.com,normal.alexa,0
yawlivvcheoktn.com,,1
ib.gov.tw,normal.alexa,0
huifutz.com,normal.alexa,0
jkjrlshqrmlk.cc,dga.tinba,1
schlaraffenwelt.de,normal.alexa,0
excelpratico.com,normal.alexa,0
clubdiscussion.net,normal.alexa,0
tskjkvtwcmmnlplxsijcirwbm.ru,,1
beeptunes.com,normal.alexa,0
tokutyou.com,normal.alexa,0
hitsale.net,normal.alexa,0
forbepq.info,,1
1qtvxsg1ilxyyd5iqxg1d10k6r.com,,1
bellatio.nl,normal.alexa,0
3cf6865c50c662ba46e6563f9a53fb09.co.cc,,1
totallyfuzzy.net,normal.alexa,0
tcbrhwfljdsnemyft.net,,1
ogaioaieyymogcma.org,,1
rxportalexpress.com,normal.alexa,0
nteku.com,normal.alexa,0
invasivespeciesinfo.gov,normal.alexa,0
w11061ae0868e3e7d1061afb98b1a039ae.tk,,1
netarow.net,normal.alexa,0
aduba.co,normal.alexa,0
xztvijlrdxoorlbddhpjpbcy.ru,,1
idparaarkeind.ddns.net,,1
wu4ysqsqsag6.org,,1
l28762e17638ccac9dcff3f17025c00903.ws,,1
rexol.bg,normal.alexa,0
cbqwvxqfci.info,,1
h81z1g5udviaauhei8.cn,,1
uqmkuzo.net,,1
1ssjuao158z7gh1kgm2vxefwrhq.org,,1
wfwxq.com,normal.alexa,0
vanity-deli.jp,normal.alexa,0
wens.com.cn,normal.alexa,0
qkwckqaaqocawsyu.org,,1
cti.gov.br,normal.alexa,0
patioenclosures.com,normal.alexa,0
materialcoatpagecommitdish.com,,1
mill-ride.com,normal.alexa,0
owgkidm2hahv.net,,1
vibes.com,normal.alexa,0
bnolqtodsnkl.com,dga.tinba,1
pakistanpaedia.com,normal.alexa,0
jupjuxdu.ru,dga.pushdo,1
idvaiocsi.com,,1
eflaaskecivii.ddns.net,,1
qutyellefrictionlessv.com,dga.banjori,1
nabczergzqu.net,,1
infobizclassic.ru,normal.alexa,0
guiqixbaaphoc.ddns.net,,1
acertodecontas.blog.br,normal.alexa,0
ceeqwwiq.net,,1
allomaigrirvite.com,normal.alexa,0
eriesd.org,normal.alexa,0
thesurfingsite.com,normal.alexa,0
google.md,normal.alexa,0
iqskwiamkweucuyc.org,,1
couponcodesdaily.com,normal.alexa,0
6t5yl5b7v2dduaqndh.biz,dga.rovnix,1
k11lwsxap66qoilnhc.net,,1
catchsoftware.com,normal.alexa,0
contohsuratku.com,normal.alexa,0
1q2aas81ydl1tu12nlmei1gkhj18.net,,1
dondepuedodescargar.com,normal.alexa,0
job0663.com,normal.alexa,0
credomatic.com,normal.alexa,0
pe7i1g1np74b71h5lgtus46ihq.org,,1
fbtcuzfuhpzleqrlpv.biz,,1
gvnlyrmmcnvckwt.su,,1
sabanmea.ru,dga.pushdo,1
mothercare.com.my,normal.alexa,0
viapeirzzozwhnvzixs.org,,1
bromleyestatesmarbella.com,normal.alexa,0
ibsoxaqhik.net,,1
childrenwithcancer.org.uk,normal.alexa,0
gvjp8uaoajk83n1a.cn,,1
alvicius.com,normal.alexa,0
tdsxdezcqjsebtlligyv.biz,,1
lashplayerfgetadobe.net,,1
mintblogger.com,normal.alexa,0
bobdogzs.tmall.com,normal.alexa,0
showjav.com,normal.alexa,0
celebrationcinema.com,normal.alexa,0
ksk-soltau.de,normal.alexa,0
agilemarketing.net,normal.alexa,0
fishingmegastore.com,normal.alexa,0
bradenton.com,normal.alexa,0
oe0jhy58gg1vryox.org,,1
overgaard.dk,normal.alexa,0
m73e35a050ec522cac56199f65caed793b.tk,,1
jatgqqcjucalg.net,,1
ciberdvd.net,normal.alexa,0
tessgerritsen.com,normal.alexa,0
akan.ru,normal.alexa,0
tf-mlm.biz,normal.alexa,0
qcwmoaiq.net,,1
10vtb1qlfll5f1a3eamoe4sz3a.biz,,1
of4c62a4520bcf05068c88c79f76ea5c7d.cc,,1
garderlecontrole.fr,normal.alexa,0
hamdard.in,normal.alexa,0
uacdjdivnxnomh.com,,1
googleweblight.com,normal.alexa,0
lswurico.info,,1
agilecraft.com,normal.alexa,0
qoinfaucet.com,normal.alexa,0
gadugfea.ru,,1
17vepab1sjti2x1xuw61fzbcah8.org,,1
horlnsnvynyi.net,dga.tinba,1
21casino.com,normal.alexa,0
okgcanerraticallyqozaw.com,dga.banjori,1
ysfbhljnnvj.net,,1
87e7e4afb727ee422f7eccef7466d0ba.co.cc,,1
lbbmcembuizdtmzxlhlznvcqd.ru,,1
huzpdswaqjbptfembfqhifln.ru,,1
kazupack.kz,normal.alexa,0
bvs-ned.net,normal.alexa,0
xjhmxuuvudj.pl,,1
ns1.backdates18.net,,1
cffnblfoladbdkoa.net,,1
ussseueaqeeukosq.org,,1
lehladakhpackages.net,normal.alexa,0
blogging.org,normal.alexa,0
brazily.ru,normal.alexa,0
autotoha.de,normal.alexa,0
oefnlpuf.net,,1
ne303ab322c05bb59975166bf4b00c57d6.so,,1
ujwnybcnyna.ru,,1
hef8han0pu3c.org,,1
atakdesign.pl,normal.alexa,0
qrc.org.au,normal.alexa,0
henriquechannel.com,normal.alexa,0
emmas.ru,normal.alexa,0
xqivciu.com,,1
qyr7ym1ncrllzyat42f4iczs8.com,,1
adtcdbpxljv.info,dga.conficker,1
n5ee8ad34475c9d98fd849b1aa6d0bf8bb.cn,dga.dyre,1
lawson-drive.jp,normal.alexa,0
ebqnsjw.org,,1
i-ghost.biz,normal.alexa,0
yyjakpfrwuslbc.com,,1
jlqipsk.info,,1
rktglonmful.ru,,1
sportshoop.la,normal.alexa,0
upulxyf.biz,,1
bbaoooanmlmbecfc.com,,1
reisedepeschen.de,normal.alexa,0
wuddfwhqayyq.com,,1
schottnyc.com,normal.alexa,0
1w77bt7tdiu0p1gekk901cbu8nf.com,,1
theinfatuation.com,normal.alexa,0
doc-pdf.net,normal.alexa,0
spicersretreats.com,normal.alexa,0
qksaqccicosukqay.org,,1
nklgeepfwdhn.com,,1
aqjtkrgbcyk.info,,1
cheirodemusica.com.br,normal.alexa,0
webkinzinsider.com,normal.alexa,0
aacymigcumgycywe.org,,1
ehlptilmeuvafnlewusq.info,,1
txmcfmm.info,,1
sgo.fi,normal.alexa,0
blackfire.io,normal.alexa,0
cwme.net,normal.alexa,0
gxnjvy4325q2t5o72j.com,,1
se-connecter.com,normal.alexa,0
btmicfxggiqjagam.com,,1
hourclubskyriskretainroof.com,,1
swosti.net,normal.alexa,0
profdroid.com,normal.alexa,0
jyuifhwbptvyhwvt.eu,,1
pumapiv.info,,1
a-hospital.com,normal.alexa,0
irylbqkrpfuklhytgkbgipbojtwx.org,,1
gaybearcocks.com,normal.alexa,0
easygame.jp,normal.alexa,0
neuralstem.com,normal.alexa,0
showgirlzexclusive.com,normal.alexa,0
mbgreenhouse.com,normal.alexa,0
goodservice.in,normal.alexa,0
kqvqygc.eu,,1
ensenada.gob.mx,normal.alexa,0
strelkacard.ru,normal.alexa,0
talklog.net,normal.alexa,0
tododiarios.com,normal.alexa,0
userstyles.org,normal.alexa,0
vr-zronline.de,normal.alexa,0
senteurdoc.com.tw,normal.alexa,0
geek.lk,normal.alexa,0
tripnmate.com,normal.alexa,0
klfshpkplipmyuyf.org,,1
vbqqclbmylylfusgxstdsgmz.ru,,1
dugbtanew.click,,1
xthahwwespodal.co.uk,dga.cryptolocker,1
mfdkacfkmndofckb.com,,1
iamarg.com,normal.alexa,0
aturtleslifeforme.com,normal.alexa,0
vcsohylqr.ug,,1
designlecturelosethrowought.com,,1
rjlopydjottqh.com,dga.ramnit,1
imgfast.net,normal.alexa,0
y7rbvdqookbgcjqd.biz,,1
nskquzf2rqzv6xaf.biz,,1
mh-s.ru,normal.alexa,0
syywwwiq.biz,,1
smplace.com,normal.alexa,0
paupeozwxf.info,,1
theblueskitchen.com,normal.alexa,0
antiochseattle.edu,normal.alexa,0
usoceocsaakewwyo.org,,1
andertons.co.uk,normal.alexa,0
pedalla.com.tr,normal.alexa,0
wpsocial.com,normal.alexa,0
frizou.org,normal.alexa,0
optitrack.com,normal.alexa,0
saydaily.com,normal.alexa,0
xjgqh9xx6caq1d2h1nyo9uqcm.com,,1
rumahlink.com,normal.alexa,0
shd.de,normal.alexa,0
kfocdbkckkdfbmdn.website,,1
jenoboxu.info,,1
blitz-cinestar.hr,normal.alexa,0
qt9ffkdu6o58odmejny0cbra.net,,1
atlantiae.com,normal.alexa,0
1ddhk8110y3co61qg7xnl18cpqm1.net,,1
acteavo.com,normal.alexa,0
malestars.net,normal.alexa,0
ciunga.it,normal.alexa,0
aboutemeraldjewelry.com,normal.alexa,0
dycowxkowravcl.me,,1
mudcu.be,normal.alexa,0
10d24ls1odmtm61otdg4e1nqwsmo.com,,1
kdkfwfqdu.top,,1
security-consult.at,normal.alexa,0
ofnzw8f0tpifjjvj.org,,1
caintv.com,normal.alexa,0
meipintu.com,normal.alexa,0
bndlnqpj.work,,1
actrice-vienna.at,normal.alexa,0
sat-billing2.ru,normal.alexa,0
12yeopu1cpz0un1p59rsn9e3nk.com,,1
james-hare.com,normal.alexa,0
vilcutaw.ru,,1
best1000games.com,normal.alexa,0
iq98cmbtu7ey1rg74a2x4rs7a.net,,1
lurxiwlpx.org,,1
37z90k1qojgqf31k2w315gnuon.biz,,1
runningzen.net,normal.alexa,0
balunova.ru,normal.alexa,0
urihtl.net,dga.conficker,1
lyvuxar.info,,1
archidiecezja.warszawa.pl,normal.alexa,0
ezklmbkzw.com,,1
bebenyabubu.com,normal.alexa,0
sccgov.org,normal.alexa,0
lorcanodonoghue.tumblr.com,normal.alexa,0
yxtgofamgqsgbuvblfsdyxby.org,,1
rekvest.ru,normal.alexa,0
crossfittuluka.com,normal.alexa,0
judujupx.ru,,1
mxmlolip.com,,1
olvxjx.org,,1
ulflumnccbjiacztqhbb.org,,1
sextf.com,normal.alexa,0
1yldirp1f2up3hep91cm1qjfwfr.biz,dga.post,1
lskimblog.wordpress.com,normal.alexa,0
hwcddxnqsylaygrtpj.com,,1
xxsarasildeafeninguvuc.com,,1
jtldplml.info,,1
ayergetadlobeflashp.net,,1
owekdoevrac.ddns.net,,1
oshhcx.com,dga.conficker,1
855bq76z8amr13jpfnus5tvvl.com,,1
ptfdbqz.info,,1
diariosur.com,normal.alexa,0
axiommemory.com,normal.alexa,0
dklikk.be,normal.alexa,0
fodlmdendffeokno.com,,1
pstnrob.net,,1
mousewhisperer.co.uk,normal.alexa,0
twinstarcu.com,normal.alexa,0
lvphxfvpsigghujpdm.com,,1
hydroculture.co.uk,normal.alexa,0
chemanager-online.com,normal.alexa,0
investmentexecutive.com,normal.alexa,0
17t0c6onyxskv1r8vpwg1xvvsl2.biz,,1
ntcwsaihgxhbxmrxhakjdzl.com,,1
qjgbsjm25r5tor30y4m.ddns.net,,1
dsvzaunjc1ytcee2lx.net,,1
wopkomnqlvwrwt.info,dga.murofet,1
opvqepsqcq.net,,1
oswaibawa.ddns.net,,1
tinocar.pt,normal.alexa,0
tickme.com,normal.alexa,0
ns1.dnsfor4.info,,1
lgsfbhyyrrnalpcbqkob.com,,1
jbhhsob.dynserv.com,,1
techinfobest.com,normal.alexa,0
mikhalych.kz,normal.alexa,0
ndxgrsjdsrpyz.net,,1
widgetcontador.com,normal.alexa,0
ydtwdairdivvbk.org,,1
acae4p3kfygsm22bvy.biz,,1
vjcniologistbikerepil.com,dga.banjori,1
kmew.co.jp,normal.alexa,0
cweaererwyatanb.com,,1
ahtaomvecamu.ddns.net,,1
sosexybabes.com,normal.alexa,0
terra-comic.com,normal.alexa,0
1fdksuj3l22qjh.net,,1
bbvlsagabardinedazyx.com,,1
ge8s6ovjyplqnha72b.cn,,1
xcxgnnivrdhsvc.net,,1
eclubstore.com,normal.alexa,0
nice.org.uk,normal.alexa,0
anycast.com.vn,normal.alexa,0
forteresearch.com,normal.alexa,0
adiumxtras.com,normal.alexa,0
beethinking.com,normal.alexa,0
teenzone.pl,normal.alexa,0
gvjvmsryffslvkgkpu.com,,1
uizzqb.mooo.com,,1
yucho-moneyguide.jp,normal.alexa,0
depot.de,normal.alexa,0
oqvxmeb.eu,,1
projetoluna.com.br,normal.alexa,0
qfxs.cc,normal.alexa,0
yv81e30turwl.net,,1
fasioi.com,dga.virut,1
81658u1owf9qh14srlyx1sd6kpm.biz,,1
solvedownload.com,normal.alexa,0
coejwvx.info,,1
dkbmkfzsbfouqwk2g.com,,1
ceuskaaaeomwiwuc.org,,1
uiyiyyua.com,,1
llamarepublik.com,normal.alexa,0
sibeyaxjubxc.org,,1
bwvpihdykqmnlc.com,,1
upcjlydwbccesaubujhcxgpt.org,,1
minemensia.com,normal.alexa,0
hawyat.com,normal.alexa,0
libertypumps.com,normal.alexa,0
aris.re,normal.alexa,0
indomovi.org,normal.alexa,0
overpass-api.de,normal.alexa,0
uia88fp827ao8x685s1dxjdg3.org,,1
tweetdeleter.com,normal.alexa,0
tpvivbqlgmzxintswkcymjxonzd.ru,,1
bigfucktube.com,normal.alexa,0
ztkqphc.net,,1
muokfxsceqoonqchyijvkrefwssk.ru,,1
bullionvault.de,normal.alexa,0
newkidsonthegeek.com,normal.alexa,0
swcwvbgxxhgt.com,dga.tinba,1
barbigiydirmeoyunuoyna.com,normal.alexa,0
storyassumebikeinvitereference.com,,1
waysrl.com,normal.alexa,0
rozup.ir,normal.alexa,0
ario-kurashiki.jp,normal.alexa,0
gcjzieidyw.com,,1
bedlinendirect.co.uk,normal.alexa,0
msancf.in,,1
ns1.dnsfor17.com,,1
leyfvbbkbo.com,,1
ztqwunuzmm.com,,1
worldnic.com,normal.alexa,0
wpuoyfcd.com,,1
goeasyship.com,normal.alexa,0
shophannalee.com,normal.alexa,0
acaoffakfddmaeka.com,,1
ivid.it,normal.alexa,0
3w5mvcd67chq.net,,1
nobelone.com,normal.alexa,0
skporilmi.net,,1
cybrosys.com,normal.alexa,0
landandfarm.com,normal.alexa,0
turcalendar.ru,normal.alexa,0
friv2014games.org,normal.alexa,0
yergetadobeflashapl.co.uk,,1
uuchys.biz,,1
e4715e85e0bf6da2863534f5eb660467.info,,1
q61dvodkb9vh1fq6e261wrmfz8.net,,1
142j58p1iffcmmxp45orulfz2.org,,1
dietangel.com.my,normal.alexa,0
rsoxnoyuern.info,,1
krasa-zdorovie.ru,normal.alexa,0
boeywalcijz.dynserv.com,,1
oeex0h1iac4p21m89e5gscact7.biz,,1
oaocacknfocaanlo.org,,1
digi-tents.com,normal.alexa,0
kxfuaqaukxkbqq.net,,1
iti.org.tw,normal.alexa,0
tzieppbofhwd.cc,,1
abc.go.com,normal.alexa,0
creditsupportappreciateexplain.com,dga.matsnu,1
tl.com.tr,normal.alexa,0
wseghteufj.com,,1
pujuwyvy.info,,1
981888.com,normal.alexa,0
4ut7diuotvlubsmn.com,,1
e13adtjpmd5bjqd.com,,1
iouffotvoghwsliob.net,,1
webcemeteries.com,normal.alexa,0
modjzonkbppzg.biz,,1
brdaalitydevonianizuwb.com,dga.banjori,1
hayyday.ru,normal.alexa,0
dvfochcfldoyyjtdmq.com,,1
1umnb5cn8czf280yvxx1y8borj.org,,1
otkritkiok.ru,normal.alexa,0
dohatlux.ru,dga.pushdo,1
vividata.ca,normal.alexa,0
yspyytjfvcjcgi.co.uk,dga.cryptolocker,1
gladtook.net,dga.suppobox,1
mbfolblryjv.net,,1
rxbytbplfs.net,,1
revolutiondealleadwakego.com,,1
dfkfdblkkbdbkfdf.com,,1
kerosoft.com,normal.alexa,0
heardclose.net,,1
gaqkqxq.net,,1
7kn2yailkcuvtsd5uo.cn,dga.rovnix,1
musicstores.in,normal.alexa,0
gmgwt13qbvlsaroq211w647pp.net,,1
zmdyrgh.top,,1
mitramagazine.ir,normal.alexa,0
drstrunz.de,normal.alexa,0
zjverasildeafeninguvuc.com,,1
hoajonline.com,normal.alexa,0
tjzvboqqef.yi.org,,1
savvywatch.com,normal.alexa,0
vcnyvovc.top,,1
uab674c0f80d30a827f8f92dedd4c09460.cc,,1
printmandala.com,normal.alexa,0
playtime.com.my,normal.alexa,0
tgcomics.com,normal.alexa,0
ljnnucgok.biz,,1
recadopop.com,normal.alexa,0
r0xqf8l2fot2.org,,1
blogbrandz.com,normal.alexa,0
lunmtltxlwiannmk.click,,1
zhalobi.kz,normal.alexa,0
fqlgterejs.ru,,1
kolesiko.ua,normal.alexa,0
bridgestone.ru,normal.alexa,0
nwpegpjtx.com,,1
greensburgdailynews.com,normal.alexa,0
gkjnnanveh4u181zmaels92c.biz,,1
gdigital.com.br,normal.alexa,0
upstatement.com,normal.alexa,0
shop-020.de,normal.alexa,0
afllffldlabfbbld.info,,1
crmnedv.ru,normal.alexa,0
kyotokimonoyuzen.co.jp,normal.alexa,0
wsl1cf28ennjhtzkxkhqag3.net,,1
xarctgxgh.ru,,1
mensunderwearworld.com,normal.alexa,0
marcustheatres.com,normal.alexa,0
xrsvlkgrtyrpfeut.biz,,1
r9e443379873ce02120c4bdecc8cc27d6c.in,,1
serbiabboy.com,,1
evdekazan.net,normal.alexa,0
uaoftdpy.net,,1
myarena.ru,normal.alexa,0
matma4u.pl,normal.alexa,0
nozabit.info,,1
lccomic.net,normal.alexa,0
pink-rainbow.com,normal.alexa,0
baguetelle.co.uk,normal.alexa,0
kaboshon.ru,normal.alexa,0
americanna.com,normal.alexa,0
prbqrsvotgxomvtwxdyjnfecmjn.net,,1
mqmi5u6y3m7izuhwwh.net,,1
yunusatformalisticirekb.com,,1
ytrimsco.net,,1
meinelampe.de,normal.alexa,0
rvakxwzxjdtsyh.com,,1
uvmhe0qlgnqhivk6qf7.ddns.net,,1
9575814472b59cfba9770b4f097f9de6.cz.cc,,1
cloudshoe.net,,1
bfgminer.org,normal.alexa,0
eumnsxgnnt.work,,1
95tcmr1xvpsg02v4i01wwir58.net,,1
sbstv.jp,normal.alexa,0
hometownlocator.com,normal.alexa,0
descargas-mexico.com,normal.alexa,0
almyta.com,normal.alexa,0
bolotova.md,normal.alexa,0
filtras.info,normal.alexa,0
8dan8dmr0xib.net,,1
coolerlifestyle.com,normal.alexa,0
xhzszmwyb.org,,1
bgkjk.net,dga.conficker,1
ajaxfreaks.nl,normal.alexa,0
nhadatvip.vn,normal.alexa,0
h2auw31brjdmtiuf45d0p14u.biz,,1
9e4930c5e99b822dc8b460182a2b2851.co.cc,,1
eredotnrtexplo.net,,1
wishfish.com,normal.alexa,0
kilemmarket.kz,normal.alexa,0
hqijqvjuaoquxk.ru,,1
oncologynutrition.org,normal.alexa,0
vpakubblwbkw.net,,1
hxdulrhnoyv.com,,1
asianwiki.com,normal.alexa,0
schmerzklinik.de,normal.alexa,0
lxlrqtcqqdsfum.ru,,1
colmeia.blog.br,normal.alexa,0
pnkavsasd.com,dga.ramnit,1
poppriceguide.com,normal.alexa,0
dnhk.org,normal.alexa,0
1w9lvh01e3smn0p6b3f6tk9yjs.net,,1
scottishrunningguide.com,normal.alexa,0
ebmedsqhxarpru.me,dga.ranbyus,1
e863beb9b3a957d8acbc313142a6c63b.co.cc,,1
1vd50tm1snxcf11x611zv1yfysg3.org,,1
hfrhggqqpixbee.biz,dga.cryptolocker,1
ns1.dnsfor20.net,,1
feldgrau.net,normal.alexa,0
sccc7d1y9gxezm97e9l1tj2lyc.net,,1
iqoikywgoqumkask.org,dga.ramdo,1
cfgwskhegl.com,,1
foto.com.ng,normal.alexa,0
qqseps.cn,,1
ac-knowledge.net,normal.alexa,0
hucyealarplxbjj.info,,1
fhmlbayuyu.info,,1
obefdlashplayergeta.net,,1
1qvqrcr2mg2wq99amzkmzoc8r.com,,1
job.ws,normal.alexa,0
xpbufewspjbmeiucfyoryxlcq.com,,1
towbupky.org,,1
lazyboneuk.com,normal.alexa,0
cealeiri.ru,,1
chondamovie.com,normal.alexa,0
azulsahara.com,normal.alexa,0
asriwttis.cn,,1
gurjanov.ru,normal.alexa,0
ceukgikewwiqgmuk.org,,1
sapaxadatbyq.kz,,1
dealerorders.com,normal.alexa,0
takganuywwycqickq.ru,,1
ifaucet.net,normal.alexa,0
wgwqsgakd.mooo.com,,1
gyskearkucloghzu2p.biz,,1
fxnpkg1tzi89c1pzzjjq1eirvac.net,dga.post,1
passivewealthmission.com,normal.alexa,0
dgcidol.jp,normal.alexa,0
kvaidqawsiswcqpafrlamvcwf.org,,1
taylor.edu,normal.alexa,0
registerassociatecraftact.com,,1
osbusters.net,normal.alexa,0
autobase.co.nz,normal.alexa,0
mycsigcmgsokeies.org,,1
cmhello.com,normal.alexa,0
csgxtpeqxdhufak.org,,1
lsgdgzwt.dynserv.com,,1
vszxwb.info,,1
nextag.fr,normal.alexa,0
honxpkhrekvuljod.eu,,1
benefitwebaccess.com,normal.alexa,0
onlinemoviesgold.co,normal.alexa,0
ns1.backdates15.com,,1
rxqnrylrzoxlvqst.net,,1
fieldstonehilldesign.com,normal.alexa,0
rjpruwkrtgoupjp.net,,1
websitespromotiondirectory.com,normal.alexa,0
coegpdydusil.com,,1
weei.com,normal.alexa,0
rpjfestnessbiophysicalohax.com,,1
magiclady.net,normal.alexa,0
secretary.it,normal.alexa,0
viralvideovibe.in,normal.alexa,0
trajectplanner.nl,normal.alexa,0
dooinc.com,normal.alexa,0
vsxmjxwccehtamwrhekf.com,,1
islom.uz,normal.alexa,0
jmolxxqphumxjm.so,,1
rewards4ads.com,normal.alexa,0
mychildnow.com,normal.alexa,0
pnvgfznfyd.info,,1
worldbeyblade.org,normal.alexa,0
dlenledfabedakbb.com,,1
epaisa.com,normal.alexa,0
jfpb.jus.br,normal.alexa,0
l3rzap1uidl041v29v1u4o926a.net,,1
mysubaru.ge,normal.alexa,0
uravorniok.ddns.net,,1
zwtapjd.com,,1
volaraf.info,,1
ukbnrilkv.org,,1
musicarelajante.es,normal.alexa,0
3novel.com,normal.alexa,0
hashtag-algerie.com,normal.alexa,0
almightyvikings.com,normal.alexa,0
tfkbtjvwqfvuilh.ru,,1
qykxqjsgmponvxuq.net,,1
cdndn.net,normal.bambenek,0
photzy.com,normal.alexa,0
yy2e0oawzlkwujhz.ru,,1
flaukolotubb.org,,1
ns1.backdates1.net,,1
vampsxxx.com,normal.alexa,0
fcnjgeiicc.com,,1
ns1.backdates11.org,,1
glassstation.net,,1
c76f4e44cd61bde300b7e1853c230a0c.co.cc,,1
foqafpic.ru,,1
equihelp.org,normal.alexa,0
wnxmmnuiknsnuygyxknnrv.org,,1
cooltechlists.com,normal.alexa,0
yuraimemo.com,normal.alexa,0
ns1.dnsfor5.com,,1
resultsplitlightrentwinlunch.com,,1
hihair.ru,normal.alexa,0
uncovercalifornia.com,normal.alexa,0
wnssnpopixqll.org,,1
z-render.com,normal.alexa,0
convertisseur.pro,normal.alexa,0
riotgenerator.com,normal.alexa,0
toasted.ch,normal.alexa,0
welli-it.de,normal.alexa,0
bqzgejdhal.info,,1
cfcstanbicbank.co.ke,normal.alexa,0
loenkgafmlw.mooo.com,,1
teilzeitthiele.de,normal.alexa,0
cbfbafx.click,,1
beauty-forum.pl,normal.alexa,0
swiq3.com,normal.alexa,0
jardindulysse.com,normal.alexa,0
oxjtbsq.eu,,1
kfpvsctizhiettnbtwglrx.net,,1
epw8yv3vqbe87t1l563rwpc.ddns.net,,1
fhcahcxonnskxx.net,,1
haym.info,normal.alexa,0
ntetxploreredo.info,,1
ihyqusxpnkkwth.su,,1
bpvgytcataehrfyx.eu,,1
misterlox.de,normal.alexa,0
syfantasy.fr,normal.alexa,0
ulkaqs.com,,1
lftynjiaoqnlqhmt.org,dga.qakbot,1
happy-veteransday2015.com,normal.alexa,0
qsovrocc.com,,1
mojslovnik.sk,normal.alexa,0
surugawan.net,normal.alexa,0
sieuthiwebsitedep.com,normal.alexa,0
fitfocus.me,normal.alexa,0
kliougzyiaed8.com,,1
zwnwhahb.yi.org,,1
amcha5mwae64efm4kk.cn,,1
mtso.org.tr,normal.alexa,0
fobyfys.info,,1
soselectronic.ro,normal.alexa,0
ovrliyiuvsbln.com,dga.ramnit,1
iorahealth.com,normal.alexa,0
wfzuuinpiteusxqfo.net,,1
10c-inc.com,normal.alexa,0
bigbrotherdemo.wordpress.com,normal.alexa,0
psiz621asehwujzs61.com,,1
ukcisa.org.uk,normal.alexa,0
maboxat.info,,1
qb7ymw4nl2mja1oupo.cn,,1
110volt.ru,normal.alexa,0
raymondnext.com,normal.alexa,0
qlmboehxqcoxbptff5.biz,,1
dqpnwkkmrn.net,,1
sourceknowledge.com,normal.alexa,0
mvonnklospxzns.biz,,1
pelagos.com.tr,normal.alexa,0
pajvak.com,normal.alexa,0
vtgvsmkwtjulwkws.com,dga.murofet,1
gq.ru,normal.alexa,0
hdjzcckwel.com,,1
studyphysics.ca,normal.alexa,0
hgy4xxlg31kln.net,,1
ofbizyqcbayllftcyhaqrwq.ru,,1
ceqwycmuseqwomqs.org,,1
dinopolis.com,normal.alexa,0
magichild.ru,normal.alexa,0
globoplc.com,normal.alexa,0
postnord.no,normal.alexa,0
pangerg.gr,normal.alexa,0
yvbcnlx.org,,1
qebit.eu,,1
uskcwoooswwussac.org,,1
r-clinic.jp,normal.alexa,0
lkflfeyonontthiac.to,,1
mxinfo.ru,normal.alexa,0
evdrdyhmgomldmy.com,,1
mytime.de,normal.alexa,0
lolajones.fr,normal.alexa,0
aslto4.piemonte.it,normal.alexa,0
upfupjvbuptirgidyrgtgbqvwl.ru,,1
tinonline247.net,normal.alexa,0
10ftq1b1id33506q37sj1e79rao.org,,1
bfz.de,normal.alexa,0
creativemediaeg.com,normal.alexa,0
resume-now.com,normal.alexa,0
travellink.in,normal.alexa,0
umdeca.com,,1
webinerds.com,normal.alexa,0
enfiniti.com.au,normal.alexa,0
bobfamkkocnmcbod.online,,1
fgmedia.my,normal.alexa,0
qfpgkebqxyvcip.xyz,,1
earn-money.blog.ir,normal.alexa,0
ktgh.com.tw,normal.alexa,0
vwdwdap.info,,1
groceryoutlet.com,normal.alexa,0
benfiivkvylhnrskvoxllbwtfy.com,,1
threeshade.net,,1
sachild.co.za,normal.alexa,0
tdvpeqlnypgvgeypi.su,,1
gsyoqg.com,,1
kazdymozevarit.com,normal.alexa,0
apinfo2.com,normal.alexa,0
gomel.by,normal.alexa,0
navajocountyaz.gov,normal.alexa,0
vsdsorwyovrgu.info,dga.cryptolocker,1
ustream.com,normal.alexa,0
mknwancorml.com,,1
qhxvpiczcid.com,,1
adverticum.net,normal.alexa,0
ns1.backdates5.net,,1
10lxmys14by656288x158xhafd.net,,1
spinnen-forum.de,normal.alexa,0
tyvawmn.com,,1
xykdup3bs4l11f.com,,1
tonerselection.com,normal.alexa,0
litzscore.com,normal.alexa,0
cafneoxa.ru,,1
cgnzkanekb.net,,1
caamdcfmelnnfdan.de,,1
111cn.net,normal.alexa,0
lrq0ck1ng3z8kweyerqq4ahmb.com,,1
vps2ez.com,normal.alexa,0
bimausa.com,normal.alexa,0
srfqlf14at9xj1yibo9w874ge7.com,,1
zerottonove.it,normal.alexa,0
xrxrepictom.com,dga.banjori,1
fatstacksblog.com,normal.alexa,0
mangocam.com,normal.alexa,0
politikindonesia.com,normal.alexa,0
bookatable.se,normal.alexa,0
webhostingfull.com,normal.alexa,0
fatensurecatchclaimbendpage.com,,1
gr12ed1cb2zc31g5fwf11an59ms.org,,1
online-kiosk.ch,normal.alexa,0
tripadvisor.co,normal.alexa,0
cpatrack1015rjk.com,normal.alexa,0
zjnzfctktonlspuanzlr.com,,1
17rkojt1jqtnztfixlw71i771rp.net,,1
iedjyixuo.com,dga.ramnit,1
c-ras.co.kr,normal.alexa,0
edklqieovxwk.com,dga.tinba,1
city4webs.com,normal.alexa,0
wildassdude.com,normal.alexa,0
diarionuevosur.com,normal.alexa,0
udehdewieqk.ddns.net,,1
admall.jp,normal.alexa,0
jmkz1k120s31a9o95wvlg0f5d.com,,1
ru7vce9ibx7o6mvkdd1uyrtpw.net,,1
variousafraid.net,dga.suppobox,1
hegvlcmlkaejjmrf.eu,,1
casadoporno.com,normal.alexa,0
biochemj.org,normal.alexa,0
faiqrikzaarrozaq.com,normal.alexa,0
mjspgzel.top,,1
ytkazan.com,normal.alexa,0
buyproperty.com,normal.alexa,0
hsappstatic.net,normal.bambenek,0
fitnessnetwork.com.au,normal.alexa,0
xn--80abbembcyvesfij3at4loa4ff.xn--p1ai,normal.alexa,0
wondercity.com,normal.alexa,0
easy-earning.org,normal.alexa,0
fvrhsaj.cn,,1
turkiyeemlakdunyasi.com.tr,normal.alexa,0
kebfdbbkmdfffefk.co.uk,,1
bmyyvnwgmvnw.com,dga.tinba,1
naf6930612185149eb360d89939369a77a.cn,,1
yjefizkr.ru,,1
1fotdf7t62irm1krc2h81h6bgi6.org,,1
gardengear.ru,normal.alexa,0
urmyvswsvrjifmf.info,,1
linenplus.ca,normal.alexa,0
realsecuredredir.com,normal.alexa,0
pakbs.org,normal.alexa,0
qgzvvcolibf.info,,1
1llxegbi5i601gjhbqm144nx4a.com,,1
ohmiyatousenkyo.com,normal.alexa,0
bigpictureclasses.com,normal.alexa,0
theskibum.com,normal.alexa,0
zjeqiologistbikerepil.com,dga.banjori,1
6524290c3dfc75f31d786c6957424cba.co.cc,,1
jnenardenslavetusul.com,,1
banicek.com,normal.alexa,0
fb01cc736a91a324bedd71db0a8e2a3c.org,,1
pbqhonvobybeeafytdqtjzqqkso.org,,1
rvdgsjyyosoohjgt.biz,,1
yamaya.jp,normal.alexa,0
mobgpkqdnasiymbzd.net,,1
atacadodepapelaria.com,normal.alexa,0
perfumeseden.com,normal.alexa,0
virginradiolebanon.com,normal.alexa,0
yuchangync.com,normal.alexa,0
effaalandbbdkkdc.info,,1
rabatt.se,normal.alexa,0
miqdlbqwa.net,,1
dreamworldwaterpark.com,normal.alexa,0
celsagroup.com,normal.alexa,0
archi-new.com,normal.alexa,0
1hhyy8p1uvyc6l8zb153236j2i.org,,1
h14hyhup12oxmrfza67izi25iucucym19gxfu.net,,1
ycsxn4llt3kcv.net,,1
budgetair.in,normal.alexa,0
playalterego.com,normal.alexa,0
dzhvmachuslazaroqok.com,dga.banjori,1
karaleiqbuabme.ddns.net,,1
books.or.jp,normal.alexa,0
savourydays.com,normal.alexa,0
jimmyjohns.com,normal.alexa,0
gv14w4qvovs0w8yxcx3.ddns.net,,1
telipol.no,normal.alexa,0
vtwmsemitismgavenuteq.com,dga.banjori,1
2siteweb.info,normal.alexa,0
wcugzvstughyucukfstkucylm.ru,,1
734soovs90s1bmt7vhn2kuwi.com,,1
ciycuccgsyaiiwai.org,,1
sygfyfvehjfko.com,,1
textreservelistenrentring.com,,1
kupikupon.biz,normal.alexa,0
eh5byuezov6q1n8huqmrwxoan.net,dga.post,1
xsaxsjjxnudbtuti.eu,,1
afepower.com,normal.alexa,0
ns1.backdates8.biz,,1
widewallpapers.ru,normal.alexa,0
6enfrns6vxph66oe34.net,,1
offcloud.com,normal.alexa,0
6iw4knc8n28jxhf7qj.com,,1
tvtoli.com,,1
dnn.news,normal.alexa,0
tvfreeload.org,normal.alexa,0
194nx2p1gloylteh6ijiiwfjb5.net,dga.post,1
mtjnuqh.pw,,1
wkcgrrzissgwsephnuypklcv.com,,1
cellularstructures.com,normal.alexa,0
tome-uto.com,normal.alexa,0
isurulanka.com,normal.alexa,0
newstisiki.com,normal.alexa,0
elqeotev.ddns.net,,1
hackerstribe.com,normal.alexa,0
ns1.dnsfor12.biz,,1
dicipedia.ru,normal.alexa,0
rozimpatrq.info,,1
8rtkt413ruc6ifkbipa1ptrt8a.biz,,1
mara-kitchen.com,normal.alexa,0
mobilitypitstop.com,normal.alexa,0
beadcokkoednlbam.com,,1
thatsmybank.com,normal.alexa,0
mix-box.info,normal.alexa,0
tosnirqirngk1tjr1861q798mb.org,,1
pujaxel.su,,1
weblozi.com,normal.alexa,0
gndywclbwikamp5k.com,,1
qexex.eu,,1
stmedia.net,normal.alexa,0
cblvxkfurkfvynxe.eu,,1
different-together.co.uk,normal.alexa,0
onlineshop.cz,normal.alexa,0
al3omk.com,normal.alexa,0
wxigelctsu3onv.com,,1
iidvcxxxs.se,,1
xjmxueofnzvu5.com,,1
wizsurveyonline.com,normal.alexa,0
aragbzmcrjhv.com,,1
sitinuovi.it,normal.alexa,0
oauthlogin.com,normal.alexa,0
clictune.com,normal.alexa,0
sufferspace.net,,1
beflashplayergetoad.co.uk,,1
semsem.tv,normal.alexa,0
kmprotection.gr,normal.alexa,0
juxpohomvi.info,,1
bzagakgyshs5.com,,1
bank-bgld.at,normal.alexa,0
atdobeflashplayerge.co.uk,,1
mpiwarugveelofo.org,,1
turismodeplaya.com,normal.alexa,0
fuzzysecurity.com,normal.alexa,0
skcaiwmqkegqwysw.org,,1
hykipp7vg7d653oipb.ru,,1
lbmpbjznquwbnrnfcutoif.info,,1
whatsapp.net,normal.alexa,0
progressionstudios.com,normal.alexa,0
notyeyjetssv.xyz,,1
plantlist.ro,normal.alexa,0
w2mjc8ep5heh5pifk0s4ov5.ddns.net,,1
manche.fr,normal.alexa,0
efupolwv.com,,1
zjnjbixounfyyxddoaz.com,,1
siakapkeli.my,normal.alexa,0
269fe03497fe16f385580485843c653f.cz.cc,,1
jjibdupvtiel.info,,1
def4pu70pqnc.top,,1
l656ee4d361533df6843c8517bfc607a01.cn,dga.dyre,1
vertbaudet.be,normal.alexa,0
lxqkrkqchmdcugagqspfconp.com,,1
quitarmanchasde.com,normal.alexa,0
1u207ozw31ndr118hfdu1i5mh0v.org,,1
pvlfpnkfxlfivtxdxoprsxdaeq.net,,1
bijuteriilarosa.ro,normal.alexa,0
epsdod.gr,normal.alexa,0
drownmewithyourcum.tumblr.com,normal.alexa,0
lolibrary.org,normal.alexa,0
kitty-kats.net,normal.alexa,0
hairyvaginaxxx.com,normal.alexa,0
tokyupointmall.com,normal.alexa,0
theophiluschin.com,normal.alexa,0
ikgkkmihtmytskho.net,dga.murofet,1
recordpower.co.uk,normal.alexa,0
udkkjkowbpqf.cc,,1
142tn2o1xx0rvi1og3mg91gatj8i.com,,1
x1kmxxv4hqvrfm1g2q.biz,,1
110xe6k1ovdxli7mn49n1ifgena.com,dga.post,1
uovs.ac.za,normal.alexa,0
briankahn.co.za,normal.alexa,0
yellowpages.uz,normal.alexa,0
m0yyan1tmlpm019scbwqfhvvj3.net,,1
bgcfjsrutssh.com,,1
vmpwhafox.com,,1
queijosnobrasil.com.br,normal.alexa,0
visionloaf.com,normal.alexa,0
vhvkigh.info,,1
sfpspb.ru,normal.alexa,0
mryaevordfshjt.com,,1
roswebrealty.ru,normal.alexa,0
atiehhospital.ir,normal.alexa,0
de-music.com,normal.alexa,0
smashedpeasandcarrots.com,normal.alexa,0
laxxqosj.info,,1
c2b2863e1319ca4a46372c38347e921125.hk,,1
mypnu.net,normal.alexa,0
lc4f46c4eac0647995d8b49d872e821024.ws,,1
13yml991xjp32gr6askbz145yd.org,,1
wequraq.info,,1
rc99e3c505027c701b7e63a1ce9865da12.in,,1
1c6dj6e1y3fkn11yosivqm1boru.org,,1
lamercerieparisienne.com,normal.alexa,0
qneayqfxycen57.com,,1
ushospitalfinder.com,normal.alexa,0
yyjimb.com,,1
metro-bb.com,normal.alexa,0
mednet.pw,normal.alexa,0
1itwx0q11vg3lbve05ts4w4t8m.org,,1
comfortfirst.com,normal.alexa,0
restaurantsumo.com,normal.alexa,0
hooktowercurveindicateschedule.com,,1
hy7oxinw16rg.org,,1
kdbeffldleenaabd.co.uk,,1
nfemail.com.br,normal.alexa,0
gleh5dafm8mdc8gnufalo2m.ddns.net,,1
bigboibets.com,normal.alexa,0
elicaindia.com,normal.alexa,0
web-gear.com,normal.alexa,0
1e321y41suizk5ovmkf71nmfc01.net,,1
bxwx.org,normal.alexa,0
eaxranerraticallyqozaw.com,,1
tvoipitomec.com,normal.alexa,0
vmfyaxnse.com,,1
donnemagazine.it,normal.alexa,0
webcarddass.com,normal.alexa,0
spice-garden.com,normal.alexa,0
maserati.it,normal.alexa,0
crimes-of-persuasion.com,normal.alexa,0
bountin.net,normal.alexa,0
theatlantis.in,normal.alexa,0
ljrmcyh.info,,1
gbklcjm.top,,1
ghopshsxc.com,,1
1vjchkr1bphhx4iedauu1aiqbd5.net,,1
jobapply.in,normal.alexa,0
ironfx.co.uk,normal.alexa,0
bbmumpuaddkyctbnkzpsjeigq.com,dga.qakbot,1
kjghpffmwsgk.com,dga.tinba,1
gympart.com,normal.alexa,0
zelenawave.com.ua,normal.alexa,0
hpgmnvn.info,,1
impactofficepro.com,normal.alexa,0
gan55.com,normal.alexa,0
26036ca98b38f34f05a7ff13de10e54d.org,,1
hapitas.jp,normal.alexa,0
trungtamgiasuhcm.vn,normal.alexa,0
baom.com.cn,normal.alexa,0
materialdesignblog.com,normal.alexa,0
teromasla.com,,1
faminta.com,normal.alexa,0
arabhaz.com,normal.alexa,0
wbkyupv.eu,,1
piqsqblrmedxj.org,,1
mysunnyresort.hu,normal.alexa,0
p86ulcdr5lo4wxz52h.com,,1
nettruyen.com,normal.alexa,0
o0g2wjybcbcxurg2g0ev74m.ddns.net,,1
n-ergie.de,normal.alexa,0
pkxcrofj.com,,1
zfs-online.org,normal.alexa,0
spherecommunity.net,normal.alexa,0
gvbtofv.yi.org,,1
gqgweauowigqqmmm.org,dga.ramdo,1
cvczmvo.top,,1
craspatsp.com,,1
leriikudke.ddns.net,,1
xxl-sale.co.uk,normal.alexa,0
djxaucfdwqnaq.com,,1
venomarmor.mx,normal.alexa,0
ejazapox.com,,1
1818luck.org,normal.alexa,0
qqfubodsholapet.org,,1
softwaresfreee.com,normal.alexa,0
lemonstand.com,normal.alexa,0
awtokpilrtaerqbbntd.com,,1
crea.gov.it,normal.alexa,0
m3xs.net,normal.alexa,0
qfpfqlifmphuosws.eu,,1
yaoq.net,normal.alexa,0
itsj3p34cty2ed5.ddns.net,,1
money-makers.org,normal.alexa,0
nvkqpritd20jzpubtbvcwctn10bum39judt.com,,1
epeo.it,normal.alexa,0
yodijsfrronfsu.com,,1
pvdhyknojtxizxducyeyw.ru,,1
orkiderestaurant.com,normal.alexa,0
google.im,normal.alexa,0
nzxyhhxx.dyndns.org,,1
hinshawlaw.com,normal.alexa,0
mcbcefaboadcbbbo.online,,1
huge6.com,normal.alexa,0
7r3zzj5dzy26pm0m.cn,,1
31xsnsraltsk8wll.com,,1
bisnisz.com,normal.alexa,0
mapleme.com,normal.alexa,0
tntexplorereod.net,,1
mdkwotiwmtya.com,,1
businessexplorerbd.com,normal.alexa,0
theabundantartist.com,normal.alexa,0
kissb.co.kr,normal.alexa,0
makesbridge.com,normal.alexa,0
nlgpayp.info,,1
irgrinsp.org,,1
perm24.net,normal.alexa,0
idbibank.com,normal.alexa,0
vkxdhplyuaoxzz8z.com,,1
aclokbbkmbebbebf.com,,1
yrzd05zgsrsk2hfc.cn,,1
sivafoh.info,,1
pusakaindonesia.org,normal.alexa,0
goodbits.io,normal.alexa,0
ai.kg,normal.alexa,0
enfermedadclinica.com,normal.alexa,0
vbvokstggardnv.com,,1
malaylocal.com,normal.alexa,0
ibnvmobqgamvklnbegybajbcqlrsgjb.ru,,1
shqpenjee.mooo.com,,1
adifferentleague.co.uk,normal.alexa,0
eylnyonnbuvpy.info,,1
bstbndeowkdl.com,dga.tinba,1
janmbs.yi.org,,1
avantage.co.jp,normal.alexa,0
katherinaesmeralda.net,,1
controladordns.com,normal.alexa,0
luangporpakdang.com,normal.alexa,0
cubeoqaf.ru,dga.pushdo,1
jeeyevtk.in,,1
ammirati.org,normal.alexa,0
xatalokf.ru,,1
ns1.backdates17.info,,1
zyvubgdofqn.ru,,1
svetemrostlin.cz,normal.alexa,0
hotelsthassos.com,normal.alexa,0
swissmademarketing.com,normal.alexa,0
ptjzkbpmnvp.mooo.com,,1
oaomzycuujfxfjnzn.info,,1
smithfelix.tumblr.com,normal.alexa,0
www.com.cy,normal.alexa,0
masterbond.com,normal.alexa,0
slxaric.dyndns.org,,1
trtarabic.tv,normal.alexa,0
barbie-oyunlari.com,normal.alexa,0
1o1pi971hkf7huf20fsod5aagz.net,,1
p2dvztzyhh99lrww3w1yrcrn.biz,,1
vectonemobile.com,normal.alexa,0
freeiitcoaching.com,normal.alexa,0
5cc6af627528f2ceb2b545e177e3099b.org,,1
linkestan.com,normal.alexa,0
wz2100.net,normal.alexa,0
bellevidenceneckstormtree.com,dga.matsnu,1
fafait.ir,normal.alexa,0
webinarabic.com,normal.alexa,0
newsmartwave.net,normal.alexa,0
hflaxdexvnvi.net,,1
theethnicstory.com,normal.alexa,0
hoyyxeddrhv.com,,1
forward-to.net,normal.alexa,0
spawtz.com,normal.alexa,0
unitepc.edu.bo,normal.alexa,0
ssisa.com,normal.alexa,0
tos.mx,normal.alexa,0
qpkudffoibjmazxzyqzgq.net,dga.qakbot,1
eftnedir.org,normal.alexa,0
q4cripyfg8m4gtc4ih72ul3.ddns.net,,1
mswxtlhqor.dyndns.org,,1
happy-auction.com,normal.alexa,0
oneshift.com,normal.alexa,0
m9rekg459sli9b0j.ru,,1
ndlxanerraticallyqozaw.com,,1
bedcsltlwgho.com,,1
plumpeum.com,normal.alexa,0
symplur.com,normal.alexa,0
welovetennis.fr,normal.alexa,0
cmxrllaabettingk.com,dga.banjori,1
isolaverdetv.com,normal.alexa,0
mushroom72.tumblr.com,normal.alexa,0
bunuxafx.ru,,1
lisagopar.com,normal.alexa,0
deluxe-menu.com,normal.alexa,0
zzwzzqmihkfdevymi.net,,1
zqsvhefqxbzmdzwbi.net,,1
y85l1p787hy4ufg.ddns.net,,1
gacykeh.com,,1
answerwithout.net,,1
toimoietcuisine.com,normal.alexa,0
researchassist.ir,normal.alexa,0
golearny.com,normal.alexa,0
idsystem.fr,normal.alexa,0
bitbazar.ru,normal.alexa,0
htcvr.com,normal.alexa,0
leaxugpa.ru,,1
mypicture.info,normal.alexa,0
19e7de6329dacf3b41c7582dd7fcb425.cz.cc,,1
3monmccupa21xs.net,,1
whizreport.com,normal.alexa,0
bzqprnbcbto.dyndns.org,,1
8tk468cv03asdxd18z1dbnnhd.net,,1
nibblemethis.com,normal.alexa,0
ditllvqdkvh.com,,1
ryhebil.info,,1
pwnluwcbthyq.com,,1
atento.com,normal.alexa,0
hugmucaxlfyxnbkrivobjrovpj.ru,,1
pzhmakdz.yi.org,,1
etextread.ru,normal.alexa,0
newwoodworker.com,normal.alexa,0
h53bxo2qz45n6io7um.com,,1
uoorxmfofgyrctcpvivckbamdi.com,,1
c6c38dd5a04a35985811f5ee175004c5.cz.cc,,1
viewsmokedistributespite.com,,1
ucc37b3958a84c1b4fe13b5e9867ee9d17.to,,1
russianpeople.ru,normal.alexa,0
videotds.eu,normal.alexa,0
masoxuk.info,,1
gnnxttpqwwdcemeexoc.com,,1
wnzaekrlbaulxmbmrfyizp.ru,,1
duwiarsana.com,normal.alexa,0
conrad.pl,normal.alexa,0
tulugarfavorito.com,normal.alexa,0
jyinns.com,normal.alexa,0
raylyf.com,,1
planetpublish.com,normal.alexa,0
fxqdjf.org,,1
radiofiesole.it,normal.alexa,0
xydevvn.eu,,1
y1nrz2fybmviza1kfn.com,dga.rovnix,1
xkzcuyjbsktswkhljdab.net,,1
spotearth.net,,1
bodyartforms.com,normal.alexa,0
buenosdeals.com,normal.alexa,0
jornaldaquidf.com.br,normal.alexa,0
aeepr.com,normal.alexa,0
v2b.ru,normal.alexa,0
bdbtog45ac1c9u.net,,1
nelmkgcicpk.net,,1
techmaterik.ru,normal.alexa,0
monitorpracticeclublackstaff.com,dga.matsnu,1
vyeaukkyszhdeug.com,,1
maisonsetappartements.fr,normal.alexa,0
newks.com,normal.alexa,0
jepucun.info,,1
oesxxpjmpixltdoavi.mu,,1
gaeymsigkmhn.sh,,1
nefariousmotorsports.com,normal.alexa,0
goquo.com,normal.alexa,0
interactive-biology.com,normal.alexa,0
naturalfatbusters.com,normal.alexa,0
5p3xw0qx3jsxsbi276o8yhi.ddns.net,,1
cnxz.cn,normal.alexa,0
dfqqtcthmkscufqot.net,,1
abhncjrhfw.com,,1
vcfarkpc.ru,,1
muscletreedeliversoundexpress.com,,1
drevotrust.cz,normal.alexa,0
clintonfolders.com,normal.alexa,0
rufyeysqrijejl.com,,1
mirxioqhbtnrfybsu.net,,1
putrie.net,normal.alexa,0
usacc.org,normal.alexa,0
tadobeflashplayereg.net,,1
kevomydi.info,,1
d3aulbxsojwhz68c.com,,1
pg-direct.jp,normal.alexa,0
quikrexam.com,normal.alexa,0
rtodanerraticallyqozaw.com,dga.banjori,1
dpvuk.tf,,1
uclfxhetgwsgikgqgaszhcusc.ru,,1
vegasexperience.com,normal.alexa,0
hoensport.nl,normal.alexa,0
zolgfmdm.info,,1
cxkteleve2spunchyf7tmjc.ddns.net,,1
merckengage.com,normal.alexa,0
kh-hifuni-top.tumblr.com,normal.alexa,0
karaoke-video.ru,normal.alexa,0
owqssbscwyszicc28.com,,1
sogcdneiawkphw.su,,1
nomejom.info,dga.simda,1
onlinepasswordgenerator.ru,normal.alexa,0
miojuqjmi.org,,1
kbpmj38k3k52tyw9.info,,1
plhayergetadobeflas.net,,1
sweetsexgirls.com,normal.alexa,0
c948008d8beccff281f1599620689afa.co.cc,,1
digishoptalk.com,normal.alexa,0
putanastars.com,normal.alexa,0
jdtgspsqbarkgl.me,,1
sutirjon.ru,dga.pushdo,1
nswmujyaeio.info,,1
emowlaicewa.ddns.net,,1
kidney-cares.org,normal.alexa,0
bn1ece4luemcj.net,,1
mouxue.com,normal.alexa,0
505games.com,normal.alexa,0
aunic.net,normal.alexa,0
pconline.com.cn,normal.alexa,0
1bmaxu419bdxfo1115ecv190nszo.net,,1
ulsvldncnsfyuiwb.eu,,1
ubermoda.ru,normal.alexa,0
deliciousboys.net,normal.alexa,0
sigmainfo.net,normal.alexa,0
k1ungd6ngtur.com,,1
kevywerames.eu,,1
oiax.jp,normal.alexa,0
bluetogo.mx,normal.alexa,0
hotel-online.com,normal.alexa,0
lyrevij.info,,1
gbbjicroidgfb.ru,,1
allofdesign.net,normal.alexa,0
clocknamecookbottleencourage.com,,1
minutouno.com,normal.alexa,0
masud.co.uk,normal.alexa,0
intoclassics.net,normal.alexa,0
ddixextblrmnjk.com,,1
mylexia.com,normal.alexa,0
eaovpgdvewsjqdd.com,,1
arthurweill.fr,normal.alexa,0
anta.cn,normal.alexa,0
svbqddehxirk.us,dga.tinba,1
rtk.co.rs,normal.alexa,0
qtofngfdsmhzweviv.net,,1
kymooseuywkcwgca.org,,1
spieletipps.de,normal.alexa,0
ceyndhek.com,,1
bmlkseduphyxtihy.eu,,1
chicas365.com,normal.alexa,0
careers.gov.sg,normal.alexa,0
uscahotel.net,normal.alexa,0
opsview.com,normal.alexa,0
wqomkegqsa06.org,,1
1blfwkx1wydg1y1qsm4t7oi9qzv.biz,,1
caixanasruas.com.br,normal.alexa,0
wskicdvvdv.ws,,1
smsarrow.com,normal.alexa,0
jwfboxyscndd.net,dga.tinba,1
3pwxy8yfahelwd38ub5.ddns.net,,1
linkbottlesetdesireboard.com,,1
gugaqomae.ddns.net,,1
appyapps.co.uk,normal.alexa,0
configuressl.com,normal.alexa,0
grmludobcp.top,,1
ohomeminvisivel.pt,normal.alexa,0
bl-doujinsouko.com,normal.alexa,0
techicians.com,normal.alexa,0
angiegames.com,normal.alexa,0
8b16841c50f9eee6f685891faed2e59c.info,,1
ffffacofmadndbff.eu,,1
oqpemxs.se,,1
frontierfirearms.ca,normal.alexa,0
millicumhuriyet.com,normal.alexa,0
7368ebce6c9bd9869a60273537963918.co.cc,,1
tntexpolorered.net,,1
olympic.tj,normal.alexa,0
tkwsmsph.cn,,1
1lv9omamg46rx1sfxv9k1ngflxb.net,,1
games.rs,normal.alexa,0
xtvklujmo.com,,1
oko-kino.ru,normal.alexa,0
dgfhqbcgolwv.biz,,1
yts0irq0cdilslk.ddns.net,,1
iypmellefrictionlessv.com,,1
wnmjwhed.com,,1
pakomx.blogspot.ca,normal.alexa,0
ruvjuuppyfgcspob.eu,,1
shockwarehouse.com,normal.alexa,0
oapuwvvkjhaickavs.net,,1
rytapeposeh.eu,,1
a1savannahs.com,normal.alexa,0
playergetadohbeflas.net,,1
108sq.com,normal.alexa,0
aampmaps.com,normal.alexa,0
phnvgcbvrrvtbdx.org,,1
ugsiblswrlpptfle.eu,,1
pojdrbidinivhrcbmlztmnsc.ru,,1
bkdelivery.in,normal.alexa,0
woodburyoutfitters.com,normal.alexa,0
ns1.backdates19.info,,1
ecqdtmiomumpzdq.org,,1
kjsxzgedwqsgamdjbuwhga.ru,,1
mrtrrsowswhrstggbyw.com,,1
vanillareload.com,normal.alexa,0
amatorskie-wedkowanie.pl,normal.alexa,0
stthnhbetpaljhxxxagd.pro,dga.necurs,1
daftafea.ru,,1
fwxrikjelsm.info,,1
hplayergetadobeflas.net,,1
groupe-clarins.com,normal.alexa,0
giazwhhr.info,,1
dgp7rkq6vuat2lvjes.cn,,1
spacebikes.com,normal.alexa,0
xfdmkaxrstlvj.org,,1
d4e20962f35c7f9cf007f959824f338dc0.in,,1
oibmhdh73ztz8vhc.org,,1
zst8f63bun77ovkvdm.net,,1
1u5wxeu3c5q9410vdeu111s7s9f.org,,1
ltpkqvgohyxt.net,,1
gtpaiflhze.biz,dga.conficker,1
ipwqpmnansnan.cc,,1
infinityhr.com,normal.alexa,0
cloudgrave.ru,,1
buergerstimme.com,normal.alexa,0
e41a23d78ee4fc4f6c3d2ca2b55e869b.org,,1
profitinstruments.com,normal.alexa,0
wkcnyvzl.com,,1
baue.com,normal.alexa,0
sojocwa.net,,1
myuwjgzij.com,,1
fgrhflrlfyhdhudl.eu,,1
ocl-cal.gc.ca,normal.alexa,0
jadma.org,normal.alexa,0
dqvpnrylxlvbytszxcdqhqobi.ru,,1
nqruxauiz.org,,1
maybay.net,normal.alexa,0
mddqknddbdjxfwlrssfi.tj,,1
forumspotz.net,normal.alexa,0
38586.com,normal.alexa,0
feked.com,normal.alexa,0
stratic.net.cn,normal.alexa,0
yvwovdex.nu,,1
fcsg.ch,normal.alexa,0
qgceay.com,,1
hkdibjhjoebasd.me,dga.ranbyus,1
bfshop.myshopify.com,normal.alexa,0
quarternoticetreetwistneed.com,,1
fgpmoldmyeihmzljfjvpzkz.com,,1
pjcqonlljkzxgmnsgljyeubqpjn.ru,,1
irishfa.com,normal.alexa,0
webmikrotik.com,normal.alexa,0
mobil-edge.com,normal.alexa,0
madtqahqreryjvsbynm.pw,,1
vpclancorml.com,,1
dobeflashplayearget.net,,1
zozoship.vn,normal.alexa,0
jlqaalx41oet.net,,1
kcluubgc.com,,1
ayergetadobeflashlp.net,,1
urlshare.cn,normal.alexa,0
truthaccordingtoscripture.com,normal.alexa,0
imagescatalog.com,normal.alexa,0
tgpjdoidkf.com,,1
lwkz.com,normal.alexa,0
rjmikegtqntlcy.cc,,1
lkjkpdtfyk.com,,1
haofl.cc,normal.alexa,0
2c21080d3210cbef04b64e9d8bbc4ff5.org,,1
stefantell.se,normal.alexa,0
medyaspor.com,normal.alexa,0
bvt5wc532dwi.net,dga.shiotob/urlzone/bebloh,1
1trowa31wenx4bngn2t11dc0o4a.org,,1
ibisnz.com,normal.alexa,0
truck-platforma.ru,normal.alexa,0
kabk.nl,normal.alexa,0
flight-hs.livejournal.com,normal.alexa,0
topatudonews.com.br,normal.alexa,0
girls-world.ru,normal.alexa,0
itiikrrg.com,,1
mamutym.info,,1
dzfnwomqyv.info,,1
miocellefrictionlessv.com,dga.banjori,1
yoagqsgo.org,,1
audioteka.pl,normal.alexa,0
ugmafbydssvbfgxex.work,,1
xnyzpo5phc9.com,,1
1do8n281alew3892ure31ncwgde.com,dga.post,1
uofuxkvpqspkvgixwkaytkzdib.ru,,1
ugotkey.com,,1
inmybag.co.za,normal.alexa,0
hqnynkr.ru,,1
vlgfiskxvu.com,,1
mea-door.ru,normal.alexa,0
rocambola.com,normal.alexa,0
1x9t1i18c9xszewi0s57jnja.net,,1
esexupsr.com,,1
v-tac.eu,normal.alexa,0
dddcc10a2fc513754e144715c6a6236216.cn,,1
qtlrxqqemozqeootyemvil.info,,1
8d8d3ed8a0750d87602c92d7540480a4.co.cc,,1
xlztsagabardinedazyx.com,dga.banjori,1
unxvjpad.com,,1
elcoeoaldobcdbma.com,,1
vjufay.com,,1
smminxfo.com,,1
tech-otaku.com,normal.alexa,0
dfhkzedidpf.net,,1
fpzkljiatcn.info,,1
komentaras.lt,normal.alexa,0
lovelesscafe.com,normal.alexa,0
ubijtejklubw.ru,dga.tinba,1
coopr.nl,normal.alexa,0
gzvppazqqep.net,,1
macroevolution.net,normal.alexa,0
supply-tokyo.com,normal.alexa,0
kwphmen.com,,1
ns1.backdates18.com,,1
17czm7kr756g51l5shr51u9efeu.net,,1
hellastz.com,normal.alexa,0
ebnayuejuvzya.com,,1
retrade.in,normal.alexa,0
dormchat.net,normal.alexa,0
qmamoqkg.com,,1
2w1sztpzwtuddp.com,,1
hilplmfhzmraetkajs.com,,1
mobizen.jp,normal.alexa,0
knklyjruinft.com,,1
1337wiki.com,normal.alexa,0
pzexlgv.biz,,1
pedcnrnqux.mooo.com,,1
0hyb8p2rg5ij.net,,1
obyava.kg,normal.alexa,0
sieulienket.vn,normal.alexa,0
eppetroecuador.ec,normal.alexa,0
ebhlfsm.net,,1
dbcncdanmaffkfaf.com,,1
bghejvqdodij.com,dga.tinba,1
planetfigure.com,normal.alexa,0
kucqicqguyouscss.org,,1
ctgtkhilm.ru,,1
bellid.com,normal.alexa,0
themobihunter.com,normal.alexa,0
47205fac6e9294a70e49212e98bd3b6e.info,,1
lripzmqqb.org,,1
launchfestival.com,normal.alexa,0
srbudqoccnkyk.xyz,,1
eicupnucyhjbrgpjfehxhizxcep.ru,,1
kamsworld.co.in,normal.alexa,0
1r98kx8qvopqt70hsby1mbk93o.net,,1
q07x5x5dy6alix5jqdcxqfy.ddns.net,,1
gqzuaup.info,,1
allgaeu-ausfluege.de,normal.alexa,0
flasheplayergetadob.co.uk,,1
iklohtawmexsebjav.com,,1
cpdfcuhomebanking.com,normal.alexa,0
archeage-fashion.com,normal.alexa,0
lynqbsvpkwjwcffc.org,,1
fohlhode.net,,1
ucoz.org,normal.alexa,0
cloudshirt.net,,1
engei.net,normal.alexa,0
lihknspof.ru,,1
avxoxxju.com,,1
iedqeevatbgi.dyndns.org,,1
tythavgecqhcyfqfugmroqgaqsw.biz,,1
wswjfullwsog.info,dga.tinba,1
latrochadigital.com.ar,normal.alexa,0
wskoancorml.com,,1
managemydirectory.com,normal.alexa,0
1llyjer18sxghmmnubol1qypxek.org,,1
nupiljiq.ru,,1
beflashplaoyergetad.net,,1
hitvs.cn,normal.alexa,0
megasport.by,normal.alexa,0
picturejuicecommentworry.com,,1
adventuremag.com.br,normal.alexa,0
taruhantoto.com,normal.alexa,0
embindia.org,normal.alexa,0
moee.gov.eg,normal.alexa,0
laramovies.com,normal.alexa,0
fifjthtcssy.com,,1
healthyolive.com,normal.alexa,0
vhzhbmnsla.com,,1
hiretrue.com,normal.alexa,0
6e7267ab8460698f10d0455d8ff63e7d.info,,1
intapeople.com,normal.alexa,0
khoirulimamudin.info,normal.alexa,0
yswnn61fsksqxxnud4z1ji23ht.com,,1
jagobetting.com,normal.alexa,0
yqnauvwggkgbvv.work,,1
monsofinco.fr,normal.alexa,0
opusdei.es,normal.alexa,0
lhqqqhvbtzoei.info,,1
ccpa.edu.py,normal.alexa,0
bay.com.mt,normal.alexa,0
brszxupldf.com,,1
oggqowmewmcmyoki.org,,1
xqmkhafi.com,,1
smcmathletics.com,normal.alexa,0
brasilcaminhoneiro.com.br,normal.alexa,0
davidcalabuig.com,normal.alexa,0
xdlol.com,normal.alexa,0
beezzi.com,normal.alexa,0
yxonupmr.ru,,1
vzjkinalcentricem.com,dga.banjori,1
defelsko.com,normal.alexa,0
erlgtqikoqdxjwvn.eu,,1
abco.ir,normal.alexa,0
ovotgdavgl.org,,1
theskytimes.com,normal.alexa,0
viva-group.com.ua,normal.alexa,0
tnteoxplorered.info,,1
infinitymu.net,normal.alexa,0
tjvoepictom.com,,1
megabusty.tv,normal.alexa,0
rusonlineporno.com,normal.alexa,0
m5zrnutchysvl.net,,1
fxncroihv.net,,1
rcganbmbyauampzxcrwzxtkhxc.ru,,1
uecu.org,normal.alexa,0
ejelu4kpupa67v5bmjm.ddns.net,,1
hkacger.com,normal.alexa,0
sassiex.com,normal.alexa,0
recruitment2016.in,normal.alexa,0
fritzshop.it,normal.alexa,0
yasirqnfnntjo.org,,1
zfvvxcnfr.com,dga.nymaim,1
rsxwokraqvopqccibmxpjd.com,,1
zerochroma.com,normal.alexa,0
tripatini.com,normal.alexa,0
ittaleem.com,normal.alexa,0
ns1.dnsfor15.com,,1
lovehoney.eu,normal.alexa,0
baglanmobil.com,normal.alexa,0
texasstandard.org,normal.alexa,0
lubumpsjsvopvorc.org,,1
ballneednosevaluesolvepray.com,,1
xmewcv.info,,1
qllntmwhwrlgil.in,,1
tab4u.com,normal.alexa,0
sgculhulw.org,,1
cvljdpfmqawrcf.su,,1
boolokam.com,normal.alexa,0
bodziociuch.pl,normal.alexa,0
horsetelex.com,normal.alexa,0
birthshowprieststopsavealarm.com,,1
z99c75f250941c3c11fe8c76e264cc4b21.in,,1
rgikjthqjqjmeqj.org,dga.murofet,1
qjcdm7sdyrsl.net,,1
cbykvmyef.net,,1
allindiaservices.com,normal.alexa,0
paisajesbonitos.org,normal.alexa,0
djtk.se,normal.alexa,0
secretbloggersbusiness.com,normal.alexa,0
drhkyohuysckbmpwbunvjmsx.com,,1
loreal.com,normal.alexa,0
oxewfl.com,,1
1a6e9a6bjm4yjcbxshezj7vdh.com,,1
fksjfthzlm.info,dga.pykspa,1
wp-themes.com,normal.alexa,0
halabes.su,dga.simda,1
egypthunter.com,normal.alexa,0
lefldzed.org,,1
dxszhomle.biz,,1
techguide.us,normal.alexa,0
pgrkraevuxtbpyrl.com,,1
advisorkhoj.com,normal.alexa,0
c959d7a740c8b197f980ef47ba2e03d966.to,,1
e891a75cf82407ff04ca9b173d54301372.tk,,1
roqeotif.ru,dga.pushdo,1
daslot.org,normal.alexa,0
dptheme.net,normal.alexa,0
notnaked.co.uk,normal.alexa,0
come2stay.co.uk,normal.alexa,0
dobeflashplayergaet.co.uk,,1
taoist.org,normal.alexa,0
hairpinlegs.com,normal.alexa,0
decidecover.net,,1
ghticket.com,normal.alexa,0
ddnmbadeedoaceaf.co,,1
edjwhzxvnyr.net,,1
sgrbua.com,normal.alexa,0
pngtsheunvgrpzl.info,,1
nuand.com,normal.alexa,0
nnvhamentalistfanchonut.com,,1
lighthead.wordpress.com,normal.alexa,0
mofmlcdkdfbdanfl.co,,1
mtmwotiwmtya.info,,1
lhg4ud5zd92x6gm9mi1qhil8r.com,,1
apanhados.com.pt,normal.alexa,0
simbolismoyalquimia.com,normal.alexa,0
zipnosis.com,normal.alexa,0
orientation-paysdelaloire.fr,normal.alexa,0
vfvsdfsdvdf.blogspot.com.eg,normal.alexa,0
qd8cbd04b6760d4bf495dc891b13aa5cca.tk,dga.dyre,1
faststart.ru,normal.alexa,0
guzellikperisi.com,normal.alexa,0
templehealth.org,normal.alexa,0
inmotionhosting.com,normal.alexa,0
gantt-chart.com,normal.alexa,0
diningwiththestars.nl,normal.alexa,0
moleskine-market.ru,normal.alexa,0
hjgfbffxpxmgw.biz,,1
mrcd6z4py30l.top,,1
nandamurifans.com,normal.alexa,0
collaremphasizesheltertake.com,,1
buildingdesign.co.uk,normal.alexa,0
speedtrap.org,normal.alexa,0
veterinarypracticenews.com,normal.alexa,0
wcpqszeyeglkxikzhshpky.com,,1
lnrasypwxbiuv6u.com,,1
yvvwcfq.info,,1
pfdbepictom.com,dga.banjori,1
aqgmbfulikbyeemmofu.com,,1
quayaustralia.com,normal.alexa,0
kanagawa-ryokoken.jp,normal.alexa,0
xisnmbalxcrvlwm.biz,,1
sudar24.com,normal.alexa,0
ejjfubjuaqe.work,,1
uitusvsu.xyz,,1
nhvcvyhbfcxumjqf3k.com,,1
consiglio.basilicata.it,normal.alexa,0
1ils20kf2kkziw9l5ot6xj6yv.org,dga.post,1
wphacks.com,normal.alexa,0
efzlzmhklqf.mooo.com,,1
e52b10320572b77cd64f915a7ee7af89.info,,1
10xuf18jualvq10rqd1sb7t6l5.net,,1
ftp4oss.com,normal.alexa,0
u0efynkxsx3ncj5v38c.ddns.net,,1
mytqrgff.info,,1
giadatech.com,normal.alexa,0
ocoansq.net,,1
tracii.info,normal.alexa,0
casel.org,normal.alexa,0
flowtechnologyuk.com,normal.alexa,0
wcmkhxw.nf,dga.necurs,1
p2s7291w6gmch1dqlv121tf4z1p.net,,1
muetterberatung.de,normal.alexa,0
sgrirsensinaix.com,,1
ybmgerokcew.com,,1
emporiodolazer.com.br,normal.alexa,0
taotv.org,normal.alexa,0
mvrgjqc.info,,1
xnjsknkoxqhmvhle.com,,1
caresaverplus.co.uk,normal.alexa,0
xuhbabjrfkufcjo.biz,,1
ylibyhfvl.net,,1
jpawqlfupuefkio.com,,1
swpreferredcustomer.com,normal.alexa,0
upkyavu.info,,1
acegroup.cc,normal.alexa,0
bitekhaber.com,normal.alexa,0
cft.ru,normal.alexa,0
osblggwn.com,,1
ywmcymiq.info,,1
bestpsdfreebies.com,normal.alexa,0
bilgeyatirimci.com,normal.alexa,0
qtrhssrlfv.com,dga.nymaim,1
mcmcse.com,normal.alexa,0
letrarius.com,normal.alexa,0
xcmlgs1afu7wc1n481tfp5g54.com,dga.post,1
qezii.biz,,1
eplusgames.net,normal.alexa,0
nacktefrauen.eu,normal.alexa,0
lovehomedesigns.com,normal.alexa,0
rollsex.com,normal.alexa,0
soumapress.com,normal.alexa,0
biospajz.rs,normal.alexa,0
cbdiscounts.com,normal.alexa,0
qc0lmk165ozf3l5mdiz197lu3k.net,,1
5iqnlnqq4jq4q23.net,,1
serbonline.in,normal.alexa,0
ue993a7acd3f0b8a3dca2de5929bec8d5a.tk,,1
legnoprom.com.ua,normal.alexa,0
yfwtwfg.org,,1
ve067c55fee0e7e1bce54640e1b1b68558.ws,dga.dyre,1
shichida.com,normal.alexa,0
nokqasei.ru,dga.pushdo,1
nerdster.com.au,normal.alexa,0
trqjsagabardinedazyx.com,,1
yefamhwifkihjdfl.eu,,1
aidsdatahub.org,normal.alexa,0
pjpvdlmvlrobrsdijnjypyxhucu.ru,,1
znodsikathrinezad.com,,1
ns1.backdates8.org,,1
startpda.kr,normal.alexa,0
electroncomponents.com,normal.alexa,0
jssuopfbtkobak.su,,1
utah.edu,normal.alexa,0
rpearytrgvjkq.com,dga.cryptolocker,1
ddqhukscamiblzdshuk.ru,,1
springfrance.com,normal.alexa,0
vqarssxtpoftul.com,,1
1wfp3gg1pd3ts71ccky0sybmn0u.com,,1
cigcosqgummagywg.org,dga.ramdo,1
zqwxtz.com,,1
studytubes.in,normal.alexa,0
xbqzlobx.net,,1
hoxgnqshsrme.com,dga.tinba,1
lampeduza.so,normal.alexa,0
fqteiigisf.net,,1
wohzqlnpnl.biz,,1
gjbvltsd.com,,1
pornsavant.com,normal.alexa,0
yessishop.com,normal.alexa,0
myshoe.gr,normal.alexa,0
nmuojlj.info,,1
shikisokuzekuu.net,normal.alexa,0
kosilum.com,normal.alexa,0
scworks.org,normal.alexa,0
o-jc.com,normal.alexa,0
vwxbranding.com,normal.alexa,0
riivrc.net,,1
etadgobeflashplayer.co.uk,,1
otkiewekta.com,,1
n4tizwp2fc1q.top,,1
dokdyos91vcy9oni.info,,1
spokeshoe.net,,1
fodosab.info,,1
superprdirectory.com,normal.alexa,0
juegosgratis.com,normal.alexa,0
lltmamentalistfanchonut.com,,1
mrumgtjlotsx9.com,,1
andrisoftware.com,normal.alexa,0
ggpeiylsblwok.org,,1
fellow-travel.co.jp,normal.alexa,0
nku.cn,normal.alexa,0
omfkukt.eu,,1
baxyyfthiqjq.mooo.com,,1
inewsgr.com,normal.alexa,0
puzydup.info,,1
o0202e534611126d3fb195d59a146d72f3.to,,1
ycgmksuw.com,,1
zuari-furniture.com,normal.alexa,0
moviespix.com,normal.alexa,0
modasaat.com,normal.alexa,0
saltunder.net,,1
cloud-pdf.com,normal.alexa,0
ysb.se,normal.alexa,0
mnfgxulmxolm.com,,1
211ontario.ca,normal.alexa,0
full-hd.ir,normal.alexa,0
yrg5mvs52vcp.com,,1
news-comptoir1.fr,normal.alexa,0
naklafsh.com,normal.alexa,0
presentexcept.net,,1
pueblo.org,normal.alexa,0
urprlytyfmvsjle.biz,,1
kochiskyhigh.com,normal.alexa,0
geoipview.com,normal.alexa,0
westmont.edu,normal.alexa,0
privivka.ru,normal.alexa,0
iqpjrueoya.biz,,1
unmmjulu.so,,1
spolszczenia.pl,normal.alexa,0
tuggujic.ru,,1
antonantonov.co.uk,normal.alexa,0
goalprofits.com,normal.alexa,0
ecograss.co.za,normal.alexa,0
featherfactor.com,normal.alexa,0
mnrt.go.tz,normal.alexa,0
room-number.ru,normal.alexa,0
nsk.ne.jp,normal.alexa,0
wyoogc.net,,1
hostrings.com,normal.alexa,0
6k286oewa8iw.net,,1
jilrxjkpibjv.com,,1
testingtime.com,normal.alexa,0
bnuwqxvwrnbfn.work,,1
xnewporn.com,normal.alexa,0
brutalkill.com.br,normal.alexa,0
auuabhubitpwybvc.eu,,1
hlbyobkynjxnokblayxgb.in,,1
revtwt.com,normal.alexa,0
j070333a4674aec691ed20fe8a4a6369a6.ws,,1
zpierwszegotloczenia.pl,normal.alexa,0
xubevid.info,,1
says.com,normal.alexa,0
gsjdpartbulkyf.com,,1
velopiter.spb.ru,normal.alexa,0
noahinteriors.com,normal.alexa,0
ebgfynkzab.ru,,1
jamhargagrosir.com,normal.alexa,0
vatandownload.com,normal.alexa,0
wpmania.it,normal.alexa,0
imlpa.net,dga.conficker,1
hpicugzvtc.cc,,1
maturegay.xxx,normal.alexa,0
irulofwrwvmlurq.ddns.net,,1
medicaltableteshop.ru,normal.alexa,0
boardingschoolreview.com,normal.alexa,0
2881e80e5929d3c6d888ef5bf71d64f8.cz.cc,,1
tirrugce.ru,dga.pushdo,1
tbf2201ez40ewwybrxr1pomx20.net,,1
onohoqowsqrxue.net,dga.murofet,1
cevio.jp,normal.alexa,0
exprimiblog.blogspot.com,normal.alexa,0
citizens-banking.com,normal.alexa,0
alvinaonline.com,normal.alexa,0
uwlklcvon.net,,1
content-review.com,normal.alexa,0
rypegyg.info,,1
ns1.backdates3.info,,1
5c1sqij11agknyxr.com,,1
adobteflashplayerge.net,,1
honestlimited.biz,normal.alexa,0
concertgebouw.nl,normal.alexa,0
hermesbeltuk.com,normal.alexa,0
cevzgcesqsg.info,,1
pgswhct.tv,,1
mfabeeowtmk.biz,dga.conficker,1
woodsmithshop.com,normal.alexa,0
eqfixgugqoiftontvoobmbehs.biz,dga.gameover,1
gsuwngtpomp.net,,1
climateaudit.org,normal.alexa,0
oxrrsjjpoprd.com,dga.tinba,1
tomoson.com,normal.alexa,0
eredotnterxplo.info,,1
connectnd.us,normal.alexa,0
cooklikeyourgrandmother.com,normal.alexa,0
atxabivoecbuvu.ddns.net,,1
midss.org,normal.alexa,0
bhakti-online.in,normal.alexa,0
workwheelsusa.com,normal.alexa,0
alistmoz.cn,normal.bambenek,0
osbkcqcdjcg.com,,1
gzdxozobhifadjbyukojl.ru,,1
friglqsgvrnfkjl.ru,,1
edhvbeopxjie.com,,1
ixpsjatvzbignijpj.com,,1
leiloesjudiciais.com.br,normal.alexa,0
t6r0pmvkp6rk.com,,1
bumptop.com,normal.alexa,0
rentcafe.com,normal.alexa,0
amibcalxhsctuyrqa.net,,1
vandaagopstap.nl,normal.alexa,0
okvzptcdjcabexuceqvcfeyxsib.org,,1
internetet.hu,normal.alexa,0
nvkncugqcuvmzemcymnmzemp.info,,1
unoqepx.ws,dga.conficker,1
prqrudryb.mn,dga.necurs,1
pipelineandgasjournal.com,normal.alexa,0
computerkafe.ru,normal.alexa,0
pistonheads.com,normal.alexa,0
fci0ja1b14d6u886fa81fb2bh9.biz,,1
yananow.org,normal.alexa,0
fatmagulperu.blogspot.mx,normal.alexa,0
satac.edu.au,normal.alexa,0
usskuqesqeckekka.org,,1
ns1.backdates12.org,,1
moidnbepzyk11.com,,1
soppcekj.com,,1
bopol.eu,,1
ucwufcbdujjdojl.sx,,1
yaugvk.com,,1
13t3p53mbl8z11btkootexgsj6.org,,1
kunioxgaquwuf.ddns.net,,1
redadaptstoredesirelimited.com,,1
reliablehostng.com,normal.alexa,0
bymknwvfolbaamn.info,,1
qkkpjnerfcpq.biz,,1
zbgrqobsiqrpv.com,,1
awellspringofworksheets.com,normal.alexa,0
19sk5ss1il2qq31wv5g7q1ufiote.com,,1
sym.gr,normal.alexa,0
fappmrgn.com,,1
fivuxvil.ru,,1
iqciugucccyscumu.org,,1
a7rar.com,normal.alexa,0
gmqqqkuuqoeoykmy.org,dga.ramdo,1
ugm.ac.id,normal.alexa,0
eelog.jp,normal.alexa,0
lilcuphu.ru,,1
toucantools.co.uk,normal.alexa,0
foxydeal.it,normal.alexa,0
brainbell.com,normal.alexa,0
ns1.backdates6.com,,1
quietrev.com,normal.alexa,0
gomobile.co.il,normal.alexa,0
lzmocamziizttkttfa.com,,1
idesignawards.com,normal.alexa,0
hu9zq2an5kucehkn.net,,1
visnos.com,normal.alexa,0
sspramq.info,,1
cardfinans.com.tr,normal.alexa,0
gdsrzleoozkqtii.com,dga.murofet,1
cbkzcxqpqlq.top,,1
voilier-masims.fr,normal.alexa,0
corliving.com,normal.alexa,0
abmklx7r1zb13pa13t.com,,1
rezaaslan.com,normal.alexa,0
ef4d49312fd178116003d3b48f78754767.hk,,1
secretsof.com,normal.alexa,0
rneehkgbu.so,,1
aeadfdfembkcdeca.net,,1
novostroynn.ru,normal.alexa,0
vatmozta.ru,,1
1qj1p8uc5cak8127niod16i1fb8.net,,1
gamegolf.com,normal.alexa,0
belfemabdmmamfbe.online,,1
successcycler.com,normal.alexa,0
hs-sites.com,normal.alexa,0
velgid.com,normal.alexa,0
icrzy.org,,1
fidorbank.uk,normal.alexa,0
nikkansports.com,normal.alexa,0
lifestylesummit.com,normal.alexa,0
emergingproperty.co.uk,normal.alexa,0
jlzjinalcentricem.com,dga.banjori,1
zutibmx.ru,,1
turbodealer.ru,normal.alexa,0
knowche.ir,normal.alexa,0
justvisual.com,normal.alexa,0
pacans.com,normal.alexa,0
xzxjbvgrccubatwduvcpdmtrcmv.ru,,1
pszvllg8wlaxsjtx.com,,1
knowyourhandheld.com,normal.alexa,0
24-bedding.com,normal.alexa,0
supportgroupunited.com,normal.alexa,0
trbxyaoebayrveusmynyqdipj.biz,dga.qakbot,1
ouludc.fi,normal.alexa,0
juegos9000.com,normal.alexa,0
sw5crx9966mu1jqe.ru,,1
ob54w63xmta8i4g.ddns.net,,1
carrytraingainprogramrecord.com,,1
aefactoryservice.com,normal.alexa,0
1o4pcryrtjrlb1pbkau6wrfje.biz,,1
uni-koblenz-landau.de,normal.alexa,0
ksb9xvsys7e613s9d70twlux3.com,,1
lamudi.qa,normal.alexa,0
geekso.com,normal.alexa,0
lnafamentalistfanchonut.com,,1
rbcbanqueroyale.com,normal.alexa,0
711rev.com,normal.alexa,0
bcxxknaiz.com,,1
3ryteper7j5bahkj3050k21.ddns.net,,1
cyoulwofwl.com,,1
b5cb827cbe5ab2a0f6ddd540e0fb7b5d6d.in,,1
f1bb4bec3e17b7293fcf9e5d0d021473e4.in,,1
xghhwotyesnlvvi.co.uk,,1
vpkraidgpeicuj.co.uk,dga.cryptolocker,1
bunzvlesey.com,,1
constructorareivax.com,normal.alexa,0
sholeyei.org,,1
madridgeekgirls.es,normal.alexa,0
faktinfo.az,normal.alexa,0
91695ccc9420ea5f4ba203cde2f9f418.org,,1
bamrgqautkcatgouglwohgqozcy.org,,1
wowsfhnnvlwhlotryvh.com,,1
bkagtltfalybph.su,,1
samquinones.com,normal.alexa,0
prcaynpnirhenvhuzlhirzlpv.com,,1
lm7vbsi6h9ux6e3xoiecd1yh.org,,1
kcffcabkbfkddeec.com,,1
gbjtyyhrhk.com,,1
wtlnblvvbilrgprpjvcurcfem.ru,,1
clearclipping.com,normal.alexa,0
bblynphohsugrj.net,,1
nnarenhancedysb.com,dga.banjori,1
cadillacfairview.com,normal.alexa,0
clickit.hu,normal.alexa,0
moffwcd.com,,1
grntwhuitpx.net,,1
cebmsicgnks.info,,1
mdgwotiwmtya.info,,1
rionsex.com,normal.alexa,0
e-rt2012.fr,normal.alexa,0
sqautmille.blogspot.com.eg,normal.alexa,0
pornogratis911.com,normal.alexa,0
pnjpyplvvkpdyhhamshee.info,,1
wammbyplaywobb.com,dga.banjori,1
xdpnvhgkxldpmc.com,,1
oizlio.com,normal.alexa,0
html5tools.net,normal.alexa,0
gpspoint.com.br,normal.alexa,0
jwailptwqkxyjwhl.eu,,1
wwyqmkssmqeqquqm.org,,1
jyjhhj.net,,1
pantofarultau.ro,normal.alexa,0
lyzyjidy.info,,1
gssnurmfsscy.com,,1
buhgahqnrivvsormvaikrgpkjlu.ru,,1
educrowngroup.org,normal.alexa,0
eflashplaybergetado.net,,1
cac58ade91d020641d3ade3c51001fb8bd.cc,,1
balletbeautiful.com,normal.alexa,0
w9anc927opyz.org,,1
4p21q86ivakrespwo6.cn,,1
nasra.net,normal.alexa,0
snw.media,normal.alexa,0
beoflashplayergetad.net,,1
mkbeniahpyu.tj,dga.necurs,1
thessalonikiartsandculture.gr,normal.alexa,0
smsdigito.com,normal.alexa,0
rblmxdbkulw.com,,1
betqmbzmwfb.com,dga.nymaim,1
nald.ca,normal.alexa,0
suwvknnwb.info,,1
nzdsdafox.cc,,1
driverdr.com,normal.alexa,0
hveemdk.info,,1
mebli-zakaz.kiev.ua,normal.alexa,0
oyqoupxgtspjb.com,,1
jsnzizc5ek.com,,1
nshcjelet.ru,,1
xcd715d589faddb6267e59376541e5d622.so,,1
zanru.com,normal.alexa,0
wwmsewoqeqiwouik.org,,1
signsleep.net,,1
1iwzdgz165a38l1ipm03i1xzawz.com,,1
tanpan.jp,normal.alexa,0
rctgzkn.cc,,1
webcomic-eb.com,normal.alexa,0
qccjfktlkfbm.xyz,,1
triedteach.net,,1
dbmetal.net,normal.alexa,0
tc4dfbbb3ce4fd7ff963f3dd82b026fafa.cn,,1
ekipa24.si,normal.alexa,0
ratesdekho.com,normal.alexa,0
quietbicycle.net,,1
panabit.com,normal.alexa,0
resumosetrabalhos.com.br,normal.alexa,0
sgcafe.com,normal.alexa,0
terraform.io,normal.alexa,0
hxl1z91goi06z14uh54c1o1gj0v.net,,1
nkleadershipwatch.wordpress.com,normal.alexa,0
xtzbamentalistfanchonut.com,,1
khwpudihmzc.ru,,1
qwvvwobpvamucxvogaqlrpuocya.ru,,1
klawiszedolaptopa.pl,normal.alexa,0
1euqv5u1rjfj2ccybv3krkhy1v.org,,1
ecrthrwhcm.com,,1
ryhclxgshz.net,,1
bestsite.in,normal.alexa,0
lqoryfsdawincvop.eu,,1
jozzolkmhbxp.net,,1
cheapflug.de,normal.alexa,0
ioehpkgbjphoennj.com,,1
kkcancuiwcymao.biz,,1
pyjoovnahexx.info,,1
sushiwok.ua,normal.alexa,0
kyaboss.com,normal.alexa,0
afpsvrqmiqrm.com,,1
g7hc5tshk8rmjtx1971c6ucb9.net,,1
blind.com,normal.alexa,0
gbc6f39452d66ce62332ff630eaf7f9fe4.tk,,1
xvossfpgjlqdheyh.mu,,1
wc74vu1oyt3uxxzzqp11u9ts63.com,,1
bvd0uo8igarglzln0t1grydoz.com,,1
susynblairhunt.com,normal.alexa,0
ns1.dnsfor9.com,,1
hgipczuhdp.com,,1
toppicture.ru,normal.alexa,0
smallcapcrm.com,normal.alexa,0
52zy.com,normal.alexa,0
sex-ukraine.net,normal.alexa,0
clubpoint.com,normal.alexa,0
ilezau.com,,1
e28437bd4a2d86e119bb5c8af2f2cf1348.hk,,1
thedividendguyblog.com,normal.alexa,0
ffacmfamldfoceco.co.uk,,1
ah8b7j0fiybqf9g2.com,,1
lxddxbwlfuxoiglq.eu,,1
1s6mpxoan94q79f172z18n3ld5.org,,1
d888dc63031d462ef1ac2b2413d0672fb2.in,,1
storebadge.com,normal.alexa,0
1l8pbnb15r4k89z13uem1kadmal.biz,,1
watershed.net,normal.alexa,0
stafaband.lol,normal.alexa,0
qctcardenslavetusul.com,dga.banjori,1
cecukolbkiimcdgv.eu,,1
luotuopai.tmall.com,normal.alexa,0
wjctjytfntktooaut.org,dga.qakbot,1
ns1.dnsfor0.info,,1
ynqhwkxgfjbxoaaxye.com,,1
mladypodnikatel.cz,normal.alexa,0
angliakopie.com,normal.alexa,0
escapade-kostueme.com,normal.alexa,0
leveldown.fr,normal.alexa,0
unicesar.edu.co,normal.alexa,0
zamvnltxxftu.com,,1
sexhazzi.com,normal.alexa,0
lbhukhmu.com,,1
vejimpjiqnjplft.ru,,1
galeria-warminska.pl,normal.alexa,0
knowoctover.net,,1
nmaaadkkfaeoadfl.org,,1
gabyreho.info,,1
rajatracker.co.id,normal.alexa,0
ddgfttvudur.cn,,1
gibdist.net,normal.alexa,0
emailcampaigns.net,normal.alexa,0
ecjobsonline.com,normal.alexa,0
skodaczesci.pl,normal.alexa,0
xpollo.com,normal.alexa,0
dcfnbcekdcdofdmc.org,,1
2bro.jp,normal.alexa,0
jbqwdukrfucambxwmbdigmhvcizby.biz,,1
1e4kgs01dbff4jbz1gg718zwt77.net,,1
laurakent.fr,normal.alexa,0
fjyhsikathrinezad.com,dga.banjori,1
udomlya.ru,normal.alexa,0
suncommunitynews.com,normal.alexa,0
weblinkinternational.com,normal.alexa,0
1fcl1eb1x66tkm1tbrahy18a8t0t.net,,1
telltalesonline.com,normal.alexa,0
kebcxkrqslqeohwjh.com,,1
xrmqjnmskfprmlyy.org,,1
tgbzyeyf.net,,1
neighburhood.com,normal.alexa,0
insurancetrusty.com,normal.alexa,0
uatlarrxtnrwiv.co.uk,,1
qnlmqaeombhcpxofaxjixz.com,,1
unitedtld.com,normal.alexa,0
cthdvunlbwescjjcy.com,,1
eyeyhlb.info,,1
alt-cigaret.ru,normal.alexa,0
bertabridal.com,normal.alexa,0
sscoaching.in,normal.alexa,0
zivybar.cz,normal.alexa,0
septembershow.net,,1
sydcqfzfbub.info,,1
ronpuqxu.info,,1
onnbvqdjuyxs.ru,,1
nlljleasuredehydratorysagp.com,,1
oxqhebydkrw.top,,1
joseph-ho.com,normal.alexa,0
mclldfmfankobafc.co,,1
graphixshare.com,normal.alexa,0
avcuhuhyv.com,,1
isvesosyalguvenlik.com,normal.alexa,0
ervqveknzq.com,,1
gymsportz.sg,normal.alexa,0
mizxinalcentricem.com,,1
1qa3hzybccteqp6c.biz,,1
xiongyingsm.tmall.com,normal.alexa,0
comparepoint.us,normal.alexa,0
adultere-rencontre.fr,normal.alexa,0
grabacr.net,normal.alexa,0
grfteqrkrojxad.net,,1
bdffzanrbvod.net,,1
jobbringpressureslideadvance.com,dga.matsnu,1
fhnzestnessbiophysicalohax.com,dga.banjori,1
esgdocrchkqcqkgah.net,,1
zirmizi.net,normal.alexa,0
zrobionezdrewna.pl,normal.alexa,0
tf-spot.com,normal.alexa,0
tuvqdl3naguqxvo.net,,1
hwvujihhouxgypsh.info,dga.murofet,1
jaktlust.com,normal.alexa,0
p5c151642102a6cc7dd17a21015ad0b826.in,,1
agglo-annecy.fr,normal.alexa,0
theislandblue.com,normal.alexa,0
dvxcxrvez.com,,1
ozpvszdhmdergfyzyprolzqsht.ru,,1
qianjins.com,normal.alexa,0
epictoon.com,normal.alexa,0
regmedia.co.uk,normal.alexa,0
pymbjqjsua.org,,1
libraryflorist.com,normal.alexa,0
tagarooz.com,normal.alexa,0
dq42u61bk8l4312jz67rp7atik.org,,1
14futwj19gl4m11llj5811euepkv.com,,1
osaduugarmt.org,,1
fjoamdpa.net,,1
breadnature.net,,1
uslzijqkaqjraipnchgadyxgukdso.ru,,1
kuwmqmgkmyuaokiu.org,,1
ayybtyipncehyyfvgbi.xxx,,1
howtomakemecome.tumblr.com,normal.alexa,0
med.by,normal.alexa,0
anony3721.blog.163.com,normal.alexa,0
brotbhvuigkpmgas.xxx,,1
udlyvvkwjtz.com,,1
z18d63e704112b611e208594e942d024b5.in,,1
minimoto.jp,normal.alexa,0
n4cc246af8e2ee83f398b17b43e6aef4ee.so,,1
thisroll.net,,1
milkshot.net,,1
oabiumolijcoccj.com,,1
omyroqjoumircxqu.com,,1
centeroda.ru,normal.alexa,0
fidelize.com.br,normal.alexa,0
glamour.ru,normal.alexa,0
h4b7l41p0p3pu8rcje1gq1jyd.com,,1
ctuhsj.info,,1
tqmcyhyisiirt.co.uk,,1
generateur-de-mentions-legales.com,normal.alexa,0
panicporntube.com,normal.alexa,0
kbbrkiwlcpgdojzx.com,,1
uydbjq.net,,1
elgroupinternational.com,normal.alexa,0
r6x2bfwedsoi1cj8yyod3br8u.net,,1
nofqlfgfsxtn.net,,1
1yi9slplba8cjtv1oxm11owvwn.org,,1
hfcaidablyhoosieraw.com,dga.banjori,1
xhraobeslh.com,,1
yyaqsexsvnq.net,,1
ehgojmirxrwwdfzi.biz,,1
gnjgxvngfupvktyl.info,,1
cristinatbernardo.blogspot.pt,normal.alexa,0
pnibvktwmfjrxovtxgaydpvovxs.org,,1
mozy.com,normal.alexa,0
seiwicxu.ru,dga.pushdo,1
hopepracticepraywellfield.com,,1
ynsgbsynvsmbkda.com,,1
moscowcinema.com,normal.alexa,0
jomhosting.net,normal.alexa,0
udghomiafrlaqloy.eu,,1
3jefa4q2onqxwxwrs6u.ddns.net,,1
lqnbydutodyhorpvobbuvyxci.com,,1
mtaubnumkpepsyhu.eu,,1
mp3sait.com,normal.alexa,0
bfgkfenqyqpg.com,,1
oo.je,normal.alexa,0
eisbaeren.de,normal.alexa,0
bbglzcefnqt.biz,,1
greenauto25.ru,normal.alexa,0
a39dtgdg34lo5l.com,,1
jcwhckfgjqhk.com,,1
wrapyouinlove.com,normal.alexa,0
xorjlllefz.com,,1
mxatwxc.ru,,1
lelxlifx.com,,1
7vopy6sre2w83dylspkjs0u.ddns.net,,1
theislandsydney.com.au,normal.alexa,0
edn-europe.com,normal.alexa,0
dailyonlinedeals.org,normal.alexa,0
gcacibgvpdbczsx.org,,1
magazyn-kuchnia.pl,normal.alexa,0
funtoosh.com,normal.alexa,0
anedbkeeaaaabmea.cc,,1
ipad-nigeria.com,normal.alexa,0
onlinebuff.com,normal.alexa,0
gamlaa.com,normal.alexa,0
hetnieuweinstituut.nl,normal.alexa,0
cnvvakmensen.nl,normal.alexa,0
vreite.gr,normal.alexa,0
webgistix.com,normal.alexa,0
divan.com.tr,normal.alexa,0
negwglbcir.se,,1
sugar.com.tw,normal.alexa,0
1d9vihroc6ub81rz8vu14jn4wj.biz,,1
specialistcowconditionanswer.com,,1
warnerbrosrecords.com,normal.alexa,0
en-zine.jp,normal.alexa,0
ncatlab.org,normal.alexa,0
exeltek.com.au,normal.alexa,0
ntindiqkriicgf.info,,1
bhlqhcovilnivfmae.eu,,1
54e0893b4a086d4e57b432d8ed835e73.info,,1
grapevine.is,normal.alexa,0
cyclonerake.com,normal.alexa,0
young-plaza.com,normal.alexa,0
meatbone.ru,,1
1q70lqbs1yr0.com,,1
h80d662609c32fb22abe12458fde44c5f3.in,,1
mjtnet.com,normal.alexa,0
kickass.la,normal.alexa,0
jesus.de,normal.alexa,0
gospffa.info,,1
cushionapp.com,normal.alexa,0
syxehyhbo.net,,1
bc-l.jp,normal.alexa,0
dclibrary.org,normal.alexa,0
dtnosatformalisticirekb.com,dga.banjori,1
gazzettaobjects.it,normal.alexa,0
rgetadobeflasehplay.co.uk,,1
neverbland.com,normal.alexa,0
apotheke.com,normal.alexa,0
19qvu7ansu1d31cieike1g20b1e.net,dga.post,1
eakoflemlekmbobd.co,,1
fitknitchick.com,normal.alexa,0
idoball.net,normal.alexa,0
ew4lw4kp3oub.net,,1
oegwgycciy.com,,1
lohofiqa.ru,,1
styletuning.com,normal.alexa,0
mebelniykrug.ru,normal.alexa,0
f1zone.net,normal.alexa,0
office-taku.com,normal.alexa,0
dntgbltdxy.net,,1
hotspicyupdates.blogspot.in,normal.alexa,0
euopbi.com,,1
sibtheme.com,normal.alexa,0
gamswwiq.info,,1
privatemomsvideos.com,normal.alexa,0
ottvuuixiibt.cc,,1
tehprime.ru,normal.alexa,0
edelweisslodgeandresort.com,normal.alexa,0
healex.com,normal.alexa,0
wibnvphjxg.com,,1
ambafrance-qa.org,normal.alexa,0
scagroup.in,normal.alexa,0
a8av.com,normal.alexa,0
bantingblvd.co.za,normal.alexa,0
goldmoneytoday.com,normal.alexa,0
bjhksatformalisticirekb.com,dga.banjori,1
streetrealize.net,,1
thietkewebbinhdinh.net,normal.alexa,0
vice.com,normal.alexa,0
orglamix.com,normal.alexa,0
bvsops.org.uy,normal.alexa,0
pokestory.pl,normal.alexa,0
heamrxypiflnnvrgwsxnrzlzhl.ru,,1
benchling.com,normal.alexa,0
dfnaxk.info,,1
reba.ir,normal.alexa,0
xpnjgxynnnyxpnwd.eu,,1
geveze.org,normal.alexa,0
bitcoin-yellow.com,normal.alexa,0
bakersoven.in,normal.alexa,0
pourshafi.com,normal.alexa,0
ashopmedia.de,normal.alexa,0
friv10000000.com,normal.alexa,0
fgoqjcv.info,,1
estiva-es.com.br,normal.alexa,0
gcdsardenslavetusul.com,dga.banjori,1
hekhqvorknie.com,,1
insideorganizecostchairpursue.com,dga.matsnu,1
qofmxowguvdbefirgfqkfcufmin.info,,1
u2tdjf1gart7d1hp83wcvr3uaw.com,,1
police.ge,normal.alexa,0
ysvpsxllviskphrt.info,,1
techpavan.com,normal.alexa,0
qedviwll.com,,1
iuwigmagcqeqqceq.org,,1
bilcicfa.ru,,1
1lvkafosdn1oy1izsak0v5bgz1.net,,1
stagelimitedbalancedieanger.com,dga.matsnu,1
casinobaikal.com,normal.alexa,0
lenovo-forums.ru,normal.alexa,0
bathpotters.co.uk,normal.alexa,0
ghaabew.eu,,1
smvmmen.com,dga.banjori,1
gmmgdxy.dyndns.org,,1
remembersingle.net,,1
wiju.es,normal.alexa,0
gzahihgp.com,,1
tjkbaivowyy.com,dga.conficker,1
ns1.dnsfor1.com,,1
wethepower.in,normal.alexa,0
imeumachuslazaroqok.com,dga.banjori,1
golffuel.com,normal.alexa,0
bvkafyqvkdskeatpa.in,,1
llcxijddrwun.dyndns.org,,1
8dm74xi70luz.org,,1
mbxiaedykkidactw.eu,,1
bestoneserver.com,normal.alexa,0
mmbcxxcpcbvk.com,,1
hkmastertop.tumblr.com,normal.alexa,0
qorxrsensinaix.com,dga.banjori,1
exodustravels.com,normal.alexa,0
clyne.fr,normal.alexa,0
pokifozd.ru,,1
control.com,normal.alexa,0
purecasualdate.com,normal.alexa,0
vwuwilippsroqo.com,,1
justmart.ru,normal.alexa,0
ysstephen.com,normal.alexa,0
americanstrawpoll.com,normal.alexa,0
sbr-technologies.com,normal.alexa,0
developmentgroup.ir,normal.alexa,0
apebdiigev.ddns.net,,1
1sk431xlrnjufxt8408ebscoa.biz,,1
icandeliver.ru,normal.alexa,0
kfrxtjrdbiappjhekzmrypir.ru,,1
lqsoqiugjvympykf.biz,,1
ns1.dnsfor16.com,,1
anbdaayyendlxr.sx,,1
pornobuceta.xxx,normal.alexa,0
czbsvuoi.com,,1
tinysub.in,normal.alexa,0
zwave.de,normal.alexa,0
bestwebmarks.info,normal.alexa,0
jcjkqfhpcvgaxtmg.com,,1
powio.com,normal.alexa,0
brucefield.com,normal.alexa,0
vdsfanerraticallyqozaw.com,dga.banjori,1
3e3d1f0b4f40adc67f461ca391f9cacc.co.cc,,1
badoasckshjp.org,dga.cryptolocker,1
ahhjyrfaxhbksg.su,,1
digi.me,normal.alexa,0
jd.co,normal.alexa,0
ferrolho.xyz,normal.alexa,0
1b0w4kkiyrkh4197hvu121n1lt.org,,1
glassbeam.com,normal.alexa,0
bzuxulyyusv.net,,1
handcuffwarehouse.com,normal.alexa,0
kxsehenansnan.cc,,1
typelecturebelongcarpetdesign.com,,1
1v1nkn143nkve6qfw2c.ddns.net,,1
kimagray.com,normal.alexa,0
djycuuhtcitcrd.com,,1
sexybebot.com,normal.alexa,0
bbvinos.com,normal.alexa,0
cupbilpa.ru,dga.pushdo,1
byxfppghcvyilbsye.net,,1
planettimbers.com.au,normal.alexa,0
loreredotntexp.net,,1
bojagltpjeqosb.ru,,1
prezicn.com,normal.alexa,0
thecalendarspot.net,normal.alexa,0
tehnowar.ru,normal.alexa,0
toqafdaf.ru,,1
obedflashplayergeta.co.uk,,1
conversionai.com,normal.alexa,0
ij3bmlc4e0k0ivatk8c6a6y.ddns.net,,1
1wvow517r4pxyssp7oxs4z2jb.com,,1
santillanago.com,normal.alexa,0
iyqco.ws,,1
bvoxicmzdwuchagyyxqsskmr.ru,,1
qripjthe.info,,1
ykhvoqhqwfypiks.org,,1
belltownseattle.com,normal.alexa,0
sibtayn.com,normal.alexa,0
cegueuobcyqtwxkeqvlnfalreukfjv.org,,1
owgpibpfggqcmneydrcgykjzge.ru,,1
concursodoibge.com.br,normal.alexa,0
mfsafrica.com,normal.alexa,0
sage-restaurant.de,normal.alexa,0
eyeuenyrlsxb.info,,1
thewatchgallery.com,normal.alexa,0
spiceaddictionsupport.org,normal.alexa,0
cpigoau.info,,1
ns1.dnsfor8.biz,,1
locanto.es,normal.alexa,0
blackgold.org,normal.alexa,0
qrajwd.ws,,1
zgveislvkdqfuetkv.net,,1
dilekceyaz.net,normal.alexa,0
utmrlpg.eu,,1
elan.ir,normal.alexa,0
yusknz.com,,1
powernot.info,normal.alexa,0
u650c3d5f3b6aba56d830f36a8934c4d40.to,,1
patrice-besse.com,normal.alexa,0
benefitycafe.cz,normal.alexa,0
nilecorp.com,normal.alexa,0
new-soku.net,normal.alexa,0
tenayalodge.com,normal.alexa,0
4jqjgohhn3bfw.com,,1
enrollbusiness.com,normal.alexa,0
cjaftadxqmudclnwe.su,,1
alefabffaafbfmfe.eu,,1
btfagzjsisn8l.com,,1
vfkddebcobfc.com,,1
bonbonsmode.tw,normal.alexa,0
key88.net,normal.alexa,0
2vtnmzec4os7mvc7gp5a6sye.org,,1
buildmyonlinestore.com,normal.alexa,0
lslinks.biz,normal.alexa,0
dlkdrama.com,normal.alexa,0
flashpelayergetadob.co.uk,,1
euekmqmiddsisjjx.eu,,1
ywqieyky.org,,1
lorem-ipsum.info,normal.alexa,0
wufblyod.net,,1
hairandbeautyonline.com,normal.alexa,0
tmztypvkbjfnbfytcvweqgu.ru,,1
noticiasdevenezuela.org,normal.alexa,0
bmgmarketing.co.za,normal.alexa,0
umaxtv.co.kr,normal.alexa,0
qiokqekii.ddns.net,,1
lyonnaise-des-eaux.fr,normal.alexa,0
sgplxokpizlworophaxlr.ru,,1
uyueellefrictionlessv.com,dga.banjori,1
maduraidirectory.com,normal.alexa,0
hoscvhyvipkkar1l.com,,1
dvaisatformalisticirekb.com,,1
fvsizue.net,,1
btjumoguemvpiopco.me,,1
portalitapema.com,normal.alexa,0
pegasplanet.com,normal.alexa,0
bimobject.com,normal.alexa,0
shoutyuu.com,normal.alexa,0
mikayogawear.com,normal.alexa,0
cocktail-shoes.ru,normal.alexa,0
countryadmiretreatcomment.com,,1
8y8u864ywywu.net,,1
thehomesalon.in,normal.alexa,0
framepotflybankleadclubend.com,dga.matsnu,1
lashplayergeftadobe.co.uk,,1
albomadventures.com,normal.alexa,0
u8e687afee6dfae1ab209c2f87c2048827.to,,1
tsnoka.com,,1
ina.ac.cr,normal.alexa,0
tjaoluyxwdbi.ru,,1
amrdiab.net,normal.alexa,0
ktelmacedonia.gr,normal.alexa,0
zvhrfordlinnetavox.com,dga.banjori,1
xhnvyekimdudhkg.biz,,1
mt5fxrobot.com,normal.alexa,0
time4results.com,normal.alexa,0
k4345ebd6704a3cd60d75a159414905da6.hk,,1
whitelabel.audio,normal.alexa,0
fastcashconsulting.com,normal.alexa,0
emailextractor14.com,normal.alexa,0
agxewvtl.ru,,1
rglnorgdexfuh.biz,,1
kartinki-online.ru,normal.alexa,0
1vmftbv11yc2rkk3873evc2oqc.com,,1
jyugeru-09.com,normal.alexa,0
kwtglepoyib.info,,1
jochen-schweizer.at,normal.alexa,0
wxzqqj.ru,,1
cpv1yq2cdukjt.net,,1
sgupdate.com,normal.alexa,0
euswijvsj.net,,1
rszhlbqksgnrtewghdeirrnfdoj.biz,,1
eladomakonyvem.hu,normal.alexa,0
iofkamentalistfanchonut.com,,1
infinitipolska.com.pl,normal.alexa,0
xwtwkivaqwfqscttcpcixcij.ru,,1
nakedteenbody.com,normal.alexa,0
bxjaloxht.xxx,,1
u1e66fad5ebf39dadc532705b3503325b5.hk,,1
1sy9vlh1pnu9d0tegp7vypwuve.net,,1
eigoowgaokayemuk.org,,1
sefar.com,normal.alexa,0
fsfyhjbptjp.net,,1
anyssa.org,normal.alexa,0
ntexploreredto.net,,1
14l1wchu3258qoeavgxxjz5oq.com,,1
dwsuunfebempdjcd.eu,,1
nuso.org,normal.alexa,0
1ke6wowr7cit1qgani7vgvzdj.com,,1
btravelplus.com,normal.alexa,0
woodworkx.co.za,normal.alexa,0
dianebourque.com,normal.alexa,0
ecologistasenaccion.es,normal.alexa,0
feqnlwiysn.ws,,1
148ot49ay2av71pu5e2t1mz56r2.org,dga.post,1
intensecycles.com,normal.alexa,0
profinda.com,normal.alexa,0
retirebeforedad.com,normal.alexa,0
spectrum.com,normal.alexa,0
eauc.kz,normal.alexa,0
siglocoahuila.mx,normal.alexa,0
hyimeodqb.com,,1
ydwfoq.com,,1
ird.gov.np,normal.alexa,0
9964aa98f2b23a8b065d9d315fba022d.co.cc,,1
dmhmtwknirkvjraqkbofetp.ru,,1
cafebazaar.ir,normal.alexa,0
unimes.br,normal.alexa,0
ewsesxdglwfpsgsfj.com,,1
touslesforfaits.fr,normal.alexa,0
bodying.sg,normal.alexa,0
wcivfipjobwsxlnvduduhlayheha.ru,,1
boudenib.net,normal.alexa,0
ghdgfummpbkt.com,dga.tinba,1
promoter.io,normal.alexa,0
wguvfixrfmkctgod.eu,,1
1saednpta7frvu0vzt8lzm4me.net,,1
policyalternatives.ca,normal.alexa,0
oscipartbulkyf.com,dga.banjori,1
whiznews.com,normal.alexa,0
apc.es,normal.alexa,0
dgtvebftge.com,,1
tadobeflasehplayerg.co.uk,,1
trgauba.com,normal.alexa,0
hotwork.ru,normal.alexa,0
766eun1uhpl2gib30nhe17emu.com,,1
digitellinc.com,normal.alexa,0
bomag.com,normal.alexa,0
krutagycynk.net,,1
15dpoiwgxo4h7reod0njtkdev.biz,,1
ns1.backdates6.info,,1
memphisflyer.com,normal.alexa,0
ihpxbseg.mooo.com,,1
goeuro.it,normal.alexa,0
thejournal.com,normal.alexa,0
hfuwlocyqngcsblek.net,,1
holeinvitehanginterviewskirt.com,dga.matsnu,1
oosterberg.nl,normal.alexa,0
oracionesmilagrosasypoderosas.com,normal.alexa,0
greenhome.org.ua,normal.alexa,0
marketingparadise.com,normal.alexa,0
nx7eew14v0tro1r1uk841jbbopb.net,,1
auqpbcyrpdejatxd.eu,,1
odbeflashplayergeta.co.uk,,1
wmhekvwy.info,,1
sqnotqqgt.com,,1
radiotelevision2000.com,normal.alexa,0
sctax.org,normal.alexa,0
fastcamp.ir,normal.alexa,0
gameschemesizejuicemovenurse.com,,1
cp-immo.at,normal.alexa,0
hkowyekvqj.biz,,1
loytec.com,normal.alexa,0
irppt.com,normal.alexa,0
dfwrealestate.com,normal.alexa,0
lxurruintvhjyw.net,,1
fbcdn.net,normal.alexa,0
rachaelraymag.com,normal.alexa,0
uxeficaqbopou.ddns.net,,1
k3-mebel.ru,normal.alexa,0
rmtcapcargnyeb.su,,1
bbbtdmjknmpk.com,dga.tinba,1
heimgourmet.com,normal.alexa,0
didoolucg.ddns.net,,1
snapfish.ie,normal.alexa,0
safedownloadsrus164.com,normal.alexa,0
hairtaste.net,,1
usssyfqsvirhyq.com,,1
piter-it.ru,normal.alexa,0
iklantuban.com,normal.alexa,0
a12zzb43kiu.net,,1
yqmodbxjxgczajstz.com,,1
aewsdfqobtpbxsvaujztoainzcux.net,,1
ukbeivfia.ddns.net,,1
handfulofharmonies.co.uk,normal.alexa,0
jierenchina.com,normal.alexa,0
texplonreredot.info,,1
2fasts.com,normal.alexa,0
ryhenev.info,,1
zjsti.gov.cn,normal.alexa,0
jnbplxzgtavmwqkjma.net,,1
uctmljl.info,,1
tamiraat.net,normal.alexa,0
surfdeal.ch,normal.alexa,0
e41a23d78ee4fc4f6c3d2ca2b55e869b.cz.cc,,1
rupmxij.dynserv.com,,1
loyaltrade.in,normal.alexa,0
mpplvclhldlc.pw,,1
intuit-gopayment.com,normal.alexa,0
orlandoemployeediscounts.com,normal.alexa,0
odfcbn.mooo.com,,1
hvcknbkp.org,,1
znpszzwstgzzyk.com,,1
airport-nuernberg.de,normal.alexa,0
1p37026f7axov21mqwp1wlwbwj.net,,1
kerch.com.ru,normal.alexa,0
ssab.com,normal.alexa,0
j5ivl314fkkzhfnlwxphk3wm.biz,,1
mfcu.ru,normal.alexa,0
ot78w6qnubeda21.ddns.net,,1
smmm3rckb1d9wk.com,,1
k2hub.info,normal.alexa,0
twgmgf1ea0sh736ais2qttlic.biz,,1
1fh4lo91o29tbq1g38dkg1a3wpn.biz,,1
tfqtegtp.org,,1
imomatik.ro,normal.alexa,0
allparenting.com,normal.alexa,0
diplomat.tmall.com,normal.alexa,0
christiansreports.com,normal.alexa,0
zonammorpg.com,normal.alexa,0
pornobonjour.com,normal.alexa,0
terazkrosno.pl,normal.alexa,0
justice-law.co.kr,normal.alexa,0
amityuniversity.ae,normal.alexa,0
hssoku.com,normal.alexa,0
xn--dekh9bb5226gg0h.com,normal.alexa,0
shutou.jp,normal.alexa,0
artemisbet30.com,normal.alexa,0
economia.uol.com.br,normal.alexa,0
tothvwh.info,,1
ns1.backdates19.biz,,1
xb20bifh33m1lo3vlia9hb2o.com,,1
dressv.com,normal.alexa,0
pusatgrosirjashujan.com,normal.alexa,0
pxxaqprsuabx.pl,,1
ebanataw.com.br,normal.alexa,0
jjlvpdtpqv.net,,1
paxinasgalegas.es,normal.alexa,0
ddfeip2xmz.net,,1
ngpqrsgkbqqo.com,,1
reddesirerelateicecommit.com,dga.matsnu,1
tishikala.ir,normal.alexa,0
soembiuxquhu.ddns.net,,1
gqmfciwubhlcngradkk.mu,,1
gisfjlqfxxwbyebyuvwkqqbl.net,dga.qakbot,1
gahafow.info,,1
sp4xfkn6j18ksg63db.cn,,1
pngpoqquvmqgutk.info,dga.murofet,1
audiopro.de,normal.alexa,0
baharsite.com,normal.alexa,0
acawtp.com,,1
emeditek.co.in,normal.alexa,0
ntc.net.np,normal.alexa,0
twingle.events,normal.alexa,0
sokuhai.co.jp,normal.alexa,0
searchmarketingexpo.com,normal.alexa,0
gomcpihyqbd.net,,1
qowauasdpvv.com,,1
4is6o2kesmc2.top,,1
vyryrokijnymusknq.net,,1
fpxgdvw7rdvylquey6.cn,,1
nxnjtyyenbjb.com,dga.tinba,1
sarzamin.us,normal.alexa,0
hermes.sk,normal.alexa,0
weemss.com,normal.alexa,0
spaziorock.it,normal.alexa,0
yoleriacj.info,,1
nsmkjt.org,,1
fofep1bmr3jefsdu.ddns.net,,1
0ea003fd0dff547315d016b9ceb575ef.cz.cc,,1
stanstedexpress.com,normal.alexa,0
townexcuseadmireencourage.com,,1
japan-zone.com,normal.alexa,0
jayjmcshcdihosy.co.uk,,1
juxmfuhyuwryel.com,,1
ge5udfxjmlp24n03wv1km60n1.org,dga.post,1
goodmaid.tk,normal.alexa,0
mardinmeydan.com,normal.alexa,0
thepainhacker.com,normal.alexa,0
luiwnafamahu.ddns.net,,1
smwqyqs.net,,1
5ir8ly7slivc.org,,1
ethicsa.org,normal.alexa,0
vkrdunponandlp.com,,1
sfcmall.com,normal.alexa,0
thehoopla.com.au,normal.alexa,0
eieokauyioasgecu.org,,1
tsukijiichiba.com,normal.alexa,0
sk884wu3czp7xu6wkf.biz,dga.rovnix,1
domainreanimator.com,normal.alexa,0
ub7dce5464d05337c859af18446f8d7e0d.tk,,1
ehecpsddyxhr.com,,1
wiggle.com.au,normal.alexa,0
dbgrbqpqktnq.com,,1
nb6b4fe4e0996faee5d517ae4dd7082004.so,,1
synck.com,normal.alexa,0
dataotuan.com,normal.alexa,0
vapour2.eu,normal.alexa,0
kxi2y8u2q2atglo8yd3.ddns.net,,1
syketkxroae.info,,1
dimaista.com,normal.alexa,0
loventine.es,normal.alexa,0
186g6pj1dmke4l1sh37ws4p4co.biz,dga.post,1
iconfitness.com,normal.alexa,0
lyrosar.info,,1
expert-electromenager.com,normal.alexa,0
novaland.com.vn,normal.alexa,0
xfuuardenslavetusul.com,,1
dmovhyhvfgxmyn.net,,1
xvjlkbcveoivejpcg.us,,1
osugecqnmp.com,,1
k27p3l1hjhg2a1er7ovvid3anm.org,,1
only-football.ru,normal.alexa,0
qwotgawspntspvirkzyllfwkcecy.ru,,1
veokigoh.ru,,1
mix-computer.de,normal.alexa,0
skymxyizqsyxmgueijevf.biz,,1
epimv4kj1gkikiw.net,,1
kqwhjuknlphmqtlbbsq.com,,1
szeqfbcpg.com,,1
qkakfxtah.net,,1
mdogxavt.kz,,1
livingoutdoors.co,normal.alexa,0
cbf.org,normal.alexa,0
babynews.de,normal.alexa,0
commissionboardlandholdgrass.com,,1
q7icv4ese7hg1qcbuuyy3drdw.net,,1
zceudidecehymzaqbudhqohytc.biz,,1
goldwin-jpn.com,normal.alexa,0
shopcluesmail.com,normal.alexa,0
kaveehresasoih.ddns.net,,1
maguysdifqitus.com,,1
yinhilgerouph.biz,dga.cryptolocker,1
jhfaenhancedysb.com,,1
topdoginsurance.co.uk,normal.alexa,0
ndstfordlinnetavox.com,,1
granvillewilloughby.net,,1
engnafgn.ru,,1
ebaffdefamdkecba.com,,1
novezvezdegranda.com,normal.alexa,0
bookmarktheme.com,normal.alexa,0
malinowynos.pl,normal.alexa,0
requirementexchangeregister.com,,1
cfacaacollbnakmo.com,,1
bspol.ru,normal.alexa,0
fbcdrivmufndgm6d.com,,1
razvodili.net,normal.alexa,0
uaeozyeoya.net,,1
herbschildt.com,normal.alexa,0
odishavet.com,normal.alexa,0
gsmtell4you.eu,normal.alexa,0
qdwyeanansnan.org,dga.pykspa,1
mashfrog.com,normal.alexa,0
1u5m1i7p5rmw91on49khiwo98r.org,,1
cotogoto.jp,normal.alexa,0
crispyclicks.com,normal.alexa,0
chzmanebpsffopqsy.net,,1
uyuouaiugkeq.biz,,1
jhfuopbuoojr.net,,1
fylkbyzirg.ru,,1
cmd.com.pt,normal.alexa,0
mujeed.om,normal.alexa,0
triabc.ru,normal.alexa,0
bireoga.net,,1
riyadhalelm.com,normal.alexa,0
snipp.com,normal.alexa,0
fbnkhp.net,,1
jepumedowic.eu,,1
eduui.com,normal.alexa,0
kdrbdsypdcueiifom.cc,dga.ranbyus,1
vmkumvjrrnyc.com,,1
thurrott.com,normal.alexa,0
coastalreview.org,normal.alexa,0
vcbidehydukzbuxpnfimvhpobpnp.ru,,1
sickheight.net,,1
utdqmprjvuymumlur.net,,1
jdhgsohqyemn.com,,1
saz-avangard.ru,normal.alexa,0
cprtiu.info,,1
8650745d1afc46620f6a5bf4e2c09277.org,,1
giveredirect.info,normal.alexa,0
55sqa9qkmottn.com,,1
ko548nlvcvxp2owtae.biz,,1
homecredit.co.id,normal.alexa,0
pccpmjksbime.in,,1
2develop.ru,normal.alexa,0
srknuxorepk.ru,,1
despetitshauts.com,normal.alexa,0
seguipaiaktybfin.eu,,1
5ta81rcxcda0qxyb3p3dalq.ddns.net,,1
mbkhle.com,,1
ncumxdigqlksrfa.work,,1
yibitosqhav.net,,1
pwkiwpefhxmiycnf.com,,1
kyoufuku.com,normal.alexa,0
jsjrwqcvanlisc.tw,,1
zcsrkc.org,,1
2242f6250628d925c5e735cae2db5dc2.co.cc,,1
kulfika.pl,normal.alexa,0
adhqtwjblltmt.xxx,,1
yxwxmhyz.com,,1
prcdirect.co.uk,normal.alexa,0
batbinus.ru,,1
tom.ru,normal.alexa,0
dtsnardenslavetusul.com,dga.banjori,1
tsj4of1f15clvgquq8331zid9.org,,1
sunheartbohoclothing.com,normal.alexa,0
ntbvngn.eu,,1
amdblcfnabofcffo.com,,1
thebeatles.com,normal.alexa,0
stlcop.edu,normal.alexa,0
mkcfncfbkbadcbam.co.uk,,1
fefcdibcvqi.org,,1
xcwhpcxqdjwb.org,,1
saudiedi.com,normal.alexa,0
tvseriesfinale.com,normal.alexa,0
ivqvojkpm.org,,1
revionics.com,normal.alexa,0
monitorpassagecrashrelyweigh.com,,1
placer-tabaco.com,normal.alexa,0
smotryu-tv.ru,normal.alexa,0
megashare9.info,normal.alexa,0
tkrchgtv.info,,1
fantastihd.com,normal.alexa,0
hdwallpapers3d.com,normal.alexa,0
pop.ng,normal.alexa,0
exness.eu,normal.alexa,0
satsis.info,normal.alexa,0
nekomexico.squarespace.com,normal.alexa,0
mwekaeik.org,,1
realinfo24.com,normal.alexa,0
mizzue.com,normal.alexa,0
bogdangawlik.com,normal.alexa,0
androidfantasy.com,normal.alexa,0
nufokibo.ru,,1
databinder.net,normal.alexa,0
iabfhszgkn.net,,1
abverkaufmoebel.de,normal.alexa,0
15knxkw21xfpj1qau5x61t61nqj.com,dga.post,1
obefldashplayergeta.net,,1
halfourdeen.com,normal.alexa,0
saib.com.eg,normal.alexa,0
lqpgjst.top,,1
sp63.ru,normal.alexa,0
f460s6yt7y8ng2an.com,,1
betonmoney.com,normal.alexa,0
eylure.com,normal.alexa,0
hggjkjstnoov.com,dga.tinba,1
munchpak.com,normal.alexa,0
prose31f32hzbqivkzk67ozjzn30dxnue51j16.org,,1
maweicei.ru,,1
historyshore.net,,1
byzersjqt.top,,1
happylogi.com,normal.alexa,0
brppnhjdswnmlws.org,,1
nef-nef.gr,normal.alexa,0
micbatko.ru,,1
7zhou.com,normal.alexa,0
turkbasket.com,normal.alexa,0
mbjuayiqowue.com,,1
azaheer.org,normal.alexa,0
l57e532b6edbb4337c8b303c706c06dd7a.so,,1
hazsdhvsyyij.info,,1
mvkghhlovmrvr.com,,1
lifan.moe,normal.alexa,0
5krzmhsz5b9w9pw.net,,1
1hwvbb5t8nmltrump90nq1io0.com,,1
batteriesamerica.com,normal.alexa,0
distribucionespepetoys.com,normal.alexa,0
answerwritten.net,,1
dauntless-soft.com,normal.alexa,0
twickerz.com,normal.alexa,0
jstherightway.org,normal.alexa,0
ecommerce-hosting-guru.com,normal.alexa,0
aradanatv.com,normal.alexa,0
creative-cables.it,normal.alexa,0
sogaqsuoeomimmow.org,,1
burgomx.com,normal.alexa,0
jrkyushu-kippu.jp,normal.alexa,0
ukvvqdqjmtmy.net,,1
bkgjnsssjxlgmyg.ru,,1
brewsterwallcovering.com,normal.alexa,0
lrokzfymramypodilzpvwvgbmaq.ru,,1
euro-banking.hu,normal.alexa,0
iwrjj.biz,,1
ohnotheydidnt.livejournal.com,normal.alexa,0
ballarddesigns.com,normal.alexa,0
tartufo-online.de,normal.alexa,0
pastelerialety.com,normal.alexa,0
m-mehraban.com,normal.alexa,0
texnploreredot.net,,1
lighasuaadhg.com,,1
gutenfick.com,normal.alexa,0
k2wa12uugjbn7vfhzhxc0nad.net,,1
lamchacancadoitay.vn,normal.alexa,0
pleasantcompany.net,,1
mromswqfsnksipx.com,,1
gaydonis.com,normal.alexa,0
flexidrive.se,normal.alexa,0
rolafade.ru,,1
di.com.pl,normal.alexa,0
xn--90afdbaav0bd1afy6eub5d.xn--p1ai,normal.alexa,0
choosedigital.com,normal.alexa,0
vesa.ro,normal.alexa,0
55090.cn,normal.alexa,0
digitad.net,normal.alexa,0
kobietkowo.pl,normal.alexa,0
elgrqsdwibtgmp.com,,1
nauka-shop.com,normal.alexa,0
firebrandtraining.co.uk,normal.alexa,0
u36gwjoshinxfzfijn.net,,1
xn--80aplwa.xn--p1ai,normal.alexa,0
ozputv.com,,1
twirlygirlshop.com,normal.alexa,0
deniztools.com,normal.alexa,0
full-film-izle.com,normal.alexa,0
sgteuwpiodccsrbs.me,,1
gromacs.org,normal.alexa,0
skybluecredit.com,normal.alexa,0
ksiyijn.pw,,1
lnajnkeqqqvgokpqf.su,,1
vodhotnews.com,normal.alexa,0
erlac.gr,normal.alexa,0
qbstadurxvgsca.biz,,1
jogosdefugasonline.blogspot.com.br,normal.alexa,0
reachsite.com,normal.alexa,0
hcegcnlr.com,dga.ramnit,1
qxbdiu.com,,1
jxm82n48lo3w1vf2o89nmdu49.biz,,1
patnafsi.ru,,1
finereport.com,normal.alexa,0
weddinglovely.com,normal.alexa,0
dadbcaeeabdcodlk.de,,1
sheruknitting.com,normal.alexa,0
victorias.fr,normal.alexa,0
gemelares.com.br,normal.alexa,0
aquwsaib.ddns.net,,1
alzbwkhevhgay.com,,1
7md3l5negoaw1n2valjzkquvc.net,,1
mayocat.org,normal.alexa,0
missouriquiltco.com,normal.alexa,0
nfreeindia.com,normal.alexa,0
standes.ru,normal.alexa,0
qstxauffwrefli.cc,,1
sitespy.ru,normal.alexa,0
telemundo47.com,normal.alexa,0
ilovebodyart.com,normal.alexa,0
uhkjsxsh.ru,,1
cinemajournal.ir,normal.alexa,0
emwysugkeswgawus.org,,1
ylvlialky.eu,,1
handball.gr,normal.alexa,0
xvymmdfguo.com,,1
1jx20b550a4sftp0z1ubcdu4u.org,,1
curvaceous.com.au,normal.alexa,0
novamnm.com,normal.alexa,0
nvnjgsrs.com,,1
whuzujat.org,,1
eolfyekxechldvowlvqck.com,,1
tqgkbim.info,,1
pipafoxa.top,,1
scheelscommunity.com,normal.alexa,0
2vc2zw14k2tbs1d7u4rpae1ft.com,dga.post,1
staynerd.com,normal.alexa,0
mey-edlich.de,normal.alexa,0
l3zgmr1w8e5qgjfpavp9og4ff.com,,1
steadydemand.com,normal.alexa,0
ns1.backdates9.biz,,1
snupqle.eu,,1
itgsn.com,dga.conficker,1
piotripawel.pl,normal.alexa,0
shopcules.com,normal.alexa,0
innovatorsunder35.com,normal.alexa,0
npzkvinskycattederifg.com,dga.banjori,1
xahooqeholokv.ddns.net,,1
hahsrab.top,,1
frankbetz.com,normal.alexa,0
ukreg.com,normal.alexa,0
moneymakergames.com,normal.alexa,0
homeprofitsgroup.com,normal.alexa,0
kqjsjjtcn.se,,1
lemarketsamurai.fr,normal.alexa,0
china-iphone.ru,normal.alexa,0
theheraldng.com,normal.alexa,0
hungryducks.com,normal.alexa,0
ssqxrjiqjretfg.tw,,1
frfutbol.com,normal.alexa,0
kanalon.tv,normal.alexa,0
sonoli.com,normal.alexa,0
rirswwtiquywgs.org,,1
lidwa.com,normal.alexa,0
xkgcbzkhs.yi.org,,1
wouldbridge.net,,1
tttv.ru,normal.alexa,0
trggqaesogwoscqgydbafqucdu.ru,,1
hardcoresexgif.com,normal.alexa,0
twrovlc.info,,1
marcusmillichap.com,normal.alexa,0
mologiq.net,normal.bambenek,0
comnico.jp,normal.alexa,0
target-darts.co.uk,normal.alexa,0
2f0dyfglav41.org,,1
1gnvvy1sr6ze51wc9j7l1c83bdw.biz,,1
crozatier.com,normal.alexa,0
movuqkud.mooo.com,,1
rootear.com,normal.alexa,0
123hi.cn,normal.alexa,0
7ros4f2ugj8ve1isqr.biz,dga.rovnix,1
lsexocdskz.com,,1
logiciel.net,normal.alexa,0
xjakshqp.com.cn,normal.alexa,0
obeflashplayergetad.co.uk,,1
selimcavus.com,normal.alexa,0
thnn8ynsfemt8cnoc8.net,dga.rovnix,1
jfcatafdlwrtpj.info,,1
ejkxyofgbxdt.co.uk,,1
euroshop.sk,normal.alexa,0
xxxplay.net,normal.alexa,0
qwufpuykx8wtahtrjv.ru,dga.rovnix,1
1mtniiiqsbw5ies2ezt2pr964.com,,1
ejwmitqbpslotdeti.net,,1
hadithoftheday.com,normal.alexa,0
radiominsk.by,normal.alexa,0
darktranslations.wordpress.com,normal.alexa,0
8cuzd2o8vnve5wp9.cn,,1
ithimookubdy.com,,1
dcdsixd.info,,1
outsidersmusica.it,normal.alexa,0
jmfbedknrxxw.com,,1
dcedpjknbogt.com,,1
vatiba.com,normal.alexa,0
1nnu62gqy4l1pf77o1m1lv5q11.net,dga.post,1
freemans.com,normal.alexa,0
javadomain.in,normal.alexa,0
ihucypsuudtppn5n.com,,1
10q0td0je31zea52ebbeucn6.net,,1
intosino.com,normal.alexa,0
racersreunion.com,normal.alexa,0
th6n1kn42nok2n1q.com,,1
tgpzqwmxpq.mooo.com,,1
2book.com.au,normal.alexa,0
texnitesonline.gr,normal.alexa,0
mcwnoaoy.net,,1
8hfym825afj615oxi1m1em1k4i.net,,1
mamapapafam.com,,1
contortion.net,normal.alexa,0
zoukhotel.com,normal.alexa,0
stromvergleich.de,normal.alexa,0
compara.jobs,normal.alexa,0
dice.bg,normal.alexa,0
gwjvbtiywb.yi.org,,1
bashgah.com,normal.alexa,0
uitsma.biz,,1
temperancesappington.net,,1
evropharm.ru,normal.alexa,0
el5856k43xohk0yhuhwb1ng.ddns.net,,1
qqbuzz.com,normal.alexa,0
zambiayp.com,normal.alexa,0
dinetable.com,normal.alexa,0
kenmore.com,normal.alexa,0
cftspdjshgmmaavu.com,,1
jtqduyghes.net,,1
seriesonline24.com,normal.alexa,0
nshrhahelvkbberoxkemvlb.com,,1
simonbattersby.com,normal.alexa,0
ccjmpartbulkyf.com,,1
kjlivfztlmvjbsjas.com,,1
whatmobile.net,normal.alexa,0
tebpusgtopucbe.info,,1
2f902aef5ce0e84b7c94298bbccbc5f1.info,,1
f895cf682413a493fc4eaec99ee6036f.info,,1
kaikialexus.com,,1
commtrack.cl,normal.alexa,0
dcon.at,normal.alexa,0
lwawnlzhei.com,,1
wishlist.com,normal.alexa,0
ingeniuxondemand.com,normal.alexa,0
52properties.com,normal.alexa,0
hobbyshanghai.net,normal.alexa,0
boerse-muenchen.de,normal.alexa,0
aerocenter.ir,normal.alexa,0
sosogay.co.uk,normal.alexa,0
ruahuayyevrprkma.eu,,1
iyc21.net,normal.alexa,0
motoobchod.cz,normal.alexa,0
soletshangout.com,normal.alexa,0
zbbyererwyatanb.com,dga.banjori,1
luciddiagnostics.in,normal.alexa,0
leshotelsbaverez.com,normal.alexa,0
pearleurope.com,normal.alexa,0
creativa.eu,normal.alexa,0
looksleggings.com,normal.alexa,0
oddckjueerry.com,,1
hotnaijanews.com,normal.alexa,0
gigabyte.in,normal.alexa,0
ciwksoewoeikcysw.org,,1
lltkepictom.com,,1
qln4nzjaosuq1wrfdmvdhvit0.org,,1
knerger.de,normal.alexa,0
klimat3d.ru,normal.alexa,0
lldvphsqqsnwdpl.org,,1
ygsewn.com,,1
uigsxviysoqv.info,,1
planosempresariaisvivo.com.br,normal.alexa,0
ocuegacokeomgcqs.org,dga.ramdo,1
gatykob.com,dga.simda,1
zcdmpmjjlsg6mukiwm.ru,,1
kron.by,normal.alexa,0
setorsaude.com.br,normal.alexa,0
miguelgrinberg.com,normal.alexa,0
jeaxcxticbytydmvk.net,,1
moridaira.jp,normal.alexa,0
skaigcuo.com,,1
edojfguu.cn,,1
q0oc5b1oberx315muhvb1hocaqa.com,,1
fbdfaooeecklfnbb.cc,,1
xirpofup.ru,dga.pushdo,1
s6op101nifsnqjkt74qfoty.ddns.net,,1
oqldiologistbikerepil.com,dga.banjori,1
granitehistory.org,normal.alexa,0
sonicgames.cc,normal.alexa,0
hqxqcgbtu.net,,1
g-rapid.kr,normal.alexa,0
qjquzj.com,,1
vtuvellefrictionlessv.com,,1
ulvkxwgjcfwhsjrf.com,,1
eintouch.com,normal.alexa,0
hdyovlodhkwvjq.net,,1
rlaasagabardinedazyx.com,,1
uxpslcaolyym.com,,1
pippin.co.kr,normal.alexa,0
miamibookfair.com,normal.alexa,0
r3o3mt1q7qhld1mp4g2akzqs37.biz,,1
jobfindingservices.com,normal.alexa,0
fo6aozg7ix33ub3ysk.net,,1
garconjon.com,normal.alexa,0
analytics-production.herokuapp.com,normal.alexa,0
horoscope-2016.org,normal.alexa,0
lcnfdfnmnmfafefc.net,,1
searchnaukari.com,normal.alexa,0
8e7462979e4119d4f3d86347d99a566c.info,,1
godrejandboyce.com,normal.alexa,0
mixiguo.tmall.com,normal.alexa,0
avkuqwfpaoeruhwck.com,dga.ranbyus,1
dobryeruky.ru,normal.alexa,0
nwagc.org,normal.alexa,0
tirqoqdo.sc,,1
porcelanosa.com,normal.alexa,0
hedifoumuwc.ddns.net,,1
nymphodate.com,normal.alexa,0
wjlaewm.info,,1
smwripfzwqqlf.com,,1
gotmybasket.com,normal.alexa,0
duegdknyfgz.info,,1
demillus.com.br,normal.alexa,0
predictem.com,normal.alexa,0
pornomental.com,normal.alexa,0
turbobit.com.tr,normal.alexa,0
woqheafo.ru,,1
h25kjs7bcjy2o6xi.biz,,1
acdfconcabcdaakl.eu,,1
cineplexx.si,normal.alexa,0
xgrfifatjtxhpluno.net,,1
yqclakfothwgdk.cx,,1
s2publicom.com.br,normal.alexa,0
eugvmvwjyphwdqu.xxx,,1
kojun.co.kr,normal.alexa,0
moswarat.com,normal.alexa,0
befan.it,normal.alexa,0
talkirvine.com,normal.alexa,0
rabfss.com,,1
awdvmcdfvqh.com,,1
berake.com,normal.alexa,0
jcaqtfo.mooo.com,,1
blueshieldca.com,normal.alexa,0
mdywotiwmtya.info,,1
mbeabofnclffndee.com,,1
sing8.com,normal.alexa,0
deguisement-discount.com,normal.alexa,0
ebupeny.org,,1
yqpfpfwcmnaoptgibg.com,,1
palabrita.net,normal.alexa,0
fldasxsnptmjjl.ru,,1
stforex.ru,normal.alexa,0
sdv.com.br,normal.alexa,0
onlinebookmarks.in,normal.alexa,0
hibike.de,normal.alexa,0
idlckbcwujzfqxo.org,,1
arthur-media.com,normal.alexa,0
2fcom.it,normal.alexa,0
kref.ru,normal.alexa,0
bidwaterpurposestabletired.com,,1
studyguideindia.com,normal.alexa,0
coda.fm,normal.alexa,0
gidwqwys.com,,1
whatsappstatusdownload.com,normal.alexa,0
cbyhyjal.top,,1
sex169.org,normal.alexa,0
novellini.nl,normal.alexa,0
bialetti.it,normal.alexa,0
rgc.ro,normal.alexa,0
zilead-desabo.com,normal.alexa,0
ld205d8127399e6ae5d7f70b10fe36fb49.cn,,1
gowcuvonkllt.com,,1
kedin.es,normal.alexa,0
acmianceawmile.ddns.net,,1
ligttlqgqhrb.biz,,1
ceiroman.ru,,1
aesoyacsgykayquu.org,,1
xtxisemitismgavenuteq.com,,1
allenage.com,normal.alexa,0
ozkbqvfxcdglvypasqvzcih.com,,1
jpviiswsuo.net,,1
youmekanal.com,normal.alexa,0
dvm360.com,normal.alexa,0
cnmo3lem.blogspot.com,normal.alexa,0
yhsyeqhqpylxo0.com,,1
buylottous.com,normal.alexa,0
doutdess.org,normal.alexa,0
kugysyqcgmaaywkq.org,dga.ramdo,1
wp7fwte4cfibedq.ddns.net,,1
2bsl6v056jwt.org,,1
hrqdzihd.org,,1
r62038c1a300d03003f446979f129cc6ce.in,,1
g2v0ua1i22jrydqc.info,,1
sman8jkt.sch.id,normal.alexa,0
srfffosfc.dyndns.org,,1
day.kiev.ua,normal.alexa,0
financiz.com,normal.alexa,0
celtic.co.id,normal.alexa,0
seorative.com,normal.alexa,0
k34fcb0ac8250bdff38ee2a0f1048811a2.cc,,1
vfxtqxpvirmhgxax4.com,,1
kdoritu.ru,,1
technoduce.com,normal.alexa,0
gwnakbb.info,,1
pss.sk,normal.alexa,0
xg9vrc1h2x4l21eugayg1xqt0fe.org,,1
ews-schoenau.de,normal.alexa,0
jrnsprpbkktuxegw.com,,1
jbhinxuoigwl.info,,1
adtobeflashplayerge.net,,1
knsbkbsny.ru,,1
tnfkavumj.com,,1
gpzntq.net,,1
elcolombiano.com,normal.alexa,0
palisadescenter.com,normal.alexa,0
whatsappgroupz.com,normal.alexa,0
nb2011.com,normal.alexa,0
abmwxnmviniwgfi7f.com,,1
vvdnqeml.mooo.com,,1
jeipanga.ru,,1
bonfiglioli.com,normal.alexa,0
fquubuqpkowp.com,,1
ingenieriamovil.com,normal.alexa,0
ec37l519s8rc01r493qs1upyl22.com,,1
kucuaimyaysweawg.org,dga.ramdo,1
choicefatherinfluenceextend.com,,1
edpqh083def8rzfg.net,,1
yuhomvpfhwckkrsgjoru.su,,1
ujitzx174bqu21qtywhp1vem85b.biz,,1
autoinfoz.com,normal.alexa,0
soniaby.com,normal.alexa,0
egf.ru,normal.alexa,0
listshallbringtextbluecarpet.com,,1
itjuqybkigls.in,dga.tinba,1
azxeyaqdurldrzkq8w.com,,1
dapperdeveloper.com,normal.alexa,0
sport1.fm,normal.alexa,0
bzam6frssnuqctq2.ru,,1
timer.bg,normal.alexa,0
ojyegjjioubxrt.biz,dga.cryptolocker,1
sotperm.ru,normal.alexa,0
afpeglrim.info,,1
mikeamiri.com,normal.alexa,0
lagimales.party,normal.alexa,0
irpiovfi.ddns.net,,1
bitcoinnewsmagazine.com,normal.alexa,0
trailsinthesky.com,normal.alexa,0
uvu.edu.cn,normal.alexa,0
gamerstyle.com.mx,normal.alexa,0
vgrafike.ru,normal.alexa,0
canyonsdistrict.org,normal.alexa,0
evefashion.cz,normal.alexa,0
stmackenzies.com,normal.alexa,0
zjf7oiyl4a6l1ljumpr1es6205.com,,1
konscycle.com,normal.alexa,0
puericulturalara.com,normal.alexa,0
gcnvinalcentricem.com,dga.banjori,1
arabynew.blogspot.com.eg,normal.alexa,0
eybonrkccskj.com,,1
stjrhxmejni.com,,1
envenuefuhrp.com,,1
buildtracks.com,normal.alexa,0
unbekannte-telefonnummer.de,normal.alexa,0
kamloopschildrenstherapy.org,normal.alexa,0
noorang.ir,normal.alexa,0
ttinteractive.com,normal.alexa,0
trendy-view.com,normal.alexa,0
ns1.dnsfor18.com,,1
bxtgaseiyvwhr.org,,1
apextelecom.net,normal.alexa,0
aynqhqhalof.net,,1
bumfix.lt,normal.alexa,0
unit-conversion.info,normal.alexa,0
1rrvzvq111gt762upxsttrjqjv.org,,1
2game.info,normal.alexa,0
oaklandairport.com,normal.alexa,0
basement-times.com,normal.alexa,0
1dbkp5b1912m1mkuhiumwjgokp.com,,1
shinshiro-rally.jp,normal.alexa,0
wuatlxpfkygtikp.com,,1
1auac5t14xyb9i13d0zy5bf8r9k.com,,1
promosissweeps.com,normal.alexa,0
ploreredxotnte.info,,1
ergetadobeflashplya.net,,1
omniparts.ru,normal.alexa,0
wg.am,normal.alexa,0
fmmpcvptedjj.com,,1
kvdpapczbnk.info,,1
iqquseoakokicici.org,,1
kalogeropoulos.gr,normal.alexa,0
torfx.com,normal.alexa,0
mazdaepc.com,normal.alexa,0
rusgram.narod.ru,normal.alexa,0
dclpoweiwvdw.com,,1
gqfdlyoronycrvmfaxi.com,,1
effortchoose.net,,1
makerskit.com,normal.alexa,0
pmjglkt.net,,1
zwjucghgivhgfalyt.net,,1
markizasamvel.com,,1
qvifrwnansnan.org,,1
dbprhmudebxkwvn.com,,1
holiday-rental-homes.se,normal.alexa,0
secrets-shhh.com,normal.alexa,0
bura.az,normal.alexa,0
kyoei.co.jp,normal.alexa,0
kqoesatyd.info,,1
cioppishop.it,normal.alexa,0
dbscvpdtqy.com,,1
oddr99.net,normal.alexa,0
rockbuild.net,,1
citikok.info,,1
bctqdlevgzzpcpayr.net,,1
obeflashplayerdgeta.net,,1
hhiytcsrusod.pw,,1
nachtvogel.nl,normal.alexa,0
csaudeboavista.com,normal.alexa,0
canivote.org,normal.alexa,0
relationexactignoretitle.com,,1
cubic-bezier.com,normal.alexa,0
susiesuquvas.ddns.net,,1
selfbalancingscooterreview.com,normal.alexa,0
vihimanj.ru,dga.pushdo,1
iikietscboii.com,,1
cfijocroshiytgg.org,dga.cryptolocker,1
t3axfnituvtgk.net,,1
tgxkjkbdjbwt.pl,,1
maruai-super.co.jp,normal.alexa,0
blacksnowdigital.co.za,normal.alexa,0
kw3yis1ws8o6c1blqq20jniv1a.net,,1
almaalomah.com,normal.alexa,0
datingsitereviews.eu,normal.alexa,0
onruydleypwu.com,,1
prikpwsshyyr.cc,,1
yahbyp.com,,1
radiobenefitrewardgrassfit.com,,1
oda3145690f6b20540a575a56517503e38.tk,,1
plusfitness.com.au,normal.alexa,0
fdxwxdwjf.dyndns.org,,1
svensktkosttillskott.se,normal.alexa,0
mercadobitcoin.com.br,normal.alexa,0
gtow-biwi.com,normal.alexa,0
havaitsunamidead.com,,1
mtiwotiwmtya.com,,1
freexoso.com,normal.alexa,0
premier-village-danang.com,normal.alexa,0
ft8wo1mfo5s4q5kuz1.com,,1
paysafe-gateway.com,normal.alexa,0
vhxonoydthhgmf.tw,,1
defra.gov.uk,normal.alexa,0
cfrmklbhbtvy.info,,1
cinemanewspaper.ir,normal.alexa,0
evgevyhvsb.dyndns.org,,1
libertyblitzkrieg.com,normal.alexa,0
qbcibgno.com,,1
pumozyksckdydemzt.com,,1
1jmde5rjbqmnn1bjk4vz1qo4lwm.com,,1
kompamagazine.com,normal.alexa,0
volim-meso.hr,normal.alexa,0
gjqojaatgo.org,,1
vxhsvml.com,,1
unas.ac.id,normal.alexa,0
chez-cathy.com,normal.alexa,0
mtcwotiwmtya.org,,1
hdwallpapersinc.com,normal.alexa,0
s44aekp5h9n28ele.cn,,1
depo2015.cz,normal.alexa,0
kiewgpvvhexlflvm.pw,,1
tfbynwe.eu,,1
club-onlyou.com,normal.alexa,0
jiromepic.com,,1
vxppximwlaljikxvn.com,dga.ramnit,1
bultimes.com,normal.alexa,0
instanttechsupport.us,normal.alexa,0
carollo.com,normal.alexa,0
tugmeaqi.ru,dga.pushdo,1
tomlchabrgdkeybl.eu,,1
qafsstctjqoxqzp.com,,1
dhuhuieyxybwdt.su,,1
teamgroup.es,normal.alexa,0
dwl0hcgzurayg4cm.info,,1
bymiurpbeacg.info,dga.cryptolocker,1
drsne.sk,normal.alexa,0
movestate.net,,1
taruxgug.ru,,1
esmeenetwork.com,normal.alexa,0
ayr.com,normal.alexa,0
vlrgdjamwibpomafo.org,,1
psicologiajuridica.org,normal.alexa,0
ctl28guexo11orjsasj16d10msfsg43kyovbt.biz,,1
vpscreed.com,normal.alexa,0
ns1.backdates9.info,,1
nsanedown.com,normal.alexa,0
cblkfabmdmcbddoo.online,,1
manufacturerscriptlawyer.com,,1
openspace.org,normal.alexa,0
cgart.ir,normal.alexa,0
kioyaq.com,,1
allmobile.ua,normal.alexa,0
gwup.net,normal.alexa,0
axvivpaeqa.info,,1
yopuadjvzhpgqptg.com,,1
t2s4c0xesdxwubry.biz,,1
asusfanaticos.com.br,normal.alexa,0
zq42akegvwocw8svq2.net,,1
tonosur.com,normal.alexa,0
clmtglwlkda.top,,1
dbyzgwpqfkgvizppe.com,,1
nbooltjua.net,,1
bisimulations.com,normal.alexa,0
fb01cc736a91a324bedd71db0a8e2a3c.info,,1
afoszcbrz.net,,1
iopdlmhitngnpv.com,,1
longdai.com,normal.alexa,0
dellin-kein.dev,normal.alexa,0
healthcare-24x7.com,normal.alexa,0
ujhchgbybugmqwnc.eu,,1
mitradesign.ir,normal.alexa,0
elpatinete.com,normal.alexa,0
gaytwink1069.com,normal.alexa,0
cybersecurityofindia.blogspot.in,normal.alexa,0
16jgbi3e09uhs2zeif8c3qdfk.net,,1
dossqcabmsnghn.tw,,1
youpinjiaju.com,normal.alexa,0
7b49d2c120cb9cb338a55f41f423f5d7.co.cc,,1
afzevdhnunxb.mooo.com,,1
ffzmosei.yi.org,,1
juanbalboa.com,normal.alexa,0
supxuwan.ru,,1
bradcallen.com,normal.alexa,0
kiweasav.ru,,1
lflljlbyphymzxnvtsqoobtp.ru,,1
kbkkzrlesboqaehlgzquhv.com,,1
olharesportivope.blogspot.com.br,normal.alexa,0
xudufoju.info,,1
saratogian.com,normal.alexa,0
top10best2016.com,normal.alexa,0
anarsamadov.net,normal.alexa,0
zwizf7uqqe8b9qtd5tfdoyb5.com,,1
divulgame.net,normal.alexa,0
skinobsession.com,normal.alexa,0
lyros.eu,,1
helsenett.no,normal.alexa,0
wofbptcnpjgo.com,,1
tmbtracking.com,normal.alexa,0
wyzgames.net,normal.alexa,0
jijubfhxhoovbmo.org,,1
5sp9ewxl3kiqkg.net,dga.shiotob/urlzone/bebloh,1
wvbjckj.eu,dga.necurs,1
wwgsgsiawgiaiueu.org,,1
eiiuwmrlbjtnrrbwcv.jp,,1
paintball.info.pl,normal.alexa,0
snapchatnudes69.tumblr.com,normal.alexa,0
gmjjorcajanunal.com,dga.banjori,1
mediacomcc.com,normal.alexa,0
knushhewnbxgcaphytnz.org,,1
1okw4ed1fikday1nb54aw6bbjuc.com,,1
airnewzealand.jp,normal.alexa,0
amountexcept.net,,1
marywashingtonhealthcare.com,normal.alexa,0
bf7n5tshte5n9dxl.com,,1
zbilldihijbmbdskhxkxsosij.ru,,1
faajihub.com,normal.alexa,0
seacms.net,normal.alexa,0
theorydisappointedproject.com,,1
dddlohwy.biz,,1
ustrust.com,normal.alexa,0
lymuxijivyz.eu,,1
justhelicopters.com,normal.alexa,0
ewakyqqw.org,,1
tennesseetrustee.org,normal.alexa,0
gjtwygzpyqlcfxvw.com,,1
mkvmxbgpb.net,,1
departureblanktreetoeblack.com,,1
qehoshq.net,,1
menaherald.com,normal.alexa,0
netmodule.com,normal.alexa,0
vtxuciheluwi.work,,1
huangsemeinv.org,normal.alexa,0
wgmejywdfovqpsgdc.su,,1
peroni.it,normal.alexa,0
lossless-flac.com,normal.alexa,0
qjmla6ohyro85v1.ddns.net,,1
sfqbxcskncn.click,,1
1jf7ayzti21a1150v3v71rmwjly.com,,1
e2f2af87740867a7c061c76c585dc901.cz.cc,,1
home-server-blog.de,normal.alexa,0
enybihmno.ru,,1
maintec.net,normal.alexa,0
tunykaazxh.eu,,1
footballchannel.jp,normal.alexa,0
agaccess.com,normal.alexa,0
pkfxvqm.info,,1
webmasterworld.com,normal.alexa,0
lifestyleblock.co.nz,normal.alexa,0
1ds1lks1pt5eegfvg7hd8cqu0a.org,,1
5r11mkxvpeoqw3st.com,,1
zmxasqf.org,,1
khmqilzoezcmcfjlzd.com,,1
wixvorlagen.tv,normal.alexa,0
lslxgkyn.dyndns.org,,1
6xrqztiz9qdf19gibhu1w8m9wh.biz,,1
zepter.com,normal.alexa,0
vedepkieusa.net,normal.alexa,0
google.com.br,normal.alexa,0
gourmet-food.com,normal.alexa,0
topgbcha.top,,1
axialworldwide.net,normal.alexa,0
cstraffic.com,normal.alexa,0
repl.it,normal.alexa,0
carsandbikes24.com,normal.alexa,0
qkulkcmkqt.com,,1
sermonquotes.com,normal.alexa,0
rdzallaabettingk.com,dga.banjori,1
imagenesyfrasesparafacebook.com,normal.alexa,0
2n8xev0lebgh.org,,1
eatatstate.com,normal.alexa,0
esgcf.net,normal.alexa,0
cikqcmsisq42.net,,1
yosstory.com,normal.alexa,0
xukoqoj.info,dga.simda,1
htcmonqkxgqvsirjfuscidylp.com,,1
keramis.com.ua,normal.alexa,0
chamada.com.br,normal.alexa,0
maloetazhnaya-strana.ru,normal.alexa,0
odhydz.com,dga.virut,1
vw3hm3j329i7jyuy.biz,,1
ycpibhfowkvdxsxkvjg.tw,,1
cciq.com.au,normal.alexa,0
ftazeta.com,normal.alexa,0
ewarrant.co.jp,normal.alexa,0
acehackware.com,normal.alexa,0
noafxindo.com,normal.alexa,0
pornshere.com,normal.alexa,0
bmky.net,normal.alexa,0
viet-studies.info,normal.alexa,0
gfqxupkx.top,,1
spnqtpgetqalw.com,,1
interact911.com,normal.alexa,0
qiprpgdpqyehrzix.biz,,1
bankingcheck.de,normal.alexa,0
1hnuqzy1kb20mn1336h7nin67o0.com,,1
androidmarket.es,normal.alexa,0
uscgqyieokcecakq.org,dga.ramdo,1
umc.com.sa,normal.alexa,0
iranian95.gq,normal.alexa,0
69b74fd60dc25b970ab4bb4625b31275.org,,1
thepageant.com,normal.alexa,0
bkccksshwcvb.biz,,1
ktrv.ru,normal.alexa,0
topsviral.com,normal.alexa,0
1vq3vo41icp4vmcdvzb99nr4v.net,,1
campsort.com,normal.alexa,0
lslctqhmxcb.ru,,1
2499.tv,normal.alexa,0
doktor-ficker.de,normal.alexa,0
bsmflxigyktkhhtc.eu,,1
knfhuv.net,,1
photoreal3d.ru,normal.alexa,0
onemoretech.wordpress.com,normal.alexa,0
mirus.com,normal.alexa,0
dhhkllaabettingk.com,,1
wyzant.com,normal.alexa,0
openfilesnow.com,normal.alexa,0
rmanrebdjeupmbbmjkkashjw.com,,1
rssi311ft3so55jiln.ru,,1
owvzuw1mx9fny14veuy512y7u6n.biz,,1
thelivingcomic.com,normal.alexa,0
1ul1rnnjn3cps14ful0epiay56.com,,1
6qz832rfmupwkkv3.biz,,1
yapaa.com,normal.alexa,0
zfopgwhe.mooo.com,,1
myueoskgicqiamww.org,,1
playerprofiler.com,normal.alexa,0
nightbirdwebsolutions.com,normal.alexa,0
orgtopbccbeh.ru,,1
ggu7xs3o14ia14oshq.com,,1
35teknikservis.com,normal.alexa,0
muousikathrinezad.com,dga.banjori,1
bankofbeijing.com.cn,normal.alexa,0
m-network.com,normal.alexa,0
1wnrpft1ek1jxz1lmb4no1an9ivt.biz,,1
el34ql3du0e2gd3l38y.ddns.net,,1
pabar.org,normal.alexa,0
od3ctxwfktcunub4.info,,1
mpcpozunutq.ru,,1
wpgrwzq.ru,,1
twxwhvknxogirofyrzxoxbil.ru,,1
br-online.de,normal.alexa,0
uabnardenslavetusul.com,,1
1w5blf71m3fk7o57913l1iiuic4.net,,1
drm.in,normal.alexa,0
atxkjyarv.dynserv.com,,1
uqrlpmlql.com,,1
evbjhfhddsqejovzfjx.com,,1
hikari-au.net,normal.alexa,0
onhervctcnrtydjftcmjfrcqs.ru,,1
happynewyear2016fb.com,normal.alexa,0
sony.com.ph,normal.alexa,0
playerhgetadobeflas.co.uk,,1
meshlo.com,normal.alexa,0
kbf2un1hfl67upwyat5xbfo5n.org,,1
qegufup.su,dga.simda,1
toptravels.bg,normal.alexa,0
abgypffiel.com,,1
ohlxfsb.su,,1
intersport.si,normal.alexa,0
iuvrqjheyr17gotw0h16hjl5e.org,,1
mfiecvp.eu,,1
iowoi.org,normal.alexa,0
kjvrsjlh.net,,1
amomstake.com,normal.alexa,0
19e7d6903602f7206bfb7ff9fc279db9.co.cc,,1
adsplex.com,normal.alexa,0
dansmovies.com,normal.alexa,0
cranessoftware.com,normal.alexa,0
mdywotiwmtya.com,,1
wordfrequency.info,normal.alexa,0
sudanmotion.com,normal.alexa,0
netbu.ru,normal.alexa,0
tvsmotor.co.in,normal.alexa,0
ns1.backdates13.biz,,1
malepeni.com,normal.alexa,0
cuponesmagicos.com,normal.alexa,0
63dzv31se81tenndjy518l74vb.biz,,1
simplyholidaydeals.co.uk,normal.alexa,0
fdnuanoqbyrp.com,,1
lgyeemmjmbqlbu.su,,1
bgotimsl.work,,1
s83pwt7tsvstqde2727.ddns.net,,1
ppoqiucnmss.com,,1
hfxomfhj.biz,,1
ahmagazine.es,normal.alexa,0
orion-tour.co.jp,normal.alexa,0
cenwprrc.net,,1
zsssziw5lmw5nz35ty1xb3gox.net,,1
meethk.com,normal.alexa,0
sahib.tv,normal.alexa,0
limestonenetworks.com,normal.alexa,0
aumsjbrgxk.cn,,1
atlantatechvillage.com,normal.alexa,0
ns1.dnsfor5.info,,1
vkruge.info,normal.alexa,0
joplhummrxdhlkrc.eu,,1
1xsjctms1tjpbdll8bd1atd3q4.com,dga.gameover,1
nnphmfpsvnovtno.com,,1
hotelcard.com,normal.alexa,0
zforum.pl,normal.alexa,0
volepok.info,,1
yvmfurl.jp,,1
370izyfy2lpv1r4v1emvugsgq.org,,1
swmloatqrkmjtgsq.com,dga.ramnit,1
fmwgjkara.bz,dga.necurs,1
griffin-tv.com,normal.alexa,0
arevico.com,normal.alexa,0
abrajalyoum.com,normal.alexa,0
obeflashpladyergeta.net,,1
dxosqjldci.com,,1
swiecie.eu,normal.alexa,0
hihearts.com,normal.alexa,0
kuahradjcc.com,,1
vswgwffevhu.dyndns.org,,1
vngojt.org,,1
swmnpffebyobucaprbemzbynkvnbgm.ru,,1
xxfesikathrinezad.com,dga.banjori,1
ns1.backdates18.biz,,1
veoneoxi.ru,dga.pushdo,1
europeandestinationweddings.com,normal.alexa,0
bitcoinlatin.net,normal.alexa,0
12sbguwgkfyi3126eo1816gm5b3.org,,1
bunkngsgwebl.net,,1
xn--80ahvj9e.xn--p1ai,normal.alexa,0
aksam.com.tr,normal.alexa,0
donnacercauomo.com,normal.alexa,0
ih1leh5fqpw8c8ydqny.ddns.net,,1
degreeneedle.net,,1
hqgcrhbupnskfihol.me,,1
1ksosm5sralfu1epvx1s1bm3s48.org,,1
zjvxdmas.com,,1
rolflrqjjuwymmz.net,,1
hemqxpvbjvgg.com,dga.tinba,1
happy-trendy.com,normal.alexa,0
pornotube.it,normal.alexa,0
tnews.jp,normal.alexa,0
hrhduchesskate.blogspot.it,normal.alexa,0
syynxqikdbcyi.info,,1
diendaninan.net,normal.alexa,0
casino-crush.com,normal.alexa,0
lkzlra.info,,1
slapmagazine.com,normal.alexa,0
wai.org,normal.alexa,0
dbhgaonpgjcgsho.org,,1
cmsjmunkphmkbnx.ru,,1
otgngtszaj.com,,1
kysyejpq15khpipbdd1x8nlnw.org,,1
vcfdaegpyufdrhcxx.pl,,1
8t2fctq781en.net,,1
niplo.co.jp,normal.alexa,0
radiosfmonline.com,normal.alexa,0
bpjiktjqohqxbi.in,,1
nklcumqinynvazm1g.com,,1
gkousmiq.net,,1
ootantean.blogspot.be,normal.alexa,0
ivlrsmohqzhvv.com,,1
ekrilxbl.info,,1
unev.edu.do,normal.alexa,0
1nqqlgxncvh971mvztylzfgpct.com,,1
binck.nl,normal.alexa,0
milkcause.net,,1
i-doxs.net,normal.alexa,0
amazinglytimedphotos.com,normal.alexa,0
goudvergelijken.nl,normal.alexa,0
hsdeyuwzhzxrsmzhemtwvnb.com,,1
1tur81fwxcbh01ai1bqvcg8q5j.org,,1
cafe4fun.com,normal.alexa,0
fatima.com.gt,normal.alexa,0
uuopbdejf.org,,1
bonecareerretirecorrectdump.com,,1
vslnnvswwpzdzcyugdetkzx.info,,1
laqbuhcwklnohraytda.biz,,1
techolympiad.ir,normal.alexa,0
yfcqak.com,,1
ashgear.com,normal.alexa,0
kuleblaster.com,normal.alexa,0
france-attelage.com,normal.alexa,0
viceroyhotelgroup.com,normal.alexa,0
onlinepaysystems.info,normal.alexa,0
marabou99.de,normal.alexa,0
clubarca.es,normal.alexa,0
cjrbl1dx41sq5mhq8x.com,,1
ufiwiqxa.ddns.net,,1
windlass.com,normal.alexa,0
nag4k2okbwsi55e.com,,1
y8er5t5turg6atixi4en3xg.ddns.net,,1
cabbblmcakfmefbf.eu,,1
kadokawa.com.tw,normal.alexa,0
i54raim3tegjj.com,,1
ciqowupw.ru,,1
creativeitem.com,normal.alexa,0
ivjwijjqijob.biz,,1
cyrktaeym.work,,1
adultpornizle.com,normal.alexa,0
udwhqjqulepurfrqqfjh.org,,1
1f4uxhe1zrjv01ddg57wis7y54.com,,1
thegreenguide.com,normal.alexa,0
idealdomik.ru,normal.alexa,0
extraholidays.com,normal.alexa,0
1s7c84t1ec7pr41x89wb9irywkz.net,,1
grtimed.com,normal.alexa,0
waupuqug.ddns.net,,1
1music.co,normal.alexa,0
prisdead.ng,normal.alexa,0
spluqdqrtqnlplhp.info,,1
fappyness.com,normal.alexa,0
xclxckfkvclt.info,,1
hdgtcornwfsb.biz,,1
e-thiki.gr,normal.alexa,0
uoneiidbgd.com,,1
pspvhjeuf.net,,1
ylgrgle.com,,1
madfanboy.com,normal.alexa,0
benditoporno.com,normal.alexa,0
ewkgmen.com,,1
telesat.com,normal.alexa,0
hauthelfer.de,normal.alexa,0
binarymetabot.com,normal.alexa,0
wyxkenhancedysb.com,dga.banjori,1
stawbelly.com,normal.alexa,0
xuvnmtbsrwlp.com,,1
hokgohei.ru,,1
wpulkjrskvwugo.org,,1
xudover.info,,1
rwnjbfin.cc,,1
jobtiger.bg,normal.alexa,0
inmybag.net,normal.alexa,0
cpruhxecktx.com,,1
weser-ems-halle.de,normal.alexa,0
archiviopenale.it,normal.alexa,0
munibilling.com,normal.alexa,0
ns1.backdates10.net,,1
ppz.kz,normal.alexa,0
amnestyshop.org.uk,normal.alexa,0
rlicuntd.cc,dga.conficker,1
qoheabuk.ru,,1
mafhukik.ru,,1
pulsochtraning.se,normal.alexa,0
anadoluuni.com,normal.alexa,0
a-chamel.info,normal.alexa,0
muwcqzgmo9.net,,1
moqhuxnu.ru,,1
oa-everyday.com,normal.alexa,0
ashena1.com,normal.alexa,0
best-doctors.ru,normal.alexa,0
jefowuj.info,,1
temperanceanastasia.ru,,1
etrrbyrjlwhrneosx.in,,1
hccsgpujjcss.com,dga.tinba,1
xvideosnavi.mobi,normal.alexa,0
jtpuancorml.com,dga.banjori,1
skpzxguirbintcbymtslsbeqs.info,,1
elementvape.com,normal.alexa,0
meetingwords.com,normal.alexa,0
44mag.com,normal.alexa,0
fsbwaupaca.com,normal.alexa,0
4psm7ukpskua6rnxla.cn,,1
saudigamer.com,normal.alexa,0
xitodadu.ru,,1
1yohx6boab1rw2kx.ru,,1
f1turkish.net,normal.alexa,0
gharchkar.com,normal.alexa,0
e7f2dbf4691b4163b4a0b137fe1bc015.info,,1
borelli-club.ru,normal.alexa,0
rvcysvtrdqvfeoxpkgay.com,,1
ubhmvgfqbex.org,,1
giroptic.com,normal.alexa,0
hfsaqyjk.info,,1
entranceprime.com,normal.alexa,0
xaratban.ru,dga.pushdo,1
kgmmpartbulkyf.com,dga.banjori,1
houseofplants.co.uk,normal.alexa,0
meuliving.com.br,normal.alexa,0
1am0ohp2a1iw914tr7n28mwmg4.net,,1
nujfcrm.com,,1
xesiessiikukux.ddns.net,,1
peoplerail.com,normal.alexa,0
vwchai.info,normal.alexa,0
kursportal.info,normal.alexa,0
eezsjsw.net,,1
smartclick.net,normal.alexa,0
jontrader.com,normal.alexa,0
electricite.net,normal.alexa,0
labartolina.com.mx,normal.alexa,0
zwolqwvczhmjzhknemeicxcykzd.ru,,1
howkpusgygyqljnrqgjvdyyxhi.net,,1
arthritis-foundation.com,normal.alexa,0
8j28d5zlif1n4ex11a.com,,1
shuvoe.ru,normal.alexa,0
ldxogvyqlk.org,,1
ts3wijmrxzx.com,,1
zljmfkhdyxgyjrcteuovpvotk.ru,,1
janatarnews24.com,normal.alexa,0
hengjie.tmall.com,normal.alexa,0
plrgraphicsproducts.com,normal.alexa,0
fxcnmqapdgpcam.com,dga.cryptolocker,1
jetsetcitizen.com,normal.alexa,0
d339720a8ba5435e0c5a63b0d133a603d0.in,,1
fashionsisters.de,normal.alexa,0
rydahavatom.eu,,1
rijdendetreinen.nl,normal.alexa,0
uxe2uhs2mlwhmx541jevmb7.ddns.net,,1
699bcbf80fb09c7675f6d1de6720806d.co.cc,,1
ognmfjfneatxogvt8h.com,,1
jemqdkp.org,,1
buellistore.com,normal.alexa,0
eflashplayergebtado.net,,1
meroncholinista.tumblr.com,normal.alexa,0
csgoconfigs.com,normal.alexa,0
datarecovery.net,normal.alexa,0
cbnncnkdocdmdlen.co,,1
appadvisor.me,normal.alexa,0
ccxtksab.com,,1
uuplyuvpmdtmfgrhbq.com,dga.ramnit,1
orchestra-platform.com,normal.alexa,0
onlyloudest.com,normal.alexa,0
editoraforum.com.br,normal.alexa,0
todoalacarta.com,normal.alexa,0
hotelnparking.com,normal.alexa,0
ereyon.com.tr,normal.alexa,0
lyawmkhnacnb93.com,,1
sport-adeps.be,normal.alexa,0
conti.de,normal.alexa,0
operaballet.be,normal.alexa,0
bitftlwymjyjergrgg.org,,1
uhumhvov.cc,,1
mashusha.ru,normal.alexa,0
contractix.de,normal.alexa,0
lcvinbvrgdo.su,,1
vscenergo.ru,normal.alexa,0
tnamcot.com,normal.alexa,0
oei.org.co,normal.alexa,0
decorprice.com,normal.alexa,0
uniquephoto.com,normal.alexa,0
cheriemiranda.com,normal.alexa,0
kln.ac.lk,normal.alexa,0
idaocao.com,normal.alexa,0
oamcycqfv.com,,1
psychicsights.com,normal.alexa,0
umeha.3dn.ru,normal.alexa,0
dhgfijkdldhc.com,dga.tinba,1
mbgpwcebrmqmxl.com,,1
super-quizz.fr,normal.alexa,0
navigationsgeraetetest.com,normal.alexa,0
kleckerlabor.de,normal.alexa,0
spaarenpluk.be,normal.alexa,0
jcxglwduji.ru,,1
bkkrnvfefr.com,,1
aparici.com,normal.alexa,0
acetomale.pl,normal.alexa,0
cmlarsensinaix.com,,1
alhambrawater.com,normal.alexa,0
hilaryclintonbest81.com,,1
sjvaxubh.sc,dga.necurs,1
dordognelibre.fr,normal.alexa,0
glcibdsiteagigvx.eu,,1
cmcmarkets.co.uk,normal.alexa,0
durex.co.uk,normal.alexa,0
bobczgpot.ru,,1
medapple.com,normal.alexa,0
bestsoftware23.com,normal.alexa,0
o45xexylapshe2k8mvk.ddns.net,,1
junaedksmgumpeo.com,,1
hanuduh.info,,1
time-discount.ru,normal.alexa,0
hfdnsjyp.com,,1
qoweiuwea.com,,1
top10bestwebsitebuilders.com,normal.alexa,0
gfcdtddowwjy.xyz,,1
alebaatv.com,normal.alexa,0
fjptamentalistfanchonut.com,dga.banjori,1
my-pharm.ac.jp,normal.alexa,0
yardoctober.net,,1
panin-am.co.id,normal.alexa,0
divshz1h6fkfis5oo3.com,,1
n14iznqnnucvawbfg6.com,,1
liveabc.com,normal.alexa,0
vjypnaqlnuvnn.info,,1
3lcuwyk9a1gvrq.com,,1
gamexnow.com,normal.alexa,0
jvtqamrtu.net,,1
caricature.dk,normal.alexa,0
usviewer.com,normal.alexa,0
djfdmen.com,,1
kpjayi.org,normal.alexa,0
nlkhrstb.sc,,1
qfmrkjtpxllopno.com,,1
wxylutgxqfw4sfshgje.ddns.net,,1
yergaetadobeflashpl.co.uk,,1
oqzjwagyheyp.com,,1
omcfqpxxebwdmde.com,,1
jmtv.cn,normal.alexa,0
selihb.com,,1
isanyoneup.com,normal.alexa,0
dokvuxwa.ru,dga.pushdo,1
jsrigrgxwoosbbrx.eu,,1
nbdavboyjbxwfqso.eu,,1
tbwq5ibhutfuxs2p6c.cn,,1
civ-viande.org,normal.alexa,0
yyrnfxwdfkcc.com,,1
gossip.it,normal.alexa,0
bbaaekadmfkaaldd.co.uk,,1
captainchocolate.com.au,normal.alexa,0
yjiskanansnan.com,,1
gliibsdfwdog.com,dga.tinba,1
axjbzdqdtdka04.com,,1
emyyakuyusuwawgq.org,,1
tolstye-porno.com,normal.alexa,0
the100.io,normal.alexa,0
kingspokernews.com,normal.alexa,0
directlink.com,normal.alexa,0
sodexousa.jobs,normal.alexa,0
vupozhea.ru,,1
puvacigakog.eu,,1
ns1.dnsfor4.org,,1
yourbin.com,normal.alexa,0
karas4training.com,normal.alexa,0
ybfdwfrc.com,,1
vilmatech.com,normal.alexa,0
internectia.com,normal.alexa,0
3ladies.ru,normal.alexa,0
ow2ya21dfqrsh2s4krk1hib40v.org,,1
slagerfm.hu,normal.alexa,0
koreawifi.co.kr,normal.alexa,0
scometix.com,normal.alexa,0
khaleleila.com,normal.alexa,0
art-trade.de,normal.alexa,0
ayoicidtdrtz9l.com,,1
phpjp.com,normal.alexa,0
buruglil.ru,dga.pushdo,1
usmiuquwaqsaeqsw.org,,1
dkzmiuflgskqs.net,dga.murofet,1
lldrepictom.com,dga.banjori,1
firsttimedriver.com,normal.alexa,0
antp.be,normal.alexa,0
lovecarcn.com,normal.alexa,0
worldhobbies.ru,normal.alexa,0
lsports.eu,normal.alexa,0
vdg.pl,normal.alexa,0
adcanopus.com,normal.alexa,0
bclzddma.org,,1
teedin108.com,normal.alexa,0
maramek.info,,1
velasvallarta.com,normal.alexa,0
astra-3.pl,normal.alexa,0
jkxtfzorprqqeq.biz,,1
snd.org,normal.alexa,0
rijgcamk2e.net,dga.shiotob/urlzone/bebloh,1
livrosdesobrenaturalcontigo.blogspot.com.br,normal.alexa,0
ceipfuentesclaras.com,normal.alexa,0
ns1.backdates0.org,,1
columbus.co.za,normal.alexa,0
yuryo-anzen.com,normal.alexa,0
combeelbcfadbfca.eu,,1
qerofip.info,,1
vrcetnxfv.com,,1
hiresstock.com,normal.alexa,0
ve2921d5bfeb8be7cc50659b12ca4d3e8e.ws,,1
portaldaindustria.com.br,normal.alexa,0
e3jq681n577i3dvcy1akoc80i.biz,dga.post,1
scpapergroup.com,normal.alexa,0
tankrich.com,normal.alexa,0
qqirbwbi.info,,1
ntexploretredo.net,,1
mymagazine.co.uk,normal.alexa,0
valleywater.org,normal.alexa,0
erygetadobeflashpla.co.uk,,1
hofewdetgyedgxk.eu,,1
vjtarveorfn.com,,1
ywrtfbxcegjiot.co.uk,dga.cryptolocker,1
hpthljvvri.ru,,1
screenspeedcommunicatedeal.com,,1
ekarnal.com,normal.alexa,0
jchvvyon.info,,1
informatics-tech.com,normal.alexa,0
mkvhirudlqpn.net,,1
getpricecut.com,normal.alexa,0
oswbdvugrfhd.com,dga.tinba,1
lrwuwscxaqtxztytqcwkhpmbqc.ru,,1
ns1.backdates1.org,,1
mmgsqwiugkeq.biz,,1
hakatabt.com,normal.alexa,0
ingridauer.com,normal.alexa,0
whilemovescrewthinkorganize.com,,1
beflashplayergoetad.co.uk,,1
people.cn,normal.alexa,0
sisusow.com,dga.simda,1
mtcwotiwmtya.info,,1
ezan.net,normal.alexa,0
bazsfcjc.top,,1
cvkcyafcrxgayc.ru,,1
npqjllymbsmikmnh.eu,,1
tudomicroondas.com,normal.alexa,0
swisscows.ch,normal.alexa,0
ceragem.com,normal.alexa,0
1azupi7j6dl591pnvbip1w4n506.net,,1
dojtngxpkpmavtnnf.tv,dga.necurs,1
thisweekinstartups.com,normal.alexa,0
plzssatformalisticirekb.com,,1
br-klassik.de,normal.alexa,0
impactmarkettuneoccasion.com,,1
madhwakart.com,normal.alexa,0
xhu.edu.cn,normal.alexa,0
100jit.com,normal.alexa,0
uqfwosfkhyvhmu.org,,1
dnaaknfdffcdbbfb.de,,1
nubcoa.com,,1
cityofwestfield.org,normal.alexa,0
hqhairypictures.com,normal.alexa,0
qfrfjugncjigosbi.ru,dga.necurs,1
afbbbaaoaanckddk.com,,1
er07.com,normal.alexa,0
2j4d67w5m30h.org,,1
jestemkasia.com,normal.alexa,0
jrrw3hlye43nozo46n.ru,dga.rovnix,1
obvwyazm.in,,1
ebdojjnyrnfuqyqfk.com,,1
crhzyenw.biz,,1
vrbgyxrxtwhdrniw7.com,,1
606h.net,normal.alexa,0
superpoker.com.br,normal.alexa,0
kpyxrrnozx.com,,1
irvispress.ru,normal.alexa,0
sanyodenki.co.jp,normal.alexa,0
ipa.br,normal.alexa,0
blavagen.com,normal.alexa,0
qdqcpphtzbietftvf.net,,1
y6mn7lsjs4ah101nipg.ddns.net,,1
eiqagoxwlcitvpn.com,,1
chaif.ru,normal.alexa,0
aaaqwymoygoieeum.org,,1
autoposobie.ru,normal.alexa,0
dramatvv.net,normal.alexa,0
9pwxtm14l6j27mnntlx1obufe7.org,,1
cruawinebar.com,normal.alexa,0
cqqbbvjp.com,,1
irantopbrands.org,normal.alexa,0
whdyczzwdkoylqlo.com,,1
i3center.com,normal.alexa,0
topfcn.ru,,1
zjp4rpdoakcjn.net,,1
dwaf.gov.za,normal.alexa,0
jwzy5f11ykzbxsi6msm133eqsz.biz,,1
wszystkoociasteczkach.pl,normal.alexa,0
tbxcestnessbiophysicalohax.com,dga.banjori,1
battery-force.co.uk,normal.alexa,0
tadobeflashpleayerg.co.uk,,1
belfot.com,normal.alexa,0
tfonekyqaqnteqqyuzimu.info,,1
designatattoo.com,normal.alexa,0
umiagpoarusnzt6.com,,1
oguslarkia.com,normal.alexa,0
xeploreredotnt.info,,1
replz.com,normal.alexa,0
jobhouse.org,normal.alexa,0
usacoinbook.com,normal.alexa,0
date-a-live.net,normal.alexa,0
udhtxdwttarvcic.com,,1
lalit.org,normal.alexa,0
ceytinzfyisthudy.com,,1
mashinki.info,normal.alexa,0
zbofardenslavetusul.com,,1
meijiyasuda.co.jp,normal.alexa,0
rj67sp1vm10r8qpv7kwb0mzwa.org,,1
ackwqpflwnnle.org,,1
eifvhlt.eu,,1
bniddsh.com,,1
yytzcn.com,normal.alexa,0
lnirxvdenxnofho.biz,,1
jgbqncrb.com,dga.conficker,1
baltzdrav.ru,normal.alexa,0
rouletteclothing.co.uk,normal.alexa,0
wise.org.qa,normal.alexa,0
ebix.com,normal.alexa,0
meng3.com,normal.alexa,0
ytvkohryhktrcgf.co,,1
ubaaeljiejotkcovl.com,,1
harness.org.au,normal.alexa,0
aiadirect.co.kr,normal.alexa,0
yjsvypuzm.top,,1
ma-grande-taille.com,normal.alexa,0
bank-oeffnungszeiten.de,normal.alexa,0
soledxb.com,normal.alexa,0
warningislandfeecondition.com,dga.matsnu,1
crimesolutions.gov,normal.alexa,0
kzrnmojxipgozn.info,,1
mkicd1v2x9qk1yewojsihxcjl.com,,1
jxsqmgkmko.com,,1
fureqeac.ru,dga.pushdo,1
xmodels.ch,normal.alexa,0
stexx.eu,normal.alexa,0
kolkatagiftsonline.com,normal.alexa,0
riskpursuedishattackreward.com,dga.matsnu,1
operationmeditation.com,normal.alexa,0
vqiawpb.net,,1
eqwiitednaafare.ddns.net,,1
bluegeneration.com,normal.alexa,0
drkarami.com,normal.alexa,0
pbx5ci1fpki04hzeiy51tyseac.com,,1
birdops.com,normal.alexa,0
aybenhohnv.com,,1
dildoparties.dk,normal.alexa,0
must.edu.mo,normal.alexa,0
craigbushonshow.com,normal.alexa,0
czhqassc.com,,1
gqyciltwujeyydi.eu,,1
sakjcdfeltrh.info,,1
privatesociety.com,normal.alexa,0
1avjr0t1gawut31gt7mqy11rnuft.org,,1
luton-dunstable.co.uk,normal.alexa,0
yaransekeh.com,normal.alexa,0
mtywotiwmtya.info,,1
kansai-uvf.org,normal.alexa,0
zexejsbwt.ru,,1
flipsnack.net,normal.alexa,0
gift-cd.com,normal.alexa,0
posoamgew.info,,1
azwpmwqiil.com,,1
biggo.ru,normal.alexa,0
eaakag.com,,1
gotut.ru,normal.alexa,0
tqjwgpfwkch.com,,1
nagarjunauniversity.ac.in,normal.alexa,0
kpybwl6n0lyf.com,,1
7d9b57a3ccef97f8142562be892d77e6.cz.cc,,1
oiseaux.net,normal.alexa,0
academia21.com,normal.alexa,0
gupafuli.ru,,1
gaqyfiw.info,,1
elushretail.com,normal.alexa,0
introtopoetryanddrama.wordpress.com,normal.alexa,0
jacketcoasttourplaceconfirm.com,,1
fghwrapktez.top,,1
sekhqxrgyugyqo.info,,1
infographicreator.com,normal.alexa,0
oe42ac47315145a07d0483e3fd8607e965.hk,,1
krq4f31u4d3s6e5i4qhis2nqk.com,,1
pfron.org.pl,normal.alexa,0
easzjtqxjo.net,,1
ivdiuapucrspn.biz,,1
pacc.com.br,normal.alexa,0
hffxwicy.com,,1
1vow1st1rqngvoic187p1qw99mc.org,,1
pqzohuncx63s.net,,1
behindthefirewalls.com,normal.alexa,0
lccooabadanecamk.com,,1
ebommyujvbjatpv.biz,,1
zjtcn.com,normal.alexa,0
appmarketinglabo.net,normal.alexa,0
jeuxcapt.com,normal.alexa,0
cartoonnetworkamazone.com,normal.alexa,0
my90stv.com,normal.alexa,0
zbrane-vzduchovky.cz,normal.alexa,0
694d8d40cbae758bbd6e269752c0f6cb.org,,1
3cxqjspif4pu.net,,1
tvlic.co.za,normal.alexa,0
wydozyv.com,dga.simda,1
lzthbdmyka.com,,1
gk8z7xnjzn1kdeubc3.net,,1
oxfordshop.com.au,normal.alexa,0
evolveuae.com,normal.alexa,0
ibntech.com,normal.alexa,0
hypedc.com,normal.alexa,0
fena.gr,normal.alexa,0
imovelbrasil.net,normal.alexa,0
tacrdscmdrtracguf.org,,1
zuxaia.com,dga.conficker,1
ns1.dnsfor2.biz,,1
dentiste-budapest-geneve.ch,normal.alexa,0
ydvtswtubsyscyfm.eu,,1
ujlzcmejhn.dynserv.com,,1
iokkfpnkpeym.com,,1
atubecatcher.es,normal.alexa,0
tgirl-network.com,normal.alexa,0
padarpangroup.com,normal.alexa,0
fcnzgrct.biz,,1
stvytukttr.info,,1
hqpjxwagewkmqcukknlqhadvshm.com,,1
kfseg.com,,1
frajerbouw.nl,normal.alexa,0
d7rng7171rwplcd04v551rufb.net,dga.post,1
gqeyuciousgoysua.org,dga.ramdo,1
franceonline.fr,normal.alexa,0
mimakiusa.com,normal.alexa,0
opteka.com,normal.alexa,0
vahqezo.info,,1
aitoc.com,normal.alexa,0
javelin.com,normal.alexa,0
minuto90.com,normal.alexa,0
radiomelasudas-beaumarchais.blogspot.ro,normal.alexa,0
qpon-home.com,normal.alexa,0
kpmrs.com,normal.alexa,0
sbadserver.xyz,normal.alexa,0
fcimabari.com,normal.alexa,0
infovercelli24.it,normal.alexa,0
atc-projects.com,normal.alexa,0
dvjcxwbghsrf.com,,1
waaytv.com,normal.alexa,0
3nyfy319kz62l91741ur2n31i.net,,1
1m2w1gk1chhv5gy32r0l184pfu5.com,,1
fenc.com,normal.alexa,0
jobs.ps,normal.alexa,0
bezlji.com,normal.alexa,0
xk21nekgibgb4j2arb.ru,,1
sportsontheweb.net,normal.alexa,0
ianpo.com,normal.alexa,0
archivistes.org,normal.alexa,0
bpro.tv,normal.alexa,0
exploretredotn.net,,1
qfseebbxnmw.cc,,1
immobilier-notaire-ncis.fr,normal.alexa,0
oa.no,normal.alexa,0
jhuapr.com,,1
nanida.net,normal.alexa,0
sqjnqifoumonkslefp.ir,,1
15gyzyt1twtjzn1rnsq7eh0n45.com,,1
penza-24.ru,normal.alexa,0
cheshireinthemiddle.tumblr.com,normal.alexa,0
makeyupdates.com,normal.alexa,0
yhgdxhmcrhhvguhvnvafagm.org,,1
mjouwmqwxonpqtmx.eu,,1
unisound.net,normal.alexa,0
my3qlz1ifav99nns4k2e56b41.com,dga.post,1
quoojskqerkiyque.net,,1
lficpsgopcmvyebomyfms.so,,1
kpvyvjiibedc.com,,1
nafviwex.ru,,1
inmovilla.com,normal.alexa,0
elawrealkaeksa.ddns.net,,1
igrow.cn,normal.alexa,0
coolwebmasters.com,normal.alexa,0
cnrexue.com,normal.alexa,0
ns1.backdates5.biz,,1
spainsellers.com,normal.alexa,0
nstimes.info,normal.alexa,0
likefoods.ru,normal.alexa,0
squaremeal.co.uk,normal.alexa,0
earn-money-online.website,normal.alexa,0
aqitelmooqc.ddns.net,,1
grandhotel.com,normal.alexa,0
efdkqeqxcqvuhoeu.eu,,1
yb54k25xwtkxabm.ddns.net,,1
vegannews.ir,normal.alexa,0
wolfsburgwest.com,normal.alexa,0
scotweb.co.uk,normal.alexa,0
hamdard.edu.pk,normal.alexa,0
abnqumgstmnwpge.com,,1
per30ka.ir,normal.alexa,0
gamigo.com,normal.alexa,0
fyikncalucmvxsmzgesqchbqbuh.com,,1
scp.gov.om,normal.alexa,0
kliklak.rs,normal.alexa,0
maguxom.info,,1
edaqua.com,normal.alexa,0
septicpumpingtexas.com,normal.alexa,0
pinkzebrahome.com,normal.alexa,0
xphabit.com,normal.alexa,0
oeebeeecnbfkbfcl.net,,1
fuckaroo.org,normal.alexa,0
xpleacojrymewdrk.eu,,1
1jw6ir51ng3is052o2o1sv1rhq.com,,1
filnzhqcmntcuwkfgugvwmzges.ru,,1
tptybyplaywobb.com,dga.banjori,1
intslwhd5l5fzdjmxs.net,,1
hwwvxfgolqff.biz,,1
poweredbygrow.com,normal.alexa,0
rynukuli.info,dga.simda,1
dofmlemyxqpf.com,dga.tinba,1
evelta.com,normal.alexa,0
kubota.ca,normal.alexa,0
fic.esy.es,normal.alexa,0
tdb-news.com,normal.alexa,0
wggclqlykgkmm.com,,1
tunisietelecom.tn,normal.alexa,0
tufimap.info,,1
ozjocp4knba2qb92xg1bm856w.com,,1
unheval.edu.pe,normal.alexa,0
fsaytxjmf.org,,1
klobkzxzhlue.info,,1
bohus.no,normal.alexa,0
museworks.co,normal.alexa,0
firefighterwife.myshopify.com,normal.alexa,0
iizqfifeeykt.com,,1
knigaproavto.ru,normal.alexa,0
dbojtswhdv.net,,1
motion10.nl,normal.alexa,0
adotbeflashplayerge.co.uk,,1
onlyreview.top,normal.alexa,0
tvguia.es,normal.alexa,0
profittool.ro,normal.alexa,0
porncomics.ru,normal.alexa,0
djiesem.su,normal.alexa,0
jryrkmpiy.com,,1
chestlistendiscusscatchwatch.com,,1
ycdsb.ca,normal.alexa,0
lekumo.jp,normal.alexa,0
ralqsarjouw.biz,dga.conficker,1
lqiiyxoorurkiis.info,,1
rixler.com,normal.alexa,0
dxwpllaabettingk.com,,1
hceucpntxwvhypmzxpbtsw.ru,,1
citynetweb.jp,normal.alexa,0
baby-one.com.ua,normal.alexa,0
catinwater.com,normal.alexa,0
itl.pl,normal.alexa,0
thedivinemercy.org,normal.alexa,0
odfdbcaaolkfllbf.com,,1
luolai.tmall.com,normal.alexa,0
a3k967g5qbwt.org,,1
n0whky19miuk71dctsi047na1i.net,,1
startacus.net,normal.alexa,0
uykostexxfummw.biz,,1
wlhniz8oua71xcgvzastr5o8.org,,1
740629175c269793c65f00a7685012af.co.cc,,1
y702fd50e08cb50d802a78734c5b661431.to,dga.dyre,1
jinmenrc.com,normal.alexa,0
iokvadxvwvsk.net,,1
catharinegabrielson.net,,1
aersmoctlg.com,,1
divmir.ru,normal.alexa,0
spark.tc,normal.alexa,0
youtubeallin.com,,1
puzemol.info,dga.simda,1
exshpujl.com,,1
ejkfkodsholapet.com,,1
jeuxdepc.fr,normal.alexa,0
knmvwqfrnnulsup.info,,1
22mz3jcvjm10fyy9.net,,1
mrtarkhan.com,normal.alexa,0
pppmalaysia.com,normal.alexa,0
nlnfcrjzr.mooo.com,,1
uwzsdhmw.com,,1
mcsseegikqsaoiue.org,,1
mrandmrstplusthree.com,normal.alexa,0
nqsewjwepprrpb.info,,1
wiucslfllmerh.org,dga.cryptolocker,1
hshrygktxupblj.tw,,1
ovuxeukjpfohrnt.org,,1
rxypenhancedysb.com,dga.banjori,1
optmd.com,normal.alexa,0
cyprusbbq.myshopify.com,normal.alexa,0
bkhdctvmewhraaq.biz,dga.cryptolocker,1
vipe.pt,normal.alexa,0
13xuj5imtzg5w14zx97c1fnssuq.biz,,1
a2carsdartford.com,normal.alexa,0
obe2av1vybwbw4c.ddns.net,,1
hombiz.ru,normal.alexa,0
qdlfdinrrfytgb.com,,1
ergyetadobeflashpla.net,,1
vtxt865fnatdirg8.cn,,1
roeredotntexpl.net,,1
neccbbeodacdbalf.co,,1
evs7vakk4u8j1bk4.com,,1
ducanrek.ru,,1
mtmsuvldkyjsjnb.org,,1
celebtimes.net,normal.alexa,0
fjjnhsl.info,,1
acronym.com,normal.alexa,0
iincugrakpu.biz,,1
dv4z45132xhfsxiefj5jyufu8.net,,1
integratedreporting.org,normal.alexa,0
wordpress-abc.ru,normal.alexa,0
carti.ir,normal.alexa,0
tkkxaab.com,,1
activtrak.com,normal.alexa,0
row2k.com,normal.alexa,0
xgmvxovobefyxlkrsoamtsmjnfae.org,,1
marketingwizdom.com,normal.alexa,0
taxheaven.gr,normal.alexa,0
7efb4149d319a162908224472e7bb710.cz.cc,,1
darkknightlabs.com,normal.alexa,0
lanonaporta.it,normal.alexa,0
l-love.jp,normal.alexa,0
130s71d1jvj6cp1khnvoe1h61haw.org,dga.post,1
fd8hq4a1gtptdhxrpf.ru,,1
stratoscard.com,normal.alexa,0
ondkuhd.eu,,1
crpejdbfqf.net,,1
maritim.go.id,normal.alexa,0
xnkaly.info,,1
scratchwireless.com,normal.alexa,0
nnyvpegjusb.com,,1
onolan.org,normal.alexa,0
qkcgoqyskykgoeau.org,,1
statecraft.org.uk,normal.alexa,0
airnorth.com.au,normal.alexa,0
seo24h.org,normal.alexa,0
iqpjsur.info,,1
easy-bread-direct.com,normal.alexa,0
cbkpwlez.top,,1
kepyguj.info,,1
fdtc.edu,normal.alexa,0
n-gamz.com,normal.alexa,0
pmtips.net,normal.alexa,0
flowershopping.com,normal.alexa,0
hlxfty.net,,1
cqrcengage.com,normal.alexa,0
the-map-as-history.com,normal.alexa,0
ecology-farm.ru,normal.alexa,0
theamericanscholar.org,normal.alexa,0
applygov.com,normal.alexa,0
abl-mebel.ru,normal.alexa,0
xbrasileirinhas.com,normal.alexa,0
gixxer.com,normal.alexa,0
ciqieqgwousqoums.org,,1
health-headlines.org,normal.alexa,0
shebaowang.com,normal.alexa,0
uxgxnzut.com,,1
lbaoarb.com,,1
31d75d152rwwr1u6v925180af83.net,,1
camp-jp.com,normal.alexa,0
interflora.no,normal.alexa,0
zusun.co.kr,normal.alexa,0
one-act-plays.com,normal.alexa,0
myfubase.com,normal.alexa,0
hashpower.co,normal.alexa,0
benchneckexperiencetelltest.com,dga.matsnu,1
smartmed.jp,normal.alexa,0
octamil.com,normal.alexa,0
boonwin.com,normal.alexa,0
cajeviza.com,normal.alexa,0
otevazwvyla.ru,,1
ktnpeigebccttk.com,,1
b4e1fcox6ormfhf7.biz,,1
2f833fb433383dce0b149a0a0b144513.co.cc,,1
wmv-dresden.de,normal.alexa,0
cfozadstcf.top,,1
mbot.wordpress.com,normal.alexa,0
osvshkwez.info,,1
arjlrkxmabcctjsugww.nf,dga.necurs,1
v6cwjo2n1474ikfz1f7ummok.com,,1
vlebrjbgaqefranpqepi.tw,,1
elitemaleplus.com,normal.alexa,0
myfashionvillage.com,normal.alexa,0
bkpbgtgupeuvosj.pl,,1
aememachuslazaroqok.com,,1
italyarreda.it,normal.alexa,0
levetementhomme.fr,normal.alexa,0
8kgt1qkxjc3qm57l3s.biz,,1
qualidator.com,normal.alexa,0
skipass.com,normal.alexa,0
tmmczjtqjlvngae.com,,1
alexamaster.com,normal.alexa,0
thegooddrugsguide.com,normal.alexa,0
wohaxbsis.org,,1
kruger.com,normal.alexa,0
lywaqhitcfgrhc.net,,1
wcbiathlon.ru,normal.alexa,0
balikesir.com,normal.alexa,0
ojelieller.com,normal.alexa,0
pc2b1oe7wl6cse4c.com,,1
3hc.jp,normal.alexa,0
bookmarktata.xyz,normal.alexa,0
securexhrservices.eu,normal.alexa,0
thietkevanphongmienbac.vn,normal.alexa,0
saigonlab.com.vn,normal.alexa,0
healthmateforever.com,normal.alexa,0
hotelkamerveiling.nl,normal.alexa,0
rzmdmen.com,dga.banjori,1
mryangb2b.com,normal.alexa,0
nulled.xyz,normal.alexa,0
erdotntexplore.info,,1
yqabkiokye.com,,1
thecandycrush.com,normal.alexa,0
jiazhuang6.com,normal.alexa,0
minimotoscene.co.uk,normal.alexa,0
xn--80aaf6awgebgaa.xn--p1ai,normal.alexa,0
knzusiuu.com,,1
kpiz6gu07h6tgmzr.net,,1
qwmhoeyhmjypskbiucxtodxha.ru,,1
riludbctmnrygn.me,,1
mplore.com,normal.alexa,0
tata.co.za,normal.alexa,0
vakuahumambelaa.ddns.net,,1
hvkbxqrtk.com,,1
1y6pnfx255wk71th6z04idwfbi.biz,,1
liderblvmonde.com,normal.alexa,0
angelarium.net,normal.alexa,0
nflvshyhopztgudxwaqcyyfiy.ru,,1
visitmorocco.com,normal.alexa,0
backreference.org,normal.alexa,0
eaniv.info,,1
trustonefinancial.org,normal.alexa,0
funstockdigital.co.uk,normal.alexa,0
kkhejnxmox33.com,,1
mj.pt,normal.alexa,0
adesignerlife.net,normal.alexa,0
yjc.ac.kr,normal.alexa,0
44957.com,normal.alexa,0
jcwbmkjxee.dyndns.org,,1
pickupstix.com,normal.alexa,0
restrictedfun.com,normal.alexa,0
spendearth.net,,1
rmtuxyrmtm.top,,1
vhpiestnessbiophysicalohax.com,dga.banjori,1
plorerexdotnte.net,,1
12yoa5q18x0n621ba4oe01octf66.net,,1
adidasspecialtysports.fr,normal.alexa,0
omships.org,normal.alexa,0
kobzarsalt.com.ua,normal.alexa,0
destinyconnect.com,normal.alexa,0
ndjradvfokj.biz,,1
wsjaalarujvfgbwzmdvwx.org,,1
groupshoe.net,dga.suppobox,1
merchantcircle.com,normal.alexa,0
vb7efb313d1d1150bbc5be58bb7d91317a.cn,,1
jefebixetyf.eu,,1
keretaperodua.com,normal.alexa,0
findjobinfo.com,normal.alexa,0
purobiocosmetics.it,normal.alexa,0
zabortom.net,normal.alexa,0
gocityguides.com,normal.alexa,0
passport-web.com,normal.alexa,0
exchangecentral.net,normal.alexa,0
getadobeflasrhplaye.co.uk,,1
1bkih5jpr4cy1ufpw5n49uh5z.net,,1
beaubj.com,,1
metraz-latky-mirus.cz,normal.alexa,0
pejipfdzw.com,,1
olcbeozkvsba.com,,1
1h1dclq2uvex3jyjypy.ddns.net,,1
lisani.jp,normal.alexa,0
mhxucmdudu.su,,1
mpbrinquedos.com.br,normal.alexa,0
drddjcljonueyo.net,,1
xrxaswpi6zlyhtzr7o1f3ygdv.org,,1
ghxejllrnakq.com,,1
dmsgejaxvuvk.nf,,1
d67s5mb05yb8.org,,1
demoslavueltaaldia.com,normal.alexa,0
sanantoniomomblogs.com,normal.alexa,0
trudeaucorp.com,normal.alexa,0
mppwvuxonmll.com,dga.tinba,1
uajy.ac.id,normal.alexa,0
kupit.com.ua,normal.alexa,0
layergetadobeflashp.net,,1
twwrqowgnn.com,,1
pywrwpcgdxhpfu.co.uk,,1
mybusinessworks.co.uk,normal.alexa,0
42ndphoto.com,normal.alexa,0
qvebknuhqd.ru,,1
o4ec2a796476d958015f3886aae53337f5.cc,,1
cineforum.it,normal.alexa,0
pc-danboru.com,normal.alexa,0
xa446a279e3903af13407c343c56f5b8be.cn,,1
d80a8fb43aa6e6d5aaed4c41f58abbf703.cn,dga.dyre,1
dghowjhnyjubbm40.com,,1
difficultadvance.net,,1
nnrmefvztdruqiu.com,,1
3ae6b2a686d669647372545293fdbdf8.info,,1
detwkka.info,,1
v76.com,normal.alexa,0
liquidmotors.com,normal.alexa,0
wsksiologistbikerepil.com,dga.banjori,1
dcjzexjaike3.com,,1
9qpqyyte9kg9p4f.com,,1
ldmwxnwcabg.com,,1
lionandlion.com,normal.alexa,0
yiaiardenslavetusul.com,dga.banjori,1
100yen-happy.net,normal.alexa,0
supermetrics.com,normal.alexa,0
imqiuz.com,,1
aknuwfdq.com,,1
buydrone101.com,normal.alexa,0
radiofarda.mobi,normal.alexa,0
srivztiulphfxd.com,,1
hermesrussia.ru,normal.alexa,0
alan.com,normal.alexa,0
xpornosikiss.net,normal.alexa,0
city24.lv,normal.alexa,0
northwood.edu,normal.alexa,0
fdkvalitydevonianizuwb.com,,1
tqwpmpwckhidiss.com,,1
h36016924d4d38de2613e7088739415666.in,,1
irvgbgq.com,,1
lebricomag.com,normal.alexa,0
44dwo11to5462d8vkbd6pmgai.com,,1
samlib.ru,normal.alexa,0
cotyllaabettingk.com,,1
rqjmbmcalqqlautstfv.la,,1
llullzza.com,,1
7dg.co,normal.alexa,0
etonkids.com,normal.alexa,0
hollabacktexas.blogspot.com,normal.alexa,0
lelkititkaink.hu,normal.alexa,0
a3wl2vs16nod.com,,1
duuqlrqpruru.cm,,1
gezondheidenco.nl,normal.alexa,0
56cto.com,normal.alexa,0
schulbistum.de,normal.alexa,0
globalindonesianvoices.com,normal.alexa,0
pdeparag.pl,,1
sharethis.ro,normal.alexa,0
holvi.net,normal.alexa,0
kfashionista.com,normal.alexa,0
npudrjxjwqnrupwke.com,,1
muabandienbien.com,normal.alexa,0
eqkbrvjonuauug.me,,1
messinaweb.tv,normal.alexa,0
dhppsflcedqiyqet.eu,,1
hktailor.co.kr,normal.alexa,0
petrobonus.com,normal.alexa,0
nongpink.com,normal.alexa,0
portaleds.com,normal.alexa,0
mbdrjc.com,,1
pasionporelbalon.com,normal.alexa,0
gadof.eu,,1
007airsoft.com,normal.alexa,0
etolen.com,normal.alexa,0
taedobeflashplayerg.co.uk,,1
13w8qu01c4q0t91s7jz91yf5x9q.net,dga.post,1
1i1kl29bggpdhxg2g0b9hjpn2.net,,1
biggone.com,normal.alexa,0
yqrqiologistbikerepil.com,dga.banjori,1
climatecentral.org,normal.alexa,0
6fu31r17z1nc0vk3ovc9jtwdo.org,,1
oovvkxbyfwve.com,,1
1q88w5kxm2ko2dnl1cyrkncst.net,,1
gatorebogaj.eu,,1
rzgeyreof.info,,1
dqeqdo.com,,1
rxpuwrdmtmndszhp.info,,1
lgbmafmsdk.com,,1
byodoin.or.jp,normal.alexa,0
vhcrcwvwefufaaz.com,,1
magicgirlgames.com,normal.alexa,0
mini-leads.com,normal.alexa,0
4tnsz2exivb4l6e83e.com,,1
prestashopforum.pl,normal.alexa,0
femida.az,normal.alexa,0
earnyourmoney.in,normal.alexa,0
prqwqfer.com,,1
dipkurier.ru,normal.alexa,0
musico.jp,normal.alexa,0
1fg3hn02vfmqo4jzf9e1pozsk7.org,dga.post,1
jkdooq.com,,1
ktppkkugphsohso.co.uk,,1
kkdrswx.eu,,1
earphoneshop.co.kr,normal.alexa,0
magshopping.com.br,normal.alexa,0
noticiasdenavarra.com,normal.alexa,0
vlvbuubijkxy.com,,1
designrealizeremovecashvary.com,,1
pucanlow.ru,dga.pushdo,1
theulsterfry.com,normal.alexa,0
theleafonline.com,normal.alexa,0
businessplanjournal.com,normal.alexa,0
7zcn.cn,normal.alexa,0
directoryseo.biz,normal.alexa,0
trigema.de,normal.alexa,0
alloweb.org,normal.alexa,0
1001renkaat.com,normal.alexa,0
17uaxna10lsin9eu3kirsrfqin.net,,1
vbddawepafcpfr.com,,1
kcmusa.org,normal.alexa,0
embryform.tmall.com,normal.alexa,0
cjob.com,normal.alexa,0
sumerian.com,normal.alexa,0
perfectgirl.biz,normal.alexa,0
lelius.lt,normal.alexa,0
fileee.ir,normal.alexa,0
luxpozhi.ru,,1
banpolballs.com,normal.alexa,0
sscc.edu,normal.alexa,0
oqobqqrdtwoqnv.com,,1
11ybzv12z07jt38yigmlhc2u7.net,,1
annahar.com,normal.alexa,0
freedom-financial.ru,normal.alexa,0
cprguadc.com,,1
hstalks.com,normal.alexa,0
mobi.to,normal.alexa,0
lambtoncollege.ca,normal.alexa,0
tfvtararmjpxuhsqehxh.pro,,1
cpweb.dk,normal.alexa,0
evocoaching.com.br,normal.alexa,0
dalkeyarchive.com,normal.alexa,0
idt.vn,normal.alexa,0
schtmfmsvcaied.biz,,1
98zj6w1hoelwj124yebyj8c20z.org,,1
daijob.com,normal.alexa,0
aqsoyauu.com,,1
gamesundbusiness.de,normal.alexa,0
nestle.pl,normal.alexa,0
maventus.com,normal.alexa,0
ludogorets.com,normal.alexa,0
medtrade.com,normal.alexa,0
1xfwku9sxdmoj1wogn8l1w3y9js.biz,,1
hdapusxtgjywitb.com,,1
dabejqde.top,,1
healthination.com,normal.alexa,0
freytaganderson.com,normal.alexa,0
freeclassifieds2.com,normal.alexa,0
reproarte.com,normal.alexa,0
lesclesdumoyenorient.com,normal.alexa,0
1hdig27m8ro7p12egdq3w6jjd.com,dga.post,1
euyldzlfeeilpxweiqwpjgecfq.ru,,1
ohycgsbeaakmtqfo.biz,,1
7dg2clwhejglk4il7badixe.ddns.net,,1
selfinfluenceholepersuade.com,,1
g5-lines.com,normal.alexa,0
dtionag.info,,1
5abrkonline.com,normal.alexa,0
hosaf.org,normal.alexa,0
moqwibud.ru,,1
idealistmom.com,normal.alexa,0
phapsu.com,normal.alexa,0
rmsppbxbraonmih.com,,1
grupomedicodurango.com,normal.alexa,0
chairproud.net,,1
zprljkazuh9gz.net,,1
c2digitalagency.es,normal.alexa,0
usqsmeisaagswacg.org,,1
sulopa.co.in,normal.alexa,0
mansionglobal.com,normal.alexa,0
mlxwftsattvwhe.info,,1
ysvfmen.com,dga.banjori,1
mjc2w8k65pe2wbq.ddns.net,,1
sobkorpor.com,normal.alexa,0
liga-stavok.com,normal.alexa,0
xuxuqodopef.eu,,1
1vo2u07siweoyo0aompo0sqpc.net,,1
blahparazzi.com,normal.alexa,0
cssheaven.com,normal.alexa,0
zhboeqxmjd.com,,1
betmadmax.blogspot.gr,normal.alexa,0
zipfilebit.com,normal.alexa,0
qsjdalitydevonianizuwb.com,,1
office360.ru,normal.alexa,0
hilo-nord.de,normal.alexa,0
yvadrbcfg.work,,1
free-slots-hall.com,normal.alexa,0
gpyhonojixw.org,,1
aupfhug.net,,1
mostking.net,dga.suppobox,1
nqbaakjy.org,,1
kozak.co.ua,normal.alexa,0
hvllbv.com,,1
gazwuxmohl.com,,1
neoenglishsystem.blogspot.com,normal.alexa,0
wanhugde.ru,dga.pushdo,1
blossom.io,normal.alexa,0
ijmoyyc.info,,1
09m7cten89mb.com,,1
cucywq8y0e46.org,,1
ichliebecamping.de,normal.alexa,0
50gnk2ehelc2eluvkhq.ddns.net,,1
com-iii.org,normal.alexa,0
forestbitcoin.com,normal.alexa,0
valleyviewcasinocenter.com,normal.alexa,0
rezerunwfe.ru,,1
awdwhjiqwmhvtx.com,,1
pbufcctq.info,dga.locky,1
jrabqb.com,,1
suvenir.bg,normal.alexa,0
freebiesland.my,normal.alexa,0
simple2.ru,normal.alexa,0
foaux.net,normal.alexa,0
isbcabfeuomemqado.mn,dga.necurs,1
gcrrenhancedysb.com,dga.banjori,1
luqoxcmofntyrybl.eu,,1
nicenic.net,normal.alexa,0
18w4qfgp50k8wtctwbw.ddns.net,,1
xtremenutrition.co.za,normal.alexa,0
tsurrjnufeye.info,,1
simetyzi.info,,1
lnkdatas.com,normal.bambenek,0
pofvpwvgrkavepjq.com,,1
markitude.com,normal.alexa,0
pilotincanada.com,normal.alexa,0
puzydeg.info,,1
tduvellefrictionlessv.com,dga.banjori,1
awbuoujsnakrgzlstjva.com,,1
olgasmile.com,normal.alexa,0
hotbirthdays.com,normal.alexa,0
zanankhabar.ir,normal.alexa,0
nrojof.com,,1
f65e0f25f443fd56223ee6b7d61ac07a.co.cc,,1
renti1234.com,normal.alexa,0
foodtownshopper.com,normal.alexa,0
zinavo.in,normal.alexa,0
boebfbfkadanmbdk.website,,1
cb0498f93be5f32ab92a4bb02e37f2d477.to,dga.dyre,1
safefrom.net,normal.alexa,0
iqywscsuaumyckcs.org,,1
hacsecurities.com,normal.alexa,0
vtasjwfox.com,,1
tm356.com,normal.alexa,0
bultanpress.ir,normal.alexa,0
mai-taku.com,normal.alexa,0
nepjol.info,normal.alexa,0
zizuxzb.com,,1
liindz.com,,1
pzpisikathrinezad.com,,1
newziben.com,normal.alexa,0
alcoholrehab.com,normal.alexa,0
durandal.io,normal.alexa,0
jsjayvrpumxala.cc,,1
reembody.me,normal.alexa,0
uncleplanaddressbornradio.com,,1
filmvilag.ga,normal.alexa,0
webtrafff.ru,normal.alexa,0
veuvambaqeguikt.ddns.net,,1
ibeqygcqwpazgjpcf.com,,1
bulkpowders.fr,normal.alexa,0
realtysouth.com,normal.alexa,0
q07r1da6erobuto.ddns.net,,1
iukoepjomfpdbbvbu.ac,,1
pros-asp.net,normal.alexa,0
sxouptgwmgbksliqt.me,,1
bakacan.net,normal.alexa,0
rmxbefcyycvp.biz,,1
1taiyam1qfdjz815kv1d31gjsjvu.com,,1
fwkkhsk.info,,1
chairproblem.net,,1
justmansbestfriendforlife.com,normal.alexa,0
junkudo.co.jp,normal.alexa,0
vtsyjzghzar.org,,1
qlmesgpwxzgwwrx.biz,,1
zhixincaijing.com,normal.alexa,0
kanufuhnbitsfhlhpwb.eu,,1
tunaqnoy.net,,1
9mkjelia3qit.net,,1
lgyevnmg.org,,1
rinkabyror.se,normal.alexa,0
chapimama.com,normal.alexa,0
fotoregali.com,normal.alexa,0
kayros.biz,normal.alexa,0
tweepi.com,normal.alexa,0
dogactually.net,normal.alexa,0
krosno.com.pl,normal.alexa,0
5zp2dmpdfmjvh2sf53.net,,1
aspesi.com,normal.alexa,0
emxbqjcg.com,dga.conficker,1
planningtank.com,normal.alexa,0
hecifuenu.ddns.net,,1
vanna-vanna.ru,normal.alexa,0
q7ee5e34d818c5e43299979f430f3f9972.hk,,1
berliner-volksbank.de,normal.alexa,0
befashion.gr,normal.alexa,0
aimnwpkfsndssyrvqx.com,,1
mgs-r.com,normal.alexa,0
flixfilme.de,normal.alexa,0
o8t45jkegq5ljgb76t.ru,,1
eijwmsocubkbifr.org,,1
rlkwfjsuoytgnrgm.info,,1
artofckphoto.com,normal.alexa,0
mbboalcabodddned.info,,1
thenextgag.com,normal.alexa,0
bulletinboards.com,normal.alexa,0
osthrxmuaobelp.pw,,1
nuk.tmall.com,normal.alexa,0
5dtrade.com,normal.alexa,0
onzetepo.info,,1
allnewthing.com,normal.alexa,0
bq96tf10xxkc117s11qnv0rajz.org,,1
i-love-u.mihanblog.com,normal.alexa,0
hshl.de,normal.alexa,0
reddy.de,normal.alexa,0
yellowbook.com,normal.alexa,0
dkkmrba.info,,1
jdgjwyxursss.com,dga.tinba,1
vonoduc.info,,1
sperky-eshop.cz,normal.alexa,0
rwjkwm.com,,1
trafficmonsoonpro.com,normal.alexa,0
clcpjmfant.com,,1
cityweekly.net,normal.alexa,0
hoverboard.reviews,normal.alexa,0
myomuiykequugiui.org,,1
hengyuanxianghqzx.tmall.com,normal.alexa,0
tacggfdbtxe.ws,,1
xmufnxupybwntbwg.eu,,1
jamali.com,,1
ruqeufudaturuqc.ddns.net,,1
hulnlobchthwcqp.com,,1
jtk9i01dufzyk1956zps1v5f5y.net,,1
efusiontech.com,normal.alexa,0
cmemllaabettingk.com,,1
oektanarianaqh.com,,1
beynolharameyn.ir,normal.alexa,0
kghsprrylxs.info,,1
ncfmjvw.info,,1
iica.ir,normal.alexa,0
yzrgvr.com,,1
uggljhqcxbibelftzhtem.ru,,1
a68cdfa8513b2aee5a16d39ec312ceda44.tk,,1
xzjmmkizlj.com,,1
bibletools.org,normal.alexa,0
fixiedreams.com,normal.alexa,0
dsjssemvbgps.com,,1
asoftech.com,normal.alexa,0
qufymen.com,,1
cbu.edu,normal.alexa,0
carryhusbandclubgasrealize.com,,1
bmxunion.com,normal.alexa,0
jegqdm.com,,1
umkterbaru.blogspot.com,normal.alexa,0
thxflt.com,normal.alexa,0
gqsgjgdmspvmqsubm.net,,1
bedroomtrustpriestsetnose.com,,1
vip86222.com,normal.alexa,0
bladaofaacbenbfn.info,,1
aqbsoft.com,normal.alexa,0
e-booksdirectory.com,normal.alexa,0
bbadkclbadckmffb.eu,,1
dncvlzuwhs.net,,1
abouttimemagazine.co.uk,normal.alexa,0
matichon.co.th,normal.alexa,0
voesete.com.br,normal.alexa,0
powera.com,normal.alexa,0
476ibiz35bquzioh68.com,,1
ms88i4ocdk835l6tt7j0wq3.org,,1
simbolodemusica.com.br,normal.alexa,0
antivsd.ru,normal.alexa,0
mindthegapsound.com,normal.alexa,0
p191cc472f725df19b3a510b3f45b8297a.ws,,1
wifegives.net,,1
1djahtdvnw9hbd5gtt21fp0jyn.biz,,1
1e5tuonzke0u7nj8fsu7jsz1a.biz,,1
sharpfile.com,normal.alexa,0
missmp3.xyz,normal.alexa,0
icba.or.jp,normal.alexa,0
1e6g21t52ppw01r8mnmcdlz28n.com,,1
rpwywpw.biz,,1
mfdzhvqtdv.info,,1
baptistonecare.org,normal.alexa,0
inwnmhihkj.ru,,1
bbrcqtndpjlt.com,,1
miseven.net,normal.alexa,0
eiytrglcmugzpeikzgmhnn.ru,,1
1knfmq01x5mta1600u8cw4mq70.biz,,1
jbhhsob.net,,1
woodturnerscatalog.com,normal.alexa,0
avkjdbbnipxhda.com,,1
tipncfkl.com,,1
nivamknqsomtseqt.com,,1
mfcwbpgkijbwtistd.com,dga.ramnit,1
uvelgnmtitoxa8whk436ev5.ddns.net,,1
fotofanisback.tumblr.com,normal.alexa,0
edoelaeeflkfblbf.com,,1
pyxsoft.com,normal.alexa,0
x77136.net,normal.alexa,0
jrpkpl.com,,1
answer.jp,normal.alexa,0
1fuuun91c9inc8zd4ne2g3yrvz.com,,1
fhjrkmsricizgsfef.net,,1
orderbeendumpwishreserve.com,,1
erredotntexplo.info,,1
sdaic.gov.cn,normal.alexa,0
amon.cx,normal.alexa,0
innovatrics.com,normal.alexa,0
curivmcltjhd7n.com,,1
beginning.kr,normal.alexa,0
zvxopartbulkyf.com,dga.banjori,1
semplicelabs.com,normal.alexa,0
kibitama.ru,normal.alexa,0
reliefweb.int,normal.alexa,0
xufrarnrhjmjkxuel.in,,1
matsusq.org,normal.alexa,0
gretableta.com,,1
ocfdoddmkckdaaae.com,,1
kphgjrfupsettvr.co.uk,,1
q33q.com,normal.alexa,0
marinemammalcenter.org,normal.alexa,0
jleo6rzjxoq4wsrdtt.biz,,1
13xh14a1hxfj71kc1kvaduf6zq.net,,1
ultatv.com,normal.alexa,0
ns1.backdates13.com,,1
jmeyrpxfgihs.com,,1
fftri.com,normal.alexa,0
6rou.net,normal.alexa,0
milkouter.net,,1
handelsregister-online.net,normal.alexa,0
jamieschultzdesigns.com,normal.alexa,0
qsyyokmm.com,,1
hgx4ml10c9a90khb0b724nqha.net,,1
ruba3.com,normal.alexa,0
rhi.com,normal.alexa,0
fmlpofevgvgd.com,,1
xn--yckteu02m.com,normal.alexa,0
014eb613308fa55da7c7c9080057e883.cz.cc,,1
promocjelotnicze.com.pl,normal.alexa,0
doc4web.ru,normal.alexa,0
yourdigital.li,normal.alexa,0
paquetexpress.com.mx,normal.alexa,0
medicover.ro,normal.alexa,0
loaqkk4uv0er18y66ya1qma5t6.com,,1
zagdali.ru,normal.alexa,0
gravitylight.org,normal.alexa,0
sznsyy.net,normal.alexa,0
therighttobeachild.com,normal.alexa,0
jhnmloe.net,,1
narwkkne.org,,1
irlnlurmptmdmyswi.su,,1
vonigo.com,normal.alexa,0
boulevard-brasil.com,normal.alexa,0
ybemwdjm.info,,1
cu.ly,normal.alexa,0
pinutpkonkzmsnw.com,dga.murofet,1
lcnunyngz.ru,,1
complementaryexercises.com.br,normal.alexa,0
tjjqals.in,,1
rbnghputjwfw.com,,1
pptxfile.com,normal.alexa,0
tzigvpjarydcxlxy.org,dga.qakbot,1
elektrikaetoprosto.ru,normal.alexa,0
elartedesabervivir.com,normal.alexa,0
telekinos.com.ar,normal.alexa,0
nojexef.info,,1
pf-control.de,normal.alexa,0
cakeblooms.com,normal.alexa,0
elevensports.pl,normal.alexa,0
hvljwzudwr.info,,1
ansxwl76uba4qdo856u6327.ddns.net,,1
nnfhfbt.dyndns.org,,1
1f015a7e6a2a8c8335ad661260bfcd70.cz.cc,,1
guyaveragedesiregrandfather.com,,1
gaelle.it,normal.alexa,0
ojkni2kta23j7be.ddns.net,,1
7d6e1b8c8c5898af61796ccfe958aae8.co.cc,,1
anjalimenon.wordpress.com,normal.alexa,0
marlam.in,normal.alexa,0
wrlzcnizmopdyso.com,,1
bptetnwtncyupsdlg.cm,,1
juno.hu,normal.alexa,0
qruqnlq.info,,1
mate-store.com,normal.alexa,0
snif.gr,normal.alexa,0
funherd.com,normal.alexa,0
strellson.com,normal.alexa,0
rorgjfnqg.bz,,1
drxybyplaywobb.com,dga.banjori,1
jicoorgeteipbjfevzhw.com,,1
maxityre.fr,normal.alexa,0
huinjaktucb.net,,1
fairouter.net,,1
investgoldsilverblock.com,normal.alexa,0
amateurseite.com,normal.alexa,0
xglfhgaaeqhmllpiukhanz.biz,,1
digigyan.in,normal.alexa,0
pumil.eu,,1
proboardshop.com,normal.alexa,0
sims4updates.net,normal.alexa,0
geomygek.org,,1
turejt.com,,1
websitexs.ru,normal.alexa,0
ipricethailand.com,normal.alexa,0
nkgnacybwam.com,,1
midasshoes.com.au,normal.alexa,0
kacare.gov.sa,normal.alexa,0
tvexciting.com,normal.alexa,0
milkthrow.net,,1
hugbuvaf.ru,,1
bookmarkshut.com,normal.alexa,0
ayergetadobeflashpl.co.uk,,1
mtqwotiwmtya.com,,1
developers.squarespace.com,normal.alexa,0
matchandtalk.com,normal.alexa,0
ashplayergetadolbef.co.uk,,1
zwkfmucwegh.net,,1
smart-it.co.za,normal.alexa,0
oib2yuj4e5jmscp7tuhq9uu3.biz,,1
2802b59yq7gi4w06ukp9wlfb.net,,1
burkedecor.com,normal.alexa,0
cosar.persianblog.ir,normal.alexa,0
yttwnwnansnan.org,,1
hofyland.cz,normal.alexa,0
h974d2220580b62d8732a10662523a3794.in,dga.dyre,1
hwdbfegbhxgz.com,dga.qakbot,1
ocaeqgykiciwwuwe.org,,1
shopatsullivan.com,normal.alexa,0
dfrqpartbulkyf.com,dga.banjori,1
wwmqaaemyskqqwiu.org,,1
trademarkdirect.co.uk,normal.alexa,0
yergeatadobeflashpl.net,,1
meetlima.com,normal.alexa,0
hkisqbtadgrnwcskjyg.com,,1
fastcash.biz,normal.alexa,0
tropicalfishkeeping.com,normal.alexa,0
urbanwearables.technology,normal.alexa,0
sfkjojphoxgtnmpqeu.com,,1
uwdgtcemwihtmd.com,dga.ramnit,1
cityofomaha.org,normal.alexa,0
owwxyvihcjug.com,dga.tinba,1
ikphltaruprxnn.info,dga.murofet,1
pleinair.net,normal.alexa,0
zct6znmrj3vjiwxxfb1vvdh3r.biz,,1
magdalenewinthrop.net,,1
mmkvzcoy.org,dga.conficker,1
axcuinlaublaxa.ddns.net,,1
dqllgvutivsbw.ru,,1
skaaed.com,,1
allbasketball.org,normal.alexa,0
simyxabyvel.eu,,1
ns1.dnsfor1.net,,1
mistakerepresentapplytrade.com,dga.matsnu,1
auto-zilla.ro,normal.alexa,0
anticorpi.info,normal.alexa,0
color.org,normal.alexa,0
techzilo.com,normal.alexa,0
onlinescacchi.com,normal.alexa,0
societyofgrownups.com,normal.alexa,0
gfndblymlcwg.ru,,1
fotografidigitali.it,normal.alexa,0
stephaniatatyanna.net,,1
bnxqzql.net,,1
obq1qrc2mm8pnbbwih1dcatk0.org,dga.post,1
vlghapecarccpvsqvzcerf.com,,1
driveshaftshop.com,normal.alexa,0
duyhemcavotwmxspnvcuin.org,,1
mqukgq.com,,1
trademachines.com,normal.alexa,0
ziffdavis.com,normal.alexa,0
diayvgzlxpzhdfiqguypbqnjh.ru,,1
jsntwyjcv.com,,1
nhqvulndelr.org,,1
mobleslagavarra.com,normal.alexa,0
countysportszone.com,normal.alexa,0
caridestinasi.com,normal.alexa,0
rycypiq.com,,1
ns1.dnsfor17.org,,1
kycwwoeewgyqcmso.org,,1
eljvcppxgbxeg.com,,1
gcbcfepwvypw.com,,1
meghnamassagekolkata.com,normal.alexa,0
webfa.ir,normal.alexa,0
zc96ng5mjopa.net,,1
tz7oby.xyz,normal.alexa,0
justmotherhood.com,normal.alexa,0
kobe-ol.com,normal.alexa,0
sgedujumrhprblkwjeh.com,,1
zhioislpjx.net,dga.conficker,1
faceremoveextendzoneignore.com,dga.matsnu,1
qoqsbqnn.biz,,1
rtrivnnlfpqxnsamc.net,,1
ckasismsgaai.org,,1
bqxsgmnwgmrineaoblivpfqwk.ru,,1
manajemenringga.blogspot.co.id,normal.alexa,0
thebestselling.com,normal.alexa,0
soeaywgyiugosmuu.org,,1
drcaiorosahumaire.com,normal.alexa,0
roxigames.com,normal.alexa,0
bancopopular.fi.cr,normal.alexa,0
wowcher.in,normal.alexa,0
rfnezoryomqnvvs.info,,1
bucks247-forum.com,normal.alexa,0
indembangola.org,normal.alexa,0
musicitaly.cz,normal.alexa,0
printshop.hr,normal.alexa,0
ecfdlefoklfnadan.net,,1
cojaokd.net,,1
namacon.or.jp,normal.alexa,0
zigbeehdl.ru,normal.alexa,0
faconf.ir,normal.alexa,0
amazonservices.de,normal.alexa,0
2mihan.com,normal.alexa,0
veteransdaypictures2015z.com,normal.alexa,0
syqd2478qnrptmobck.cn,,1
metro.it,normal.alexa,0
dugfqkknhxizfqcujvycmfnv.ru,,1
nlbproklik.com.mk,normal.alexa,0
pxllfrizihzprgbjbldvw.ru,,1
governmentjobsupdate.com,normal.alexa,0
qkqwlutufvlyfdh.com,,1
talulok.com,normal.alexa,0
7ox6b05mj8tu.top,,1
qldnzgryfpdm.net,,1
hswsolutions.com,normal.alexa,0
leisurelink.com,normal.alexa,0
ohkkodde82r7rjdx2v.biz,,1
shltjjdsfcflly.su,,1
1wymqylge8s11n716neia5na3.com,,1
1p2lrtk6b1eb47gyrkk12tj0v0.biz,,1
hake.me,normal.alexa,0
bpxednz.net,,1
mollusksurfshop.com,normal.alexa,0
webresourcesdepot.com,normal.alexa,0
prom-terra.ru,normal.alexa,0
iqjnemvkbksc.com,,1
khicongydaotoronto.com,normal.alexa,0
codefrom.com,normal.alexa,0
gfrkzcokenxs.info,,1
proxz.com,normal.alexa,0
schweitzer.com,normal.alexa,0
esqido.com,normal.alexa,0
5cc6af627528f2ceb2b545e177e3099b.cz.cc,,1
tireworldkan.com,normal.alexa,0
skiuyusoiwgiwkaa.org,,1
vtpqnbiftntnjhjkxy.mu,,1
bdyfpn3x5sjt6lgdbm.cn,,1
ianeugdwisj.com,,1
arofngzzmji.cn,,1
phunuonline.com.vn,normal.alexa,0
hengelsport-shop.com,normal.alexa,0
lueatbouvh8y3lnyg1.cn,,1
vivimoslanoticia.cl,normal.alexa,0
stoneysautomotive.com,normal.alexa,0
5rodclulo2kxol785bwfuh5.ddns.net,,1
ns1.dnsfor5.org,,1
microrespuestas.com,normal.alexa,0
heeltoeauto.com,normal.alexa,0
sparbankennord.se,normal.alexa,0
mahqjumthox.pl,,1
kittfoto.com,normal.alexa,0
kkffihxbymcc.com,,1
asl.bari.it,normal.alexa,0
yersofrasi.org,normal.alexa,0
1jtd3ts1w35igeqe92nt1prxpqu.org,dga.post,1
jntacvjkxjlqgilt.eu,,1
ovsn7xs8m6mhcxyfipqbm4q.ddns.net,,1
stickermule.com,normal.alexa,0
akddfvgnoh.info,,1
luzkdsn.com,,1
birhost.net,normal.alexa,0
leicspart.nhs.uk,normal.alexa,0
linksdv.com,normal.alexa,0
1ye49rhmsi95y1w5j4wyrp9qf5.org,,1
jlyfdjrkbhqonlloidmz.com,,1
r42aguu2quhqj2nt2h.com,,1
inutilisimas.com,normal.alexa,0
lavoraconnoi-italia.it,normal.alexa,0
dussmann.com,normal.alexa,0
gay-o.com,normal.alexa,0
gradoteka.ru,normal.alexa,0
topcoatbuddylecturereact.com,,1
chfvbyileiigoi.com,,1
golfshake.com,normal.alexa,0
astuces-ma-bimbo-amour-sucre.over-blog.com,normal.alexa,0
buceoindustrial.net,normal.alexa,0
juventus.ru,normal.alexa,0
downxiazai.info,normal.alexa,0
pixelgirlpresents.com,normal.alexa,0
allahmontada.com,normal.alexa,0
h8cc69184a74565ec888c4a15bcbd4daef.so,,1
ritsllc.com,normal.alexa,0
nonstopfunp.com,normal.alexa,0
runetarc.ru,normal.alexa,0
uenjgpy.info,,1
kayfranklin.com,normal.alexa,0
mattersight.com,normal.alexa,0
phpmydirectory.com,normal.alexa,0
newbalancejr.tmall.com,normal.alexa,0
auydgenbcytkhuqknprgqkprs.biz,,1
colegiodovagao.com.br,normal.alexa,0
oirbukmhgaxuvtasyjah.us,,1
radarindustrial.com.br,normal.alexa,0
dmzqvyn.top,,1
downloaddown.com,normal.alexa,0
halfstaff.org,normal.alexa,0
aslasl.cn,normal.alexa,0
vrqcscbirzo.com,,1
indeed.lu,normal.alexa,0
xpskylrvjerhr.org,,1
diplomtime.com,normal.alexa,0
monpornohard.com,normal.alexa,0
antiblock.org,normal.alexa,0
freewebsitetool.net,normal.alexa,0
ericpickersgill.com,normal.alexa,0
wfyxdln.info,,1
regroup.gr,normal.alexa,0
rcexmrnysitxesot.eu,,1
gcnyufw.eu,,1
yousave.com.au,normal.alexa,0
lcshdwz.com,normal.alexa,0
gayplay.us,normal.alexa,0
lvsensm.tmall.com,normal.alexa,0
freefonts100.com,normal.alexa,0
pvztpzfqfuzdusnrijuslyugxc.ru,,1
gbestmnzy.info,,1
boulevardfeira.com.br,normal.alexa,0
dptymgfkllfj.com,dga.tinba,1
jqfvl8vrbcce1nk8i37lsl3gf.net,,1
xswpgtaysengp.biz,,1
kuicqyiummiwcyuc.org,,1
globalenvision.org,normal.alexa,0
verts-loisirs.fr,normal.alexa,0
dzvqmbleafvsomurv.com,,1
b104b1f74530c5f9035826b9390581db48.so,,1
vjnpcarcmjzgmzxjbaqvcxwx.ru,,1
jeltpa.com,dga.virut,1
a74darslaf85.org,,1
sunnybrook.ca,normal.alexa,0
nqecoh.com,,1
unanet.com,normal.alexa,0
fotakasa.info,,1
masmusicacristiana.com,normal.alexa,0
gumiabroncs.hu,normal.alexa,0
7jsnrypxl40i79r9.cn,,1
infraware.net,normal.alexa,0
appmess.com,normal.alexa,0
reisefotografien.eu,normal.alexa,0
kfmtojxdmkfprxcsoyhvcxkamrc.org,,1
cartoonnetwork.hu,normal.alexa,0
blog16.jp,normal.alexa,0
irxjakljhgazxdkyb.net,,1
monkeybarstorage.com,normal.alexa,0
urbanshit.de,normal.alexa,0
vtc.vn,normal.alexa,0
xqfytmzefst.top,,1
linktogetmyfile.blogspot.co.id,normal.alexa,0
tkxvzbofqaejnjigoi.com,,1
vbkxngipt0jz8dst3aixftvv.com,dga.post,1
0y0e83ryp58of5vm.ddns.net,,1
qlwdixvfouujiawmttvmg.info,,1
rsrgfmzvbvz.net,,1
pjbc.gob.mx,normal.alexa,0
smts.jp,normal.alexa,0
dpjxefnra.com,,1
qhhbslfprc.net,,1
gyro.com,normal.alexa,0
1qlmnruvx3oy136gcrv1r42ie3.net,,1
hitplayonline.net,normal.alexa,0
fmbb.ru,normal.alexa,0
texplorenredot.info,,1
bmrgamejfchw.co.uk,,1
qfvknhdicitkjjbfitgkh.com,,1
hztxupp3dn2r1gi27pv1pbtgp2.com,,1
kvxphr.com,,1
8uar6u12pv5h4vtkhaahh3811.net,dga.post,1
brazosportisd.net,normal.alexa,0
uykhjounxictucll.eu,,1
aah679yu77x17l860g6f7y1u.net,,1
lcupwrbbxuanbevwhp.com,,1
oroskeansuow.ddns.net,,1
yzeqgvhz.biz,,1
gwjizkycyx.info,,1
tugcirdo.ru,,1
isoc.org,normal.alexa,0
sxcvyae.work,,1
boku-undo.co.jp,normal.alexa,0
moazami.ca,normal.alexa,0
peeltheorange.net,normal.alexa,0
unfaumonde.ddns.net,,1
smartcase.pl,normal.alexa,0
granny-seduction.com,normal.alexa,0
tirumala-tirupati.com,normal.alexa,0
sxcnkdihyf.org,,1
azgnkvqlevk.ru,,1
izfmfgwhy.net,,1
a915bb6215dca5ae12d1675bca5543ca.info,,1
ijut54gdwdgtotmv3bc4kpk.ddns.net,,1
husbandsolveestimatecreate.com,,1
imuiej.com,,1
vrilsatformalisticirekb.com,dga.banjori,1
ultimateglobes.com,normal.alexa,0
wineconnection.com.sg,normal.alexa,0
oqstbjoxyrdjqx.me,,1
mboaqpweuhs.com,,1
azerportal.com,normal.alexa,0
ns1.dnsfor10.net,,1
computerhistory.org,normal.alexa,0
12vn5bb1o8lhb4kpjo20kmmgaz.org,,1
blutta.com,normal.alexa,0
skqwkqtvlrssxgw.info,,1
ncdipubcti.ru,,1
powderhounds.com,normal.alexa,0
snjecdpvrryxjomunpkxk.im,,1
elle-craft.ru,normal.alexa,0
iecgwyoa.ga,,1
exporan.com,normal.alexa,0
olevelprinciplesofaccounts.com,normal.alexa,0
7latk0k61pwfq2ynale.ddns.net,,1
grgpydo.com,,1
bmeian6w8pfm8veb5tgma5dw.biz,,1
cyclepackconcernexperience.com,,1
df5567c6a53c1deee684198fbc529c27e9.in,,1
parentinghealthy.com,normal.alexa,0
uhuizhan.net,normal.alexa,0
kalemtayeb.com,normal.alexa,0
gbepgbuval.top,,1
boulciovnevir.ddns.net,,1
poobbs.com,normal.alexa,0
alternativereel.com,normal.alexa,0
hakchouf.com,normal.alexa,0
mhpikyxqemvm.com,,1
travel-directory.org,normal.alexa,0
xtvxdgpicotcefbx.com,,1
rebardetailingservice.com,normal.alexa,0
1and1.pl,normal.alexa,0
oplrovwdioflfizvokfgexodiizv.com,,1
midcenturymenu.com,normal.alexa,0
muirskate.com,normal.alexa,0
displaymarketplace.com,normal.bambenek,0
ugpvpefuce.ug,,1
allsoluces.com,normal.alexa,0
priceritesupermarkets.com,normal.alexa,0
ytnbpie.info,,1
1cover.com.au,normal.alexa,0
mnbebmxlfyxxodceaepdisg.ru,,1
q61274apsfihy6gvovine4a.ddns.net,,1
flickfilosopher.com,normal.alexa,0
nrafvinskycattederifg.com,dga.banjori,1
lamudi.sn,normal.alexa,0
shoghl.org,normal.alexa,0
fmvlwwxolfrmppgp.net,,1
par71.de,normal.alexa,0
0l2zgpuzopqz.top,,1
o4ylury25luv5nyv52c.ddns.net,,1
perquisite.net,normal.alexa,0
stannswarehouse.org,normal.alexa,0
portland-marine.com,normal.alexa,0
ns1.backdates16.biz,,1
tube-watch.com,normal.alexa,0
magazinusa.ru,normal.alexa,0
qjkryfnadb.biz,,1
bqginjnwjuuxkjdhi.com,,1
zonared.com,normal.alexa,0
autopapyrus.ru,normal.alexa,0
eryaoemgpjslgwmshf.com,,1
6d4622f29036d2978dec21cacd86e2e5.cz.cc,,1
e3mtd172ulc2ibd6sz.ru,,1
yxinwdkddevtxchkc.in,,1
diluccatogo.com,normal.alexa,0
6s50jt2shmo7a70h.biz,,1
rcoanmcatgu.biz,,1
tribalwars.us,normal.alexa,0
ngw.nl,normal.alexa,0
lankaholidays.com,normal.alexa,0
liysnuwyetwem.com,,1
wbyflndt.com,,1
gyccb.cn,normal.alexa,0
payrollonline.com,normal.alexa,0
bcra.gob.ar,normal.alexa,0
olqjk4kt4ah.com,,1
ilboard.net,normal.alexa,0
smartstyle.com,normal.alexa,0
otexahyhk6cbkji0ovs.ddns.net,,1
vaplkv.com,,1
addal.co.kr,normal.alexa,0
nvxptqurlqu.mooo.com,,1
isr52fgbnvrejb8ci6.com,,1
ifolor.de,normal.alexa,0
mallree.com,normal.alexa,0
bkgm.com,normal.alexa,0
wuntkllbrlfl.biz,,1
pressportal.co.za,normal.alexa,0
jvbbardenslavetusul.com,,1
xh4b9u5ojaxg3f.com,,1
mckckraqwe.com,,1
f895cf682413a493fc4eaec99ee6036f.cz.cc,,1
kfoxtv.com,normal.alexa,0
ashome.kr,normal.alexa,0
qlffuehu.nf,,1
bbfcdtpoebqd.com,dga.tinba,1
1n4j4hvvht.com,,1
davesmith.com,normal.alexa,0
gemsfull.org,normal.alexa,0
cuidadodelasalud.com,normal.alexa,0
tojabgxwn.top,,1
pearsonlearningsolutions.com,normal.alexa,0
apigjwrublr.info,,1
i-cad.fr,normal.alexa,0
ally-law.com,normal.alexa,0
valentinbosioc.com,normal.alexa,0
ku25.com,normal.alexa,0
vnlife.vn,normal.alexa,0
indianapolissymphony.org,normal.alexa,0
hobbypeople.net,normal.alexa,0
shopsbest.gq,normal.alexa,0
parkcentralny.com,normal.alexa,0
p2y833fpq7jl17vruos21ytzy.net,,1
hd9ec920da458e386c416422ac68441304.cn,,1
elxkexgmlstlnm.com,,1
wt74zmtzq5bd1hoe793cheaam.biz,,1
clubealuno.com.br,normal.alexa,0
exutlberescvdbrntv.com,dga.ramnit,1
sumberjayalaser.com,normal.alexa,0
xxx5porn.com,normal.alexa,0
auztamentalistfanchonut.com,,1
wallet.sk,normal.alexa,0
giro.or.kr,normal.alexa,0
nwjxwpgirdudupotar.com,,1
dqnafadihagnqemwc.su,,1
codeanchor.net,normal.alexa,0
findeanleitungen.de,normal.alexa,0
enjoy-dessert.com,normal.alexa,0
camcode.com,normal.alexa,0
figuremarkbookliveprofit.com,dga.matsnu,1
coxhamster.com,normal.alexa,0
usefulinfoo.com,normal.alexa,0
uqfdufx.net,,1
copa90.com,normal.alexa,0
bbffnekcnbbnbbao.co.uk,,1
bookmarkplan.xyz,normal.alexa,0
videossecretos.com.br,normal.alexa,0
marketingtechnews.net,normal.alexa,0
messe-world.co.jp,normal.alexa,0
xtuhtxyg.biz,,1
pornoincest.net,normal.alexa,0
heiwibej.ru,,1
afspypmvmh.com,,1
lmkptmbnlexushjb.eu,,1
deepkamalexports.com,normal.alexa,0
worldimporttools.com,normal.alexa,0
lcwpalabaeqmivyti.com,,1
mastiguru.co.in,normal.alexa,0
iict.in,normal.alexa,0
wozjozji.ru,,1
webandcrafts.com,normal.alexa,0
grrswb1zne52m9hd.info,,1
nccbffeccfclofmc.info,,1
myoldcountryhouse.com,normal.alexa,0
valetovradikphoto.ru,normal.alexa,0
a01aa0af1ca92940693619e10c8e50a3.cz.cc,,1
duepqldgqmc.info,,1
baakklfceeccofaf.com,,1
qhvxmowlgxdttvbwsm.info,dga.qakbot,1
pgrlloyn.com,,1
yoqsdaoih.net,,1
forexpedia.org,normal.alexa,0
nsiusf.com,,1
mmsummit2015.com,normal.alexa,0
krvepgssas.net,,1
cxvgpppupmibg.com,,1
samplesandsavings.com,normal.alexa,0
beeswift.co.uk,normal.alexa,0
fwwouu6trboyl87x3p.biz,,1
gkijyh16i0ghk19dovaq1ef7o3z.net,dga.post,1
vmzal71qb8txk1tgy6.cn,,1
startup.go.kr,normal.alexa,0
premiumoutlets.co.jp,normal.alexa,0
hcrorwamw.com,,1
facialcumtube.com,normal.alexa,0
yayimssmawauqgcu.org,dga.ramdo,1
gbirgrqixtsdkm.net,,1
qjuanoakgkjhlkmc.la,,1
inasta.com,normal.alexa,0
kuoblnijywi.mooo.com,,1
tnkslatmgqreqwrvqvax.de,,1
yx771.cn,normal.alexa,0
fxrijn.info,,1
imperia-a.ru,normal.alexa,0
palcoprincipal.com,normal.alexa,0
wwqiaun.eu,,1
stofilmow.pl,normal.alexa,0
umuxmuim.ddns.net,,1
wgtogmhylfqusxljptmzhmtj.ru,,1
wcgsmrw.info,,1
century21.com.tw,normal.alexa,0
karat-nn.ru,normal.alexa,0
sexocoroas.com.br,normal.alexa,0
dnzqwwgknmnkvkvtjbcqxueiba.ru,,1
lddkmfkaccbfffeb.com,,1
gumruk.com.tr,normal.alexa,0
cjjbpy.com,,1
abijlpvlzn.net,,1
naohvhbwpifnsauq.com,,1
bzzosikathrinezad.com,,1
voipcharger.com,normal.alexa,0
3vkfi2c2mjivc2i4s2g.ddns.net,,1
supersexycom.com,normal.alexa,0
presidentwatches.ru,normal.alexa,0
feastingathome.com,normal.alexa,0
projektove.cz,normal.alexa,0
akasaka-tops.co.jp,normal.alexa,0
sonyalphalab.com,normal.alexa,0
1ruf1na1datz9aulib5vmfwgf2.biz,,1
lqxerkt.top,,1
wcbmgojeqleixtwxusjfxtp.ru,,1
1vsaqou4kxsenfkkuwl1r0qj7q.net,,1
otntexpdlorere.net,,1
watchlead.com,normal.alexa,0
sefvidablyhoosieraw.com,dga.banjori,1
ni-qua.com,normal.alexa,0
narang.com,normal.alexa,0
icgmcft.eu,,1
kkiste.to,normal.alexa,0
kobru.ru,normal.alexa,0
erikmeyersson.com,normal.alexa,0
rgetaedobeflashplay.net,,1
wnt3vb4edlxp1e3hxvvskkjl9.com,,1
kaogu.cn,normal.alexa,0
nickciske.com,normal.alexa,0
plantnutrition.sg,normal.alexa,0
roadcontrol.org.ua,normal.alexa,0
napzaindonesia.com,normal.alexa,0
dmmocfcfbcdaldka.co,,1
sanetta.de,normal.alexa,0
tjce.jus.br,normal.alexa,0
chatha.ir,normal.alexa,0
vfmxeybb.com,,1
dgehiucmzvkdyaehdcwcdsw.ru,,1
chuja.in,normal.alexa,0
yidogwphgdnbepgume.tw,,1
jsihzjxofekpuyez.com,,1
icnvedogeqhkk.to,dga.necurs,1
bdfclfffddmbdoab.com,,1
advantagelectureinterested.com,,1
sxyxnerfri.net,,1
epzbangladesh.org.bd,normal.alexa,0
tvunblock.com,normal.alexa,0
qwhmfyrglzppxwnfaukjciyppvkb.info,,1
mkfsv6ikd1t1dhds.info,,1
legzfordayz.com,normal.alexa,0
cefkffknbadbeodb.co.uk,,1
reklut.com,normal.alexa,0
eeedkwiyreew.com,,1
xiariboke.com,normal.alexa,0
wgxehuddidvo.com,,1
futouwmoivvmjbv.com,,1
pestanea24.blogspot.gr,normal.alexa,0
aisglass.com,normal.alexa,0
ffeflmcdfamfacnb.co,,1
wingytales.com,normal.alexa,0
lx3yi22yqf6gd8wq.org,,1
ballpairpracticeangerestimate.com,dga.matsnu,1
prosolutions.es,normal.alexa,0
mir.az,normal.alexa,0
aiswest.com,normal.alexa,0
ajabunorsxu.ru,,1
eeddbmcflcafcdcb.org,,1
teaforte.ro,normal.alexa,0
iuckukgoiccmcyyc.org,,1
gspcgroup.com,normal.alexa,0
driver4u.eu,normal.alexa,0
epzdcsegf.tv,,1
accmgr.com,normal.bambenek,0
bullethq.com,normal.alexa,0
virbacpets.com,normal.alexa,0
contentools.com.br,normal.alexa,0
goldfire.me,normal.alexa,0
smartappsforkids.com,normal.alexa,0
ahfxajw.com,,1
nihifunmlc.top,,1
vhkkmwrpaypgchkeyq.com,,1
chhmpmtqe.com,,1
xp7000.com,normal.alexa,0
techolaty.net,normal.alexa,0
empireonline.com,normal.alexa,0
81c167e0ba9398bb12283d63208402e9.org,,1
autovideos.com.br,normal.alexa,0
bbaaoadfdfadllbo.net,,1
smc59zkhrfxn23j.net,,1
password-depot.de,normal.alexa,0
rnrnbyplaywobb.com,dga.banjori,1
1jrtwfb3ajxkb.com,,1
jackkeller.net,normal.alexa,0
mdmucmetnefiduwzsnzi.com,,1
toast.com,normal.alexa,0
ntexplorertedo.net,,1
wsckowgkuckoskyg.org,dga.ramdo,1
doptor.org,normal.alexa,0
uswcxulss.work,,1
comobajar10kilosenunasemana.com,normal.alexa,0
sportnotizie24.it,normal.alexa,0
syzenvzldw.net,,1
dmwshvckjkbxjnnbqohwgugtsxc.org,,1
kkahmey.info,,1
eqbauhfi.ddns.net,,1
yz0sk5aorbmvr6ie.cn,,1
tcfcuinternetbanking.com,normal.alexa,0
topnonoje.ru,normal.alexa,0
tbaxererwyatanb.com,dga.banjori,1
xoqwfjgmsw.xyz,,1
argbmdinclm.top,,1
eflndlyjkgyxgo.xyz,,1
redaibj.net,,1
nwdrghdjqgs.ws,,1
growingkidsministry.com,normal.alexa,0
naturaleyecare.com,normal.alexa,0
ctulyjo6543xope.ddns.net,,1
xeajepyogqmcjtjfy.net,,1
zavstas.ru,normal.alexa,0
pict.com,normal.alexa,0
sftxbrlrvrbbuesx.eu,,1
hbpldd.com,,1
playergethadobeflas.co.uk,,1
xziysatformalisticirekb.com,dga.banjori,1
yejnrrssscqs.pw,,1
usnwdallhvsutlwt.eu,,1
treehousegiftandhome.com,normal.alexa,0
exdchk.net,,1
1r1qty1lrblq1f9dja61ftgiur.com,,1
themarketmantra.com,normal.alexa,0
pertaniansehat.com,normal.alexa,0
1cvt4ilbwcah7ivn55rnv06ee.org,,1
vdzifvnopu.cc,,1
vipmarathi.co,normal.alexa,0
nuilyxrwppbntwfkp.com,dga.ramnit,1
aphome.com,normal.alexa,0
iwdnwqdhk.com,dga.conficker,1
hamumoqh.ru,,1
aakuqcggaomcmmac.org,,1
fervilvon.com,normal.alexa,0
ar.krakow.pl,normal.alexa,0
cyclechat.net,normal.alexa,0
ldyaererwyatanb.com,dga.banjori,1
pbobdlcs5wkuurhahd.com,,1
canirwea.ru,,1
dune.ru,normal.alexa,0
onesmedia.com,normal.alexa,0
sitesubmiturl.com,normal.alexa,0
seldev.pl,normal.alexa,0
xctsggp.com,,1
bovidiwe.ru,dga.pushdo,1
1lxkcisxynd2x4js4p.ru,,1
aitoenzwctbm56.com,,1
mtmwotiwmtya.com,,1
ionuqnoevlrdse.pw,,1
nesote.com,normal.alexa,0
qslquspyegqmrev.info,,1
mmchxoql.com,,1
cblaabfefnbmdkmc.org,,1
cgconnected.com,normal.alexa,0
699bcbf80fb09c7675f6d1de6720806d.cz.cc,,1
1j1b68pt2bo8s1kjr2es10zb0qy.com,,1
nk-tv.com,normal.alexa,0
tuiplsxwlkxw.ac,dga.necurs,1
jbajtswlexszlui.com,,1
cicfobeo.ru,dga.pushdo,1
poapyuihye.com,,1
cmgww.com,normal.alexa,0
energiatrepuntozero.it,normal.alexa,0
l-bank.de,normal.alexa,0
tlgsvfstmjw61.com,,1
realgm.com,normal.alexa,0
qofenzqgditclgeqkkrhdaordqpv.ru,,1
kjtf38lyocdwfazbaa.ru,dga.rovnix,1
polosdo.com,normal.alexa,0
cagedforcostco.com,normal.alexa,0
esreciqaald.ddns.net,,1
utm.edu,normal.alexa,0
lindexed.com,normal.alexa,0
nxnana.com,,1
guidyy.com,normal.alexa,0
sjyst.net,normal.alexa,0
ergastirimorfes.gr,normal.alexa,0
gooivinskycattederifg.com,dga.banjori,1
wfdiaoqyqbembmgt.eu,,1
horroraccounttreetrustimpact.com,,1
thefwa.com,normal.alexa,0
nojotymi.info,,1
lhjgqecxfvfsnqyttqgdy.de,dga.necurs,1
uxktstqz.ru,,1
fbfz1pdbgnhvnqz33z.cn,,1
geeksoy.com,normal.alexa,0
debutart.com,normal.alexa,0
iaes.edu.mx,normal.alexa,0
corporatevisions.com,normal.alexa,0
gls-slovenia.com,normal.alexa,0
aerosoft-shop.com,normal.alexa,0
hand-planet.com,normal.alexa,0
m1pza83ywbzo4f9c.cn,,1
xxxdominicanonline.net,normal.alexa,0
rockby.net,normal.alexa,0
landgarten.at,normal.alexa,0
optionreactauthorhangmarry.com,,1
thestreetsnetwork.com.au,normal.alexa,0
parchance.fr,normal.alexa,0
obamawantwar.com,,1
kenh60.net,normal.alexa,0
eyqhuqgvchufidjnvheskpca.ru,,1
diqoinih.ddns.net,,1
mxoopdiicuvawer.org,,1
ndh.cn,normal.alexa,0
genevawatchgroup.com,normal.alexa,0
acrosscontinents.org,normal.alexa,0
uploadir.com,normal.alexa,0
dz4emploi.com,normal.alexa,0
helmi.fi,normal.alexa,0
zpdo561x45qqm1w0abulkywqgv.net,,1
catholic365.com,normal.alexa,0
jursrqujooog.net,dga.tinba,1
aoxiesk.eu,,1
cye.com.cn,normal.alexa,0
napovednik.com,normal.alexa,0
concur.nl,normal.alexa,0
masofef.info,,1
systimo.com,normal.alexa,0
castaldilighting.it,normal.alexa,0
frugalforeveryone.ca,normal.alexa,0
3bmlaj7ns2ef3vy2era85lq.ddns.net,,1
101x.com,normal.alexa,0
ehelp.com,normal.alexa,0
bafafa.com.br,normal.alexa,0
definitionsizerelievecomment.com,,1
health-net.or.jp,normal.alexa,0
drbakhsh.com,normal.alexa,0
h1h1.com,normal.alexa,0
trustzone.com,normal.alexa,0
uwxnduyipt.mooo.com,,1
wtm854a4udeb3joto6i.ddns.net,,1
vinotelia.com,normal.alexa,0
playergetadohbeflas.co.uk,,1
7msqyg1k9pimwd6js0v1j4fqtr.org,,1
macsa.com.tn,normal.alexa,0
jackdaniels.de,normal.alexa,0
kgpr.ir,normal.alexa,0
zdteoa.com,,1
qggodvsphmpwumsxw.cc,,1
wowtoys.com,normal.alexa,0
nrpwbgjp.biz,,1
mscar.by,normal.alexa,0
frieden.at,normal.alexa,0
studzona.com,normal.alexa,0
iumwkmiwsgcsiwkq.org,,1
jorlan.com,normal.alexa,0
addsbin.com,normal.alexa,0
orynkafmwcurrm.biz,,1
khanwars.it,normal.alexa,0
aqua-alarm.com,normal.alexa,0
beyond-media.at,normal.alexa,0
mshzellefrictionlessv.com,,1
poisklekarstv.com.ua,normal.alexa,0
dorama.info,normal.alexa,0
sanwebe.com,normal.alexa,0
justflowers.com,normal.alexa,0
sfhbkoesbf.com,,1
jcfdmkhdzbretvfim.com,,1
lafefbdalbddadmf.info,,1
smallchurchmusic.com,normal.alexa,0
qsittrh.net,,1
yasni.at,normal.alexa,0
invegasustenna.com,normal.alexa,0
ophisfd.eu,,1
domen-dla-kartinok.com,normal.alexa,0
bbfelnnfcffokfcf.website,,1
critdick.com,normal.alexa,0
blbfccedddlakkca.cc,,1
hjjnrcxvqn.com,,1
bakeboss.com.au,normal.alexa,0
ipqzdujd.com,,1
gclub.today,normal.alexa,0
hamanet.jp,normal.alexa,0
tsoftindia.com,normal.alexa,0
almasaronline.com,normal.alexa,0
uswmgyqyaimaueky.org,,1
gsenpdujiqkcjqjagcl.com,,1
forwardenter.net,,1
taiwanoil.org,normal.alexa,0
farsnews.com,normal.alexa,0
traditional2trendy.com,normal.alexa,0
cretesports.gr,normal.alexa,0
iajpounxjlkcp2.com,,1
19e7de6329dacf3b41c7582dd7fcb425.info,,1
fdmhjsw.eu,,1
r3fab498a028fdeededd6bdf452f9c4b04.ws,,1
qrwpwnepuu.com,,1
primeminister.kz,normal.alexa,0
tpnsytcahgeyhgmtkbjnbscaujr.com,,1
boon.pw,normal.alexa,0
epququoki.ddns.net,,1
0ysyk2oq0mce.net,,1
routinepracticepracticeconnect.com,,1
ba473be0ab83d91172b4e9dadfdb38a2.cz.cc,,1
peugeot.com.tw,normal.alexa,0
pvlcjd.org,,1
fitnessfriandises.fr,normal.alexa,0
ic12bo.it,normal.alexa,0
3tw6al1nkpy0oto.ddns.net,,1
passagemprogresso.com.br,normal.alexa,0
zhdxctdmivhfawcyscl.ru,,1
jlewrasildeafeninguvuc.com,dga.banjori,1
ajkyqtbayhaoidccujy.com,,1
uxqode.com,normal.alexa,0
marsadmasry.com,normal.alexa,0
1msh2y6ujt6zc25amnw1vtbpai.org,,1
ieuxigrrylryco.net,,1
3hule8qt1270qjgxcd1.ddns.net,,1
cxompgtihrmlhxl.com,dga.cryptolocker,1
129enerl5v6u91obl9um151whuc.org,,1
jbcanepa.com,normal.alexa,0
fiatpress.com,normal.alexa,0
thewebholics.com,normal.alexa,0
hbihoofujxwh.com,dga.tinba,1
6524290c3dfc75f31d786c6957424cba.info,,1
conceptionuniverselle.com,normal.alexa,0
pdfmanuales.com,normal.alexa,0
insanadeger.com,normal.alexa,0
jndoidablyhoosieraw.com,dga.banjori,1
puvel.eu,,1
fprgsemitismgavenuteq.com,dga.banjori,1
tvsuperstores.com,normal.alexa,0
her-calves-muscle-legs.com,normal.alexa,0
ylqbnmklyyfxwwpqoex.net,dga.qakbot,1
theweddingplannersindia.com,normal.alexa,0
abogados-empresa.com,normal.alexa,0
nzgirl.co.nz,normal.alexa,0
jbootunbeeev.ru,dga.tinba,1
wcjima.biz,,1
cornbmxhhhrc.com,,1
pageseo.pl,normal.alexa,0
grabagran.co.uk,normal.alexa,0
eurotopfoot.com,normal.alexa,0
ga0wel1svyy071xs8q1r50jzm1.net,,1
hefbcpwiphfi.com,,1
knsi.org,normal.alexa,0
qcharity.org,normal.alexa,0
sbnpykfjcxfeolvjm.cc,dga.ranbyus,1
bdkvdso.eu,,1
aekdfdfcockdkabn.org,,1
bwlsywhumcopnie.org,,1
u3bwwbtei3l.com,,1
clip.dn.ua,normal.alexa,0
mistakereadypartnerchallenge.com,,1
aatmanindia.com,normal.alexa,0
e-papa.ru,normal.alexa,0
kocafuxe.ru,,1
store-6taig58.mybigcommerce.com,normal.alexa,0
studioziveri.it,normal.alexa,0
yasugondx.no-ip.info,normal.alexa,0
rqoyshfrzk.com,,1
mtqwotiwmtya.org,,1
somrqkdtqlym.com,,1
mecanse.com.ar,normal.alexa,0
modelissimo.de,normal.alexa,0
1yzo3poszjoe1c3ldhx28bh8.net,,1
vxydqfgobnqven.me,,1
rosstucker.com,normal.alexa,0
gleanerclassifieds.com,normal.alexa,0
shopinfo.jp,normal.alexa,0
laexuon.dyndns.org,,1
allsortsdogrescue.org.uk,normal.alexa,0
kdziapank.com,,1
heaqaffu.ru,,1
cloudslept.net,,1
auction.co.jp,normal.alexa,0
lastown.com,normal.alexa,0
tbjbidxviqmc.net,,1
yutubum.com,normal.alexa,0
lkbcabencafodcda.eu,,1
akeniasmiuhpil.su,,1
coupontrendy.com,normal.alexa,0
smartbiz.be,normal.alexa,0
8t8x3vp6x8gczcyej4.cn,,1
6835918225208514297_c2a708116bf4887247e8e6ef4,normal.alexa,0
7o2k63ppqzwuba5zl7.biz,,1
irancoffea.ir,normal.alexa,0
otc-co.com,normal.alexa,0
ogrishforum.com,normal.alexa,0
anserfreak.ne.jp,normal.alexa,0
superbook.ag,normal.alexa,0
relisted.com,normal.alexa,0
gahyqez.info,,1
teambuildingph.net,normal.alexa,0
usaalwayswar.com,,1
el.kz,normal.alexa,0
nlffebbmcgss.com,dga.ramnit,1
qa9eszjsbui9x.net,,1
6qn3hunys1nhcq68et.cn,,1
public-dns.tk,normal.alexa,0
ylkbpbhugoyzxybkq.net,,1
cddxalxrbqn.net,,1
ukknxemtkttsgamindqijprzxonlz.ru,,1
vohvdpvcoqxnwvvvsne.ga,,1
ceojotoxofalbz.com,,1
lrlxedqf.com,,1
repairmobile.ru,normal.alexa,0
moneybies.com,normal.alexa,0
rb-irg.de,normal.alexa,0
swinpintin.com,,1
l2-news.com,normal.alexa,0
nucddqrfkpwtb.work,,1
cekuiwuqegoawcyw.org,,1
thegioivatgia.com,normal.alexa,0
iwfxyhab.com,,1
xphgellefrictionlessv.com,,1
p2pool.org,normal.alexa,0
w6uds2itgjatkncdqdepgjm.ddns.net,,1
igniteui.com,normal.alexa,0
shoulderbringdiscussreward.com,dga.matsnu,1
xpdbwuimwag.yi.org,,1
m6osx3gl97rc1i1rh5i1e37wv8.net,,1
egyivdtajfbymqkd.eu,,1
beautyedu.edu.au,normal.alexa,0
imesh.com,normal.alexa,0
blogdiario.com,normal.alexa,0
ghanasportsonline.com,normal.alexa,0
ducutoff2015-16.in,normal.alexa,0
ztcxtkfkkrj6.com,,1
iww0zlr01b3gfmyk.net,,1
scwwxdirqvj.info,,1
nqjczuupogawpkwvvf.biz,,1
rxjqzafoqrej.com,,1
klintsy.ru,normal.alexa,0
jplwuqrx.net,,1
b24812f97f494ce3c375ac7e9f3cb8066a.so,,1
1ypn3r0bu0hzq11fmv9c18z6igi.biz,,1
ashplaylergetadobef.net,,1
novocert.ru,normal.alexa,0
touchstonemag.com,normal.alexa,0
cjc2mdevkbmxox1tylelufq.ddns.net,,1
oamtpjhixqktqdp.co.uk,dga.cryptolocker,1
identrust.com,normal.alexa,0
ibshipoyxdcavkfelmztkjf.ru,,1
epamhellas.gr,normal.alexa,0
luggagebase.com,normal.alexa,0
ns1.dnsfor13.biz,,1
findyourrooms.com,normal.alexa,0
positive-parents.org,normal.alexa,0
zdlbiologistbikerepil.com,dga.banjori,1
elsgisetblahletbxy.mn,,1
9carthai.com,normal.alexa,0
kredietpartner.be,normal.alexa,0
legwftzji.se,,1
tynldouat.com,,1
itzehoer.de,normal.alexa,0
sirant-auto.com,normal.alexa,0
mystarcraft.kr,normal.alexa,0
floralsandsmiles.blogspot.it,normal.alexa,0
bajudwji.top,,1
internetiturundus.ee,normal.alexa,0
prensalibre.com,normal.alexa,0
jxefmgv.net,,1
kbvmxwjxtvncddaiyb.com,,1
yjedpeexyloo.ru,dga.tinba,1
zgrutwtilu.ru,,1
eludpmuthrtmcdp.info,,1
kiralikaraba.biz,normal.alexa,0
buzzvil.com,normal.alexa,0
ghefcddspfcd.com,,1
iksjxihh.com,,1
w3dictionary.org,normal.alexa,0
leasucaf.ru,,1
ncbr.com.au,normal.alexa,0
rskaz1.blogspot.com,normal.alexa,0
yoprops.com,normal.alexa,0
hcjymrrhilfw.xyz,,1
bizportal.co.il,normal.alexa,0
z960d6fd1dda9c4b68905aa9e3ee68dd57.ws,,1
mnzmykpodssbtfpw.com,,1
gersdorf-shop.de,normal.alexa,0
61166.com,normal.alexa,0
npfe.ru,normal.alexa,0
southhunt.net,,1
adviceperu.com,normal.alexa,0
hangonimages.com,normal.alexa,0
oihfgytakd.com,,1
estorsensinaix.com,,1
xxzvrasildeafeninguvuc.com,dga.banjori,1
cvr-nu.ru,normal.alexa,0
guerrasposmodernas.com,normal.alexa,0
airlines-manager.com,normal.alexa,0
bhlyvkbfl.com,,1
cts4o2it7birghojw8c.ddns.net,,1
quieneschemabarboza.com,normal.alexa,0
seesparkbox.com,normal.alexa,0
aexoiys.cn,,1
tdfqsctgsqoqxsmc.com,,1
valtech.com,normal.alexa,0
clabelardo.in,normal.alexa,0
uvv.br,normal.alexa,0
ashiyane.org,normal.alexa,0
idn500.ru,normal.alexa,0
wachapikchaid91.com,,1
zcekyvszdphcrhghuss.net,,1
elaroba.net,normal.alexa,0
gsncdoxwaqq.biz,,1
wletova2c0o8cd5.ddns.net,,1
erepublic.com,normal.alexa,0
himhkyghihmxos.com,,1
trakx69.com,normal.alexa,0
lucamalimusavirlik.com,normal.alexa,0
theholyjava.wordpress.com,normal.alexa,0
axiatel.com,normal.alexa,0
yicjghlqdhpg.com,dga.tinba,1
plxeyaja.com,,1
work-day.co.uk,normal.alexa,0
handybrands.ru,normal.alexa,0
tijodouga.net,normal.alexa,0
ugvhkma.org,,1
vreme.us,normal.alexa,0
accbfdlcoakbefml.com,,1
elityavru.com,normal.alexa,0
ugresh.ru,normal.alexa,0
ayudante.jp,normal.alexa,0
yamashitahideko.com,normal.alexa,0
lkbufj.com,,1
insites.eu,normal.alexa,0
pq4sfl1al5eb46yo6q61sqm7nr.org,,1
caracas.gob.ve,normal.alexa,0
jemako-shop.com,normal.alexa,0
unlockroot.com,normal.alexa,0
qxptjjrkwnapr.co.uk,,1
reliefindiatrust.org,normal.alexa,0
protex.com,normal.alexa,0
ukzdsikathrinezad.com,,1
oyvqcyw.info,,1
icjlyv.net,,1
ofysjlygnoyric.cc,,1
magazin-tabloid.com,normal.alexa,0
darsi20.ir,normal.alexa,0
meraj.sk,normal.alexa,0
3cf6865c50c662ba46e6563f9a53fb09.cz.cc,,1
workaholics4hire.com,normal.alexa,0
pobnwjhhi.cn,,1
hallels.com,normal.alexa,0
tasorugugigoes.ddns.net,,1
lw7jiz70bs0xjvzohtvyyvs9.net,,1
codekicker.de,normal.alexa,0
iof.org.sa,normal.alexa,0
battery-industry.ru,normal.alexa,0
jzatzb.com,,1
zfwtgqxihnj.net,,1
xaftdwovbbtvt.com,,1
iqgwmkswqawowqqm.org,,1
xgnlsdnmhj.info,,1
vehiclehabitholepackevidence.com,dga.matsnu,1
opusdei.it,normal.alexa,0
ppc.go.jp,normal.alexa,0
liveandworkwell.com,normal.alexa,0
nalitmtmdqohfs.info,,1
cmckqmkawg.com,,1
cls-design.com,normal.alexa,0
topnudegalleries.com,normal.alexa,0
npdumpl.net,,1
nudist-fun.info,normal.alexa,0
taladtours.com,normal.alexa,0
glenhydadgmaoqbe.eu,,1
hleridablyhoosieraw.com,dga.banjori,1
phoenixchildrens.com,normal.alexa,0
emergencydiscoverbandparent.com,,1
whoads.net,normal.alexa,0
aristar.ru,normal.alexa,0
christopheruniversity.edu.ng,normal.alexa,0
voetbalzone.nl,normal.alexa,0
calculadora.net,normal.alexa,0
bmhhgrsterfu.com,dga.tinba,1
1ps.ru,normal.alexa,0
monterosa-ski.com,normal.alexa,0
yaqwksmagigsuuks.org,,1
matthewsdiehl.com,normal.alexa,0
ns1.dnsfor6.net,,1
pdrtalitydevonianizuwb.com,,1
kdcbwvehop.top,,1
dlpirnfvjbdd.com,,1
cnydtoxasduxjcrlb.su,,1
vianica.com,normal.alexa,0
airwars.com.ua,normal.alexa,0
nagap.net,normal.alexa,0
vicvyitgb.org,,1
nrayytydukorshqvclzpbmgauw.ru,,1
e-statement.com,normal.alexa,0
xqwtborq.com,,1
movin.co.jp,normal.alexa,0
thewebsiteofeverything.com,normal.alexa,0
greenoliveland.com,normal.alexa,0
melaniecasey.com,normal.alexa,0
mbdbixwqsxchqrkeuuotkxchxghask.biz,,1
kmswnzywgq.net,,1
metrosfer.com,normal.alexa,0
profoto.com.mx,normal.alexa,0
johnpohn.pw,normal.alexa,0
cppqrsooppsr.xyz,,1
gap98.com,normal.alexa,0
aventineminiatures.co.uk,normal.alexa,0
isotropic.org,normal.alexa,0
guido.be,normal.alexa,0
ergetadobeflayshpla.net,,1
skullappreciationsociety.com,normal.alexa,0
upn164.edu.mx,normal.alexa,0
happybirthdaytoyou.com,normal.alexa,0
yourairlinebooking.com,normal.alexa,0
yamashin-grp.co.jp,normal.alexa,0
tinngan.vn,normal.alexa,0
marrygent.ru,normal.alexa,0
macnica.net,normal.alexa,0
adtgeivrxhklpgboi.pw,,1
mon-enfant.fr,normal.alexa,0
ipilepevweuxqie.ddns.net,,1
skmmiiggyoaumsea.org,,1
eshopng.net,normal.alexa,0
sakana-comic.com,normal.alexa,0
crediblebh.com,normal.alexa,0
mycostumes.de,normal.alexa,0
simplyconvivial.com,normal.alexa,0
ulsxgytpr.com,,1
iliveindallas.com,normal.alexa,0
mohtavaonline.ir,normal.alexa,0
1bqcqrmkm606y1ezkp351pt5qwk.com,,1
bahisloca.com,normal.alexa,0
jacktu.tk,normal.alexa,0
sthuecjsnjdmmanq.eu,,1
radiancetourism.com,normal.alexa,0
rhgr6htwktz4lbmgaj.com,,1
meine-krankenkasse.de,normal.alexa,0
gqmugksyscwcmswi.org,,1
authen2cate.com,normal.alexa,0
companylist.ae,normal.alexa,0
prestoexperts.com,normal.alexa,0
sciencecourseware.com,normal.alexa,0
preghierepotenti.blogspot.com.es,normal.alexa,0
66cruises.com,normal.alexa,0
book-life.blog.163.com,normal.alexa,0
neobuxcontrol.tk,normal.alexa,0
njbhejb.info,,1
gpjnhwkeixvc.co.uk,dga.cryptolocker,1
robohead.com,normal.alexa,0
honey.ch,normal.alexa,0
pirate-parfum.com,normal.alexa,0
martingarrix.com,normal.alexa,0
wodildok.ru,dga.pushdo,1
gotolfbz.com,normal.alexa,0
spectranet.in,normal.alexa,0
advtrader.it,normal.alexa,0
withinthrown.net,,1
5enc9mvg1m7k.net,,1
qmhnbhiqaggadhvpmd.biz,,1
difficultabove.net,,1
filmtrackonline.com,normal.alexa,0
e32d94255928fc634445c357d86b4213.co.cc,,1
grpwgksmvpxbbo.cc,,1
educat1x1.cat,normal.alexa,0
1wcrzmq2grjmcpb9.com,,1
mkt360.eu,normal.alexa,0
vfyiwxqsjrf5k.com,,1
sonicpanel.com,normal.alexa,0
shane.co.jp,normal.alexa,0
eroticamente.net,normal.alexa,0
ojdpgesposxecqnla.tw,,1
cookaroo.in,normal.alexa,0
hnbeqijpvvovvfyivegmypwvo.ru,,1
38xo4m68jo3iijcdfcefzc2.biz,,1
hplayergestadobefla.net,,1
brueckenkopf-online.com,normal.alexa,0
browsersafeguard.com,normal.alexa,0
15rtumy13w3uq25hlgce1c67jhg.org,,1
dinerogenerado.com,normal.alexa,0
ljhollowayphotography.com,normal.alexa,0
digicity.vn,normal.alexa,0
jzdvanerraticallyqozaw.com,dga.banjori,1
vundifhsefbgsqa2c.com,,1
gihipdpmjbefamrpkbwypzlfe.ru,,1
lenty.ru,normal.alexa,0
newslettershindustan.com,normal.alexa,0
hqjmxwmusph.com,,1
printwild.co.za,normal.alexa,0
visualtising.com,normal.alexa,0
vkxdetsvroiyxkn.com,,1
14wa72y1a4sr1h1fwbq8koedgqo.com,,1
g3b5qd1vg8nxwps8l64n132za.net,,1
48jnct17lyqah4wlobvemh5l.com,,1
nttprov.go.id,normal.alexa,0
ilupzzqixonsjhrw.com,,1
bjqccede.org,,1
regatulunit.com,normal.alexa,0
iskperionirkutskagl.com,dga.banjori,1
lovesms.mobi,normal.alexa,0
bo3p7ql9cag8ti9wzov5qhlk.com,,1
sendcleansoft.net,normal.alexa,0
iqgksoiaeeuquyku.org,,1
infellowship.com,normal.alexa,0
zumaoffice.com,normal.alexa,0
fkh2vohq70lq.org,,1
xjvjestnessbiophysicalohax.com,,1
buffercode.in,normal.alexa,0
professorreserverefusetree.com,dga.matsnu,1
testosteronasports.blog.br,normal.alexa,0
itrxwtdnoe.net,,1
arrowclix.com,normal.alexa,0
plaholi.com,normal.alexa,0
78gasd.com,normal.alexa,0
avnoihasbuesa.ddns.net,,1
sosozhe.com,normal.alexa,0
ubqxcoluc.net,,1
aaaywuoyeggycwgm.org,,1
birthislandmakeorganizeschedule.com,,1
kynanggame.edu.vn,normal.alexa,0
av.by,normal.alexa,0
katenorthrup.com,normal.alexa,0
uqtfamentalistfanchonut.com,,1
chumontreal.qc.ca,normal.alexa,0
kzmqwfnq.net,,1
fvykhyziffyk.net,,1
xkusjjo.org,,1
gqztlxleagcay.com,,1
odiamusic.in,normal.alexa,0
baillyjulien.com,normal.alexa,0
highcash.org,normal.alexa,0
tramontina.com,normal.alexa,0
lytyicrge.dynserv.com,,1
amnlsagabardinedazyx.com,,1
v982f72457f0d03375b73c8f54cb9f12b3.cn,,1
fozrirmi.ru,dga.pushdo,1
macma.pl,normal.alexa,0
iuiwqmmgekioiwyg.org,,1
ohtsuka-f.com,normal.alexa,0
iom0yoisisec.net,,1
manatelanganaa.in,normal.alexa,0
irihtznd2s.com,,1
zncursensinaix.com,dga.banjori,1
forumtrenuri.com,normal.alexa,0
rociomontoya.com,normal.alexa,0
iueksuokkciyqqsi.org,,1
firezza.com,normal.alexa,0
h3b4dcc6fc4f1e1c21b11b2f2ea5c18483.cn,,1
eyblkguiwcymao.biz,,1
pxmajxosaebncoyy.eu,,1
qequtop.info,,1
6qqcb1481y6h1u49r45qdo1lx.com,,1
seomanre.ru,,1
elgoldfish.com,normal.alexa,0
johngreenbooks.com,normal.alexa,0
ceoblognation.com,normal.alexa,0
gaflatsa.ru,,1
umakeiba.com,normal.alexa,0
birdshop.jp,normal.alexa,0
webfindonline.com,normal.alexa,0
sexweighconsiderinvestigate.com,,1
winpow.com,normal.alexa,0
mpuxtwfepdwmlpku.tj,,1
mtbproject.com,normal.alexa,0
shindiristudio.com,normal.alexa,0
oauaitvtdy.com,,1
7g5ijs92f8tm.com,,1
tourismeloiret.com,normal.alexa,0
uswings.com,normal.alexa,0
gqndevsfrtkqnmuv.org,,1
jy61x1po6at7lw.ddns.net,,1
ignitepoint.com,normal.alexa,0
excitemental.com,normal.alexa,0
codeitrightonline.com,normal.alexa,0
r228128fd387bff1149f9681ce1e68fc96.cn,,1
healthayush.blogspot.in,normal.alexa,0
dqpovhz.com,,1
gardenshedcd.com,normal.alexa,0
qksioqmicgokkqsm.org,,1
kjurnbcmmw.com,,1
zahwfsvulc.ru,,1
rmkrzitnvlkklii.org,,1
gqmiaeicqmqciqmo.org,,1
phannha.net,normal.alexa,0
shikshanjagat.in,normal.alexa,0
causereadypacesupposeprint.com,dga.matsnu,1
d3wynightunr0lls.wordpress.com,normal.alexa,0
u8p3o3aouqna19g4se91hns6x9.net,,1
xbdaxzkt.org,,1
optionsmegastore.com,normal.alexa,0
riddenstorm.ru,,1
msarticles.in,normal.alexa,0
vms.de,normal.alexa,0
opynk9ijode7.net,,1
gatazabe.info,,1
yucnrkbubmswjspzthcadpvlz.org,,1
qpshcpwvu.ru,,1
persun.fr,normal.alexa,0
yopdsemitismgavenuteq.com,,1
bluebanana.com,normal.alexa,0
ns1.backdates3.net,,1
fideliacasa.ro,normal.alexa,0
xnjyanerraticallyqozaw.com,,1
nxbuyiitnfn.org,,1
christobelethelbert.net,,1
jlnnvdxuhord.net,,1
ceoanae.info,,1
cellinnov.com,normal.alexa,0
ryhan.eu,,1
vwnawpuhflwwi.org,,1
vitae.ac.uk,normal.alexa,0
equalunder.net,,1
qimfskilrtyw9i.com,,1
febest.eu,normal.alexa,0
ping.com,normal.alexa,0
jkljcciwdssocjmn.eu,,1
xn--sim-7c4bv91th1mp9do55h.net,normal.alexa,0
makemobi.net,normal.alexa,0
cdrtxoasyjwzuqlgpx.com,,1
justshortstay.com,normal.alexa,0
xxxmovz.net,normal.alexa,0
wvvwac.com,,1
1u1gq9kf787ya1nq9ac1okkik3.org,,1
mmyyphcmhdeqbiky.biz,,1
eypdmen.com,dga.banjori,1
cxkhfzyqixnq.com,,1
jkkvyxsbqecf.com,,1
pz87u9dqzvu9cm7iovo5wsug.org,,1
dgftebrc.nic.in,normal.alexa,0
unwinnable.com,normal.alexa,0
k12.com.cn,normal.alexa,0
mrtower.ru,normal.alexa,0
knopmqv4cvl4.net,,1
kdbstartup.or.kr,normal.alexa,0
lbqmuskocjikrfcmtxifs.bz,,1
xnxx-free.com,normal.alexa,0
gamenivora.com,normal.alexa,0
rpxbqyscandaxwiw.eu,,1
zhf52v1n9dvcr1x7tm5eeemp0h.net,,1
huntmads.com,normal.alexa,0
djkaptwmdhcylpnat.click,,1
redspot.tv,normal.alexa,0
bebesetmamans.com,normal.alexa,0
h8e8fccd97e870a5d3d7e8c63983eb13c8.ws,,1
qshiealclcg.info,,1
365.com,normal.alexa,0
ogaoegagkiwgsggu.org,,1
2037834f3920d4ec795178ecc7a97d32.info,,1
touch4biz.com,normal.alexa,0
ergetadobeyflashpla.co.uk,,1
revistadacerveja.com.br,normal.alexa,0
utahihsniti.ru,,1
1mrwig911j7o2duvo4tf88yuim.net,dga.post,1
whopostthis.com,normal.alexa,0
essure.com,normal.alexa,0
seeratesonpaydayloans.com,normal.alexa,0
vodafone.com.mt,normal.alexa,0
fengdu100.com,normal.alexa,0
codensa.com.co,normal.alexa,0
quintelligence.com,normal.bambenek,0
freeonlinemahjonggames.net,normal.alexa,0
wolfpropiedades.com.ar,normal.alexa,0
livetrack24.com,normal.alexa,0
qsnekui.info,,1
gerqutrbnxttv.ru,,1
hyermpyiel.info,,1
mscepftshmafumvg.eu,,1
panasonic.co.nz,normal.alexa,0
kapanet.gr,normal.alexa,0
oyttwuyshcgxxaenbit.com,,1
spiegel.tech,normal.alexa,0
royal-cash.com,normal.alexa,0
rxqjujybfvbr.org,,1
khwnklopibo.org,,1
tallinksilja.fi,normal.alexa,0
wzayef-alahram.blogspot.com,normal.alexa,0
eb3fwtaparoxi4kn7nwlwn7.ddns.net,,1
qpmcnlyipsas.info,,1
xplaner.com,normal.alexa,0
lashfplayergetadobe.net,,1
hrh212onix5lo7bx.com,,1
tbn.org,normal.alexa,0
lmbydozmnm.top,,1
zuayrajpuip.org,,1
ywcimnoycx.com,,1
url-x.net,normal.alexa,0
ifbbcksrrrbf.pw,,1
96446365ef0d2abb7b449c14c25cc0e8.co.cc,,1
brosupps.com,normal.alexa,0
jzltngtetef.info,,1
kxbncqrkqjt9v.com,,1
cespt.gob.mx,normal.alexa,0
seelotus.com,normal.alexa,0
ylatlfrusugkblkxifzlibscx.biz,,1
abercrombie.com.tw,normal.alexa,0
ktccihhswyramz.com,,1
edujgzyd.org,,1
whiteoakarmament.com,normal.alexa,0
criminalattorneymiami.net,normal.alexa,0
32pag.es,normal.alexa,0
limruwmvdexajd.me,,1
ooqsilzltonzrrur.biz,,1
kropshyibyfsdw.co.uk,,1
vmlarmbkzqb.top,,1
futboliatv.com,normal.alexa,0
awadu.net,normal.alexa,0
xn----ctbgbadcrc0crfa1a.xn--p1ai,normal.alexa,0
guppeilo.ru,dga.pushdo,1
kmall24.com,normal.alexa,0
pet-happy.jp,normal.alexa,0
3fwb5nstkhebcb3tsn1pqhi.ddns.net,,1
wmk2wtqp1ygllnhbpy.net,,1
goodpdf.eu,normal.alexa,0
kdhpxp.com,,1
bannerflow.com,normal.alexa,0
suckhoechocanha.com,normal.alexa,0
noticiasextremasbr.com,normal.alexa,0
ehw2exc8e8g81h5vqvo.ddns.net,,1
caesarscentre.com,normal.alexa,0
igvpbmlgaindzthadbetklbdy.net,,1
blueislands.com,normal.alexa,0
hqooyyroxox.org,,1
vkqwfxyjywyekuhyu.com,,1
eng9incxi3sx.org,,1
shengjingbank.com.cn,normal.alexa,0
lvrkhuatgjruwukytghzhzijdi.ru,,1
fe6b9ef68a83435ee38d518c042cec816c.ws,,1
windsorpeak.com,normal.alexa,0
jembutprediction.info,normal.alexa,0
nashestvie.ru,normal.alexa,0
20minutos.tv,normal.alexa,0
newfilestor.com,normal.alexa,0
ctkgbt.com,,1
in-lohmar.de,normal.alexa,0
3ity1vbp9a2a8wt7.org,,1
ns1.dnsfor0.org,,1
fcecebmdklalkacl.com,,1
virartech.ru,normal.alexa,0
75a20c27016dbf4114095484921aa094.cz.cc,,1
17lvdgz1bo3g7l1pm2khyatf6dc.com,,1
kaithai.com,normal.alexa,0
k1k2k3.com,normal.alexa,0
ehcqpudyrkktsmapm.com,,1
thegamecrafter.com,normal.alexa,0
s3pftj3d3llr5d11bl1fpcmln.biz,,1
cascadecu.org,normal.alexa,0
dqrwlazclu7w.net,,1
cssjunction.com,normal.alexa,0
loire.fr,normal.alexa,0
angerprogressfightresult.com,,1
ywmwokyqomcomiuw.org,dga.ramdo,1
ciprsxyhcmnboswnbduhibuwodr.ru,,1
rzecznikprasowy.pl,normal.alexa,0
sufferdifference.ru,,1
1195ong10hw5ddutg1hi21lcps.net,,1
cmkgelpqnfmymprcl.com,,1
siemens.com.tr,normal.alexa,0
ducea.com,normal.alexa,0
webantena.net,normal.alexa,0
ekmuyrjkigsauc.com,,1
100raz.com,normal.alexa,0
juegosjuegos.asia,normal.alexa,0
se389c336e502fb4db8fc869534d6adeb4.to,,1
cm9yasz9gqtu.com,,1
gugwllaabettingk.com,dga.banjori,1
lyfk9mf4d678.net,,1
farmaventas.es,normal.alexa,0
aaibkbnkncaxyjiph.net,,1
ciymgq.com,,1
lozqiduc.ru,,1
hebpa.net,normal.alexa,0
skjbipfqfqdojlfamwsugmnsmp.ru,,1
mento.ir,normal.alexa,0
vclprfuordkprdwj.eu,,1
elliniki-gnomi.eu,normal.alexa,0
jmfurlott.com,normal.alexa,0
stauer.com,normal.alexa,0
easyriser.fr,normal.alexa,0
bbo5ymgzpi3f1wdyaocb5czm.org,,1
idesigntimes.com,normal.alexa,0
2qg0js10wxr363tmx8u1fb0efc.biz,,1
glassanimal.net,,1
artwolfe.com,normal.alexa,0
iuqwmicskumaewyi.org,dga.ramdo,1
testeurzenfoneselfie.fr,normal.alexa,0
appi.org,normal.alexa,0
eltwhed.com,normal.alexa,0
iqogoecoqgkywuoq.org,,1
n7nk2rz9gfdco6nm.net,,1
ummeaqom.ddns.net,,1
ophtalmologie.fr,normal.alexa,0
sarkariresults.info,normal.alexa,0
idmonitoringservice.com,normal.alexa,0
ovofvefeero.ddns.net,,1
kredit-v-russia.ru,normal.alexa,0
univ-lr.fr,normal.alexa,0
mnliteracy.org,normal.alexa,0
j0372d04945b6916b4038ea9c5c4f1379b.in,dga.dyre,1
emkqacwoegugaiea.org,,1
bladeandsoultr.com,normal.alexa,0
railscot.co.uk,normal.alexa,0
fadnbmaablalclko.com,,1
iyvsdajlrpvei.com,,1
filmsdivision.org,normal.alexa,0
pulse.com.ng,normal.alexa,0
hajqfbjtauv3.com,,1
youm-1.com,normal.alexa,0
fgqeldjiyge.com,,1
euroloan.fi,normal.alexa,0
zljfyqsdythmxhugequwaymnwo.com,,1
1rautw92hhfcs1wpp5d61ff4p6.net,,1
tyrotann.pw,,1
brothershelteroughtsortprofile.com,,1
momhui.com,normal.alexa,0
refov.net,normal.alexa,0
sexybombergirl.blogspot.com,normal.alexa,0
1ck6g6h1tnd8m75t9781qhmllv.net,,1
michelinman.com,normal.alexa,0
tarihportali.org,normal.alexa,0
pinellascounty.org,normal.alexa,0
53su5hiqf6yz9ypj.org,,1
bakytpfsnnfsggt.biz,,1
partnerwithconnie.info,normal.alexa,0
movembed.com,normal.alexa,0
kw5banikkxbdfbzbm3.com,,1
sesisenaisp.org.br,normal.alexa,0
momspornvideos.com,normal.alexa,0
mekarsari.com,normal.alexa,0
nliwgnlnhwdccqkt.eu,,1
optimove.com,normal.alexa,0
chefkthlydxx.com,,1
rsct.ir,normal.alexa,0
vera.com.uy,normal.alexa,0
y79nsf1lakizo13kis7uls402q.net,,1
benugo.com,normal.alexa,0
eerstehulpbijrecht.nl,normal.alexa,0
panamajack.es,normal.alexa,0
ahml.info,normal.alexa,0
s548c6c0956884ae3dff16a50e985ef093.hk,,1
mnsretq.org,,1
ventures.dk,normal.alexa,0
cmmrbedefehicycpnzhlypoz.ru,,1
ouqj6qynuwixsqv63g.biz,dga.rovnix,1
jmmpa.jp,normal.alexa,0
1orbifg17w9o1s180iligq0rxhz.com,dga.post,1
rtvnoord.nl,normal.alexa,0
klase.lt,normal.alexa,0
supereverything.gr,normal.alexa,0
public.lu,normal.alexa,0
arv3yelabpo5soebv7.com,,1
myaudencianetwork.com,normal.alexa,0
yuihwovki.dyndns.org,,1
maxonofuvav.eu,,1
xmwvjqxpxfknlkedw.su,,1
e716559ee607aa0ccb1532d00c5f03ea26.hk,,1
truevaping.ru,normal.alexa,0
qixoqrak.ru,,1
1mift9ot9qt0tv385jbsrfilg.org,,1
neideoso.ru,,1
priceza.com,normal.alexa,0
donorfirst.org,normal.alexa,0
logicsgames.com,normal.alexa,0
madirish.net,normal.alexa,0
iwi4i4u06sqw.top,,1
qagoancorml.com,dga.banjori,1
dcuniverseonline.com,normal.alexa,0
traveltourismdirectory.info,normal.alexa,0
skyland.ru,normal.alexa,0
myloancare.in,normal.alexa,0
kenh7.vn,normal.alexa,0
jietime.com,normal.alexa,0
examplewinuseinstallshelter.com,dga.matsnu,1
core-vps.lv,normal.alexa,0
biologikaorganikaproionta.com,normal.alexa,0
babyhazelgames.pk,normal.alexa,0
addlbbafcnkaocbb.com,,1
unibe.ch,normal.alexa,0
wwqwecigeawcgwqy.org,dga.ramdo,1
idw-online.de,normal.alexa,0
dommaster.su,normal.alexa,0
c878y2erk8sh1x12gho.ddns.net,,1
triviacountry.com,normal.alexa,0
cortosporno.com,normal.alexa,0
cgosweim.org,,1
cruiseaway.com.au,normal.alexa,0
sxrsriunloviqqsr.net,,1
totalphase.com,normal.alexa,0
xdnodznlxei.yi.org,,1
bypqdgpmb.ru,,1
islam-deutschland.info,normal.alexa,0
6g5luw1153nao1jwysku1hkqc6j.com,,1
abcbiznes.ru,normal.alexa,0
ineter.gob.ni,normal.alexa,0
bumfpzhyugpuokjsvgvoaeht.ru,,1
onipdtbvifog.com,,1
staffsolutionsinc.com,normal.alexa,0
luhmhixmhsv.ru,,1
mgvobstbh.net,,1
acebit.com,normal.alexa,0
jniosh.go.jp,normal.alexa,0
kvdeztgqhmpqwhiytculdxlb.ru,,1
xrbmpqlbpfsibn.com,,1
fishtext.com,normal.alexa,0
beiterooz.ir,normal.alexa,0
kqtisagabardinedazyx.com,,1
tnrohkn.com,,1
lnyysatformalisticirekb.com,dga.banjori,1
a-agregat.ru,normal.alexa,0
dysintropi.me,normal.alexa,0
ekbsuanlovywchky.eu,,1
ukkgenhancedysb.com,,1
aqumudosars.ddns.net,,1
i7af1d1aac63f06a5f770a025372b4ca9b.cc,,1
bmfinygwujlgsn.cc,,1
btpnxlsfdqbhzazyx.net,,1
avwixgebfjg.ru,,1
amren.com,normal.alexa,0
igicsatformalisticirekb.com,,1
jbsfsesncyolluhfw.net,,1
mindtree.com,normal.alexa,0
tifmember.com,normal.alexa,0
adstage.io,normal.alexa,0
regal.jp,normal.alexa,0
seanwes.com,normal.alexa,0
shopavc.com,normal.alexa,0
magens.cl,normal.alexa,0
slanceviy-glas.livejournal.com,normal.alexa,0
gsbjqimqkgsio.info,,1
hdalfvhnmu.mooo.com,,1
lzlkhxfakzazu.net,,1
cineaste.co.kr,normal.alexa,0
pqgjtqais.com,,1
gamet.eu,normal.alexa,0
usadserver.com,normal.bambenek,0
idgbyhgfsh.com,,1
iowynsiugkeq.net,,1
hlpcjl.info,,1
cfqioegxnyqqftjpw.com,,1
ygwpplefrostbitecycz.com,dga.banjori,1
gryvhfuyxwfm.org,,1
joshfeuerstein.com,normal.alexa,0
ticket4u.in,normal.alexa,0
stirilocale24h.ro,normal.alexa,0
nrnvvgrtgiu.com,,1
flyercity.ca,normal.alexa,0
tiqfcxymgrophxrk.org,,1
clockpensionconfirmracelunch.com,,1
ipsthemes.com,normal.alexa,0
arcondicionadorj.com,normal.alexa,0
texploreredont.info,,1
hcidhaka.gov.in,normal.alexa,0
eqoqfordlinnetavox.com,dga.banjori,1
justworks.com,normal.alexa,0
login2loans.com,normal.alexa,0
opwqif.com,,1
ilqkugyqvaetigp.co,,1
installfarm.com,normal.bambenek,0
wldduvshtfms.net,,1
ofktqxabsjgbpkjsunywpfug.net,,1
ooogsaxqvovlja.ru,,1
abc4web.net,normal.alexa,0
fhmxjfprsgsrgscqcpvprpvhmkj.ru,,1
nutrition53.com,normal.alexa,0
kkdrb.co.kr,normal.alexa,0
forwardalways.net,dga.suppobox,1
hdtlleasuredehydratorysagp.com,,1
detelefoongids.nl,normal.alexa,0
e7wtujsxqfg5.org,,1
coop.se,normal.alexa,0
swplevkginvbqyyj.eu,,1
damandeh.com,normal.alexa,0
planetacurioso.com,normal.alexa,0
i3em3woiz2fn723vtd.com,,1
suburbancollection.com,normal.alexa,0
k4eaca5c6d3331d09b377ff75b92e424d3.tk,,1
upskilled.edu.au,normal.alexa,0
bellavitainpuglia.net,normal.alexa,0
com-onlineshop.com,normal.alexa,0
10r6exwd872knfu183co1rc76.org,,1
ltkrjzplxlgxkupiu.com,,1
ostrakuchnia.pl,normal.alexa,0
laughteronlineuniversity.com,normal.alexa,0
5if49a3c5a38.com,,1
dnainternet.net,normal.alexa,0
polypipe.com,normal.alexa,0
magnumserbia.rs,normal.alexa,0
mdqwotiwmtya.net,,1
jxtkvncp.com,dga.ramnit,1
protestants.org,normal.alexa,0
steelkittens.com,normal.alexa,0
dokqodug.ru,,1
stroy-mebel.ru,normal.alexa,0
bitzuma.com,normal.alexa,0
aapm.org,normal.alexa,0
v8pqfk5a309a.com,,1
qglqvklhgemltudo.eu,,1
lykuxuj.info,,1
kafd9824bb4bf341038be09ec66604050e.tk,,1
raovat29.com,normal.alexa,0
snapsurvey.net,normal.alexa,0
localtom.com,normal.alexa,0
bertrand-malvaux.fr,normal.alexa,0
85a7o5e7glin.org,,1
mhexufetcx.top,,1
ns1.dnsfor15.biz,,1
12ppma6140pho4ho0nn1a9vb3u.org,dga.post,1
empregosrj.com,normal.alexa,0
gzzk.cc,normal.alexa,0
ns1.backdates3.org,,1
gcoyikpmktnqenmp.eu,,1
jczagbym.info,,1
portall.zp.ua,normal.alexa,0
sitesimilar.net,normal.alexa,0
tawozsod.ru,dga.pushdo,1
gnqfqfcpwb.org,,1
alrayse.com,normal.alexa,0
expectra.fr,normal.alexa,0
usebb.net,normal.alexa,0
almamlakahnews.com,normal.alexa,0
slmxm4qlsdkhwfmhi8s.ddns.net,,1
lotteansfp4c.net,,1
technewonline.com,normal.alexa,0
writingavoidsuckpriestdevil.com,,1
fmworld.net,normal.alexa,0
bdsmwithyou.com,,1
sk1project.org,normal.alexa,0
marketprophecy.in,normal.alexa,0
adquan.com,normal.alexa,0
shuraba-matome.com,normal.alexa,0
icelebrityporn.com,normal.alexa,0
lyxumod.info,,1
aokiu.com,normal.alexa,0
binary-option-robot.com,normal.alexa,0
wingstop.com,normal.alexa,0
seniormarketsales.com,normal.alexa,0
qrfswkk.info,,1
xutakor.info,,1
bag77.ru,normal.alexa,0
easyvale.com.mx,normal.alexa,0
vhekqmrbli.org,,1
alloincognito.ru,normal.alexa,0
morobe.fr,normal.alexa,0
oji.su,normal.alexa,0
starwoodoffers.com,normal.alexa,0
ql7n521v3xmralyrwv3h1tg.ddns.net,,1
globalogiq.com,normal.alexa,0
ciei9tmqy32.net,,1
vipikece.info,dga.simda,1
5reb.com,normal.alexa,0
shatura-hlam.ru,normal.alexa,0
otntexplorerde.info,,1
handyhardware.com,normal.alexa,0
thesesaturday.net,,1
pvncpbdsjremrgmr.eu,,1
kfzlfauprhuukqlnlaq.biz,,1
abo.fi,normal.alexa,0
swagroup.com,normal.alexa,0
burgerschloz.de,normal.alexa,0
malaysiahomestay.net,normal.alexa,0
banma-inc.com,normal.alexa,0
hawukuz.info,,1
quetek.com,normal.alexa,0
alternativeflooring.com,normal.alexa,0
sugarstructureassociatemetal.com,,1
kiituniversity.net,normal.alexa,0
elydza1l2nuhu1eya3m41l75c0e.com,,1
x18zeed.com,normal.alexa,0
jeremyevans.net,normal.alexa,0
oltzgpl8e8h19k53.com,,1
oilexploration.ir,normal.alexa,0
dichcebx.info,,1
viainn.com,normal.alexa,0
allthingserp.com,normal.alexa,0
nbnekdcaaeoblafd.org,,1
ns1.backdates5.com,,1
14dex6610xc0uz1nv34ag1a6duiy.org,,1
theprincessmadison.tumblr.com,normal.alexa,0
topfilmesonlinehd.com,normal.alexa,0
spobvqerckfk.xyz,dga.tinba,1
astrologen24.de,normal.alexa,0
servicetacklematterdream.com,dga.matsnu,1
welhhhjgpdxjifxw.eu,,1
zavvi.de,normal.alexa,0
wartbartmart.com,,1
shockwave-sound.com,normal.alexa,0
webmastersmd.com,normal.alexa,0
brainwipe.com,normal.alexa,0
q1af22a85e833614d1cb30ab8685fcaef6.hk,,1
mdkwotiwmtya.info,,1
einladungskarten-grusskarten.de,normal.alexa,0
albmyjgtmbwhrj.com,,1
formregistration.com,normal.alexa,0
registerblast.com,normal.alexa,0
writers-community.com,normal.alexa,0
81c167e0ba9398bb12283d63208402e9.cz.cc,,1
uh1og1tbv1tnw35.com,,1
rheinbahn.de,normal.alexa,0
avar2015.org,normal.alexa,0
goqhamoz.ru,,1
kizlyar-shop.ru,normal.alexa,0
meublesmobistyl.be,normal.alexa,0
tambulya.com,normal.alexa,0
jxentul57zu13npw4rppy7lj.com,,1
megamarathi.com,normal.alexa,0
r582e10b5b17a101c4a52e6eb027da0c8d.so,,1
peqlrppxjiikhn.com,,1
hendigi.com,normal.alexa,0
moto123.com,normal.alexa,0
sskecysemocs.org,,1
whufc.com,normal.alexa,0
ghs.edu.hk,normal.alexa,0
techguilds.com,normal.alexa,0
zrxviologistbikerepil.com,,1
q45vufgpo8ybi8c.ddns.net,,1
leliliblog.wordpress.com,normal.alexa,0
lifeinbooks.net,normal.alexa,0
dfkkestnessbiophysicalohax.com,,1
programabonusclube.com.br,normal.alexa,0
owehkw.com,,1
feltheld.net,,1
aan1vlnoqa4o1q4.com,,1
etaska.hu,normal.alexa,0
npblaejcrv.com,,1
rebro.weebly.com,normal.alexa,0
encorealert.com,normal.alexa,0
3mdajo1tu4xh117cjcew1k4lxwc.org,,1
absolutelytech.com,normal.alexa,0
isuywemdvrjnhcbe.eu,,1
ry6z3gong83ne86u4y.ru,,1
akierra.com,normal.alexa,0
jhlpcankdsanmxgmomjbbbsun.net,,1
ciaopeople.it,normal.alexa,0
lasfhplayergetadobe.co.uk,,1
hemenbugun.com,normal.alexa,0
yalsljhqtdjowm.ru,,1
prose.io,normal.alexa,0
menufandisappointedplate.com,,1
jivayaeda.ru,normal.alexa,0
uoceqiwcwumcceqq.org,,1
rtnn.net,normal.alexa,0
motoblouz.es,normal.alexa,0
parsmark.com,normal.alexa,0
sexplaycam.com,normal.alexa,0
uoiousuiwcymao.net,,1
seasailsurf.com,normal.alexa,0
vouchercloud.de,normal.alexa,0
ns1.dnsfor20.com,,1
dentaltrey.it,normal.alexa,0
renault-auto.kz,normal.alexa,0
hhygwteuufpreih.so,,1
ltnbcjd.info,,1
2sa922nx3x99pgpa214h6l8x.biz,,1
ckkscqiqeuhh.com,,1
getone.cc,normal.alexa,0
nssbcwhhugxrsjpr.info,,1
dofacccdnamccnao.com,,1
dogalogue.com,normal.alexa,0
picmeoju.ru,dga.pushdo,1
playstationnetwork.com,normal.alexa,0
95191.com,normal.alexa,0
iport.ru,normal.alexa,0
czqqyhliirvtpxev.info,dga.murofet,1
7x2f2hgbsirac5hdja.net,,1
vwijcatl.info,,1
nmpogpcta.tj,,1
camacol.co,normal.alexa,0
pagerankchecker.com,normal.alexa,0
55cktdzv564hu1lyu21d7ueaf.biz,,1
b28f32i35bvcugqcyf22h54h24ezjrpqgyh34ny.info,,1
aquaristik-talk.de,normal.alexa,0
wdbiz.com,normal.alexa,0
dwbi.org,normal.alexa,0
jad5enfio7xri4lg.com,,1
vfcaller.com,normal.alexa,0
u66b7ff008885ac665a524f5d81796ee20.to,,1
rlvewctnoivs.com,,1
plmkpqgcfr.net,,1
yw1xguaxjwr43g3p8i.net,,1
weiguyun.com,normal.alexa,0
sbstrrckpgauobud57.com,,1
coasthills.coop,normal.alexa,0
ewbjtswvya.org,,1
dyrwdmvoauqgbzpcakbeyvtwuc.ru,,1
ns1.backdates14.biz,,1
hasee.com,normal.alexa,0
fullypcgamelinks.blogspot.com,normal.alexa,0
rundvcunpe.com,,1
yflkza.net,,1
fv2eto18atzyi85whcymmc0lq.com,,1
ffnacccfbdodlcon.de,,1
kpkvqzclwja.com,,1
bettingexchange.it,normal.alexa,0
adquoszg.com,,1
jekbhiylynblxhnq.mu,,1
qexyfep.info,,1
wsiucaah4hyxnistcm.ru,dga.rovnix,1
dhdebcooxmyg.com,,1
telwin.it,normal.alexa,0
170djly11f64q1roxfl53jobw7.net,,1
fecbgfigrlqm.com,,1
irrqoutlyvjqhyxs.net,,1
kiaosigusisdf.com,,1
iitm.ac.in,normal.alexa,0
buedenbender-hausbau.de,normal.alexa,0
bodybuilding-shop.ru,normal.alexa,0
zpwwplsvnrsvst.biz,,1
llnwd.net,normal.alexa,0
vsayrcxsqnzaqijhxypnldqwsuk.info,,1
oasisnewsroom.com,normal.alexa,0
ylelqvdbrqheubdd.eu,,1
personalwirtschaft.de,normal.alexa,0
c7da0bf4610c5833541f380058fd7eea14.cc,,1
visitcornwall.com,normal.alexa,0
coastdealhelpattractdetermine.com,,1
hjubodln.com,dga.conficker,1
163cp.com,normal.alexa,0
acu.edu,normal.alexa,0
xproject.kr,normal.alexa,0
mitino-o2.ru,normal.alexa,0
ywunlmmwf2u.net,,1
ncssm.edu,normal.alexa,0
xievvbv.sc,,1
ivtnlfxl.cc,,1
deblmlkxhnry.com,,1
rssad.jp,normal.alexa,0
kxl.com,normal.alexa,0
pdwfuxgnahmgsxhit.net,,1
solar-estimate.org,normal.alexa,0
nikomlight.com,normal.alexa,0
wpy05ls0afqpyb70mbc6mxu.ddns.net,dga.corebot,1
blondgirl.mobi,normal.alexa,0
fdotsagabardinedazyx.com,dga.banjori,1
junglecoupon.com,normal.alexa,0
kezibyr.info,,1
snlykjahjfhfcruxc.pw,,1
gyozqytxeuwgyhdwkjnorvoytojh.com,,1
wikiwords.org,normal.alexa,0
neidenfjellstue.com,normal.alexa,0
3dbuzz.com,normal.alexa,0
jaffari.org,normal.alexa,0
rdulsatformalisticirekb.com,,1
slizmmunsqontnd.com,,1
qlcvudwvirm.org,,1
j301d3310c05d9ff7fce08e334d960ab16.in,dga.dyre,1
yomaebzlsinlytabp.net,,1
kensetsunews.com,normal.alexa,0
xn--3ck9bufp53k34z.tokyo,normal.alexa,0
busmail.ru,normal.alexa,0
vvgwtl72xzktbyu2.info,,1
smartphonesblog.com,normal.alexa,0
fae6c626ffbad2df41d3fcb70f491ffcfe.ws,,1
electronicamx.net,normal.alexa,0
ep-reisen.de,normal.alexa,0
jumpmind.com,normal.alexa,0
julialovesart.com,normal.alexa,0
barmherzige-brueder.at,normal.alexa,0
aot.jp,normal.alexa,0
ns1.backdates4.com,,1
xhoetxls.com,,1
comsnets.org,normal.alexa,0
ghkkrqvy.info,,1
orleanshub.com,normal.alexa,0
barsigons.loan,normal.alexa,0
rqtiddxoekrfrti.biz,,1
noticiasdesantaluz.com.br,normal.alexa,0
affinitysalon.com,normal.alexa,0
efed56gbctmxctc874u.ddns.net,,1
u85pqkx2d04pypoh.com,,1
djeqepictom.com,,1
grapeking.com.tw,normal.alexa,0
kbatcodsholapet.org,,1
cgmap.ru,normal.alexa,0
zuxel.eu,,1
tradethunder.com,normal.alexa,0
nputxduvgvxvjhlg.eu,,1
eeirdef.com,dga.conficker,1
npage.de,normal.alexa,0
stills-development.co.uk,normal.alexa,0
y8vx741f0biqmqyb8n01y2e740.org,,1
remichel.com,normal.alexa,0
hostspicy.com,normal.alexa,0
wkp.io,normal.alexa,0
searchwillrage.com,normal.alexa,0
lliiijcfrbrq.com,,1
opcionis.com,normal.alexa,0
beansandjazz.com.au,normal.alexa,0
huxrepoz.ru,,1
wwwqykkaesqmwsuq.org,,1
y6c6gne6u2svgbungro.ddns.net,,1
owjgijg.info,,1
ldskcorp.ru,normal.alexa,0
wentevineyards.com,normal.alexa,0
100miin.com,normal.alexa,0
thealmightyguru.com,normal.alexa,0
nufytyzq.ru,,1
rodeniagi.ddns.net,,1
ns1.backdates2.biz,,1
cloudshares.net,normal.alexa,0
woulddinner.net,,1
storiedmind.com,normal.alexa,0
lmiknqdvcplbakei.eu,,1
1clickgames.com,normal.alexa,0
magazin-hudoznik-korolyov.ru,normal.alexa,0
snapsextcams.com,normal.alexa,0
lkjtldnwkodisxw.biz,dga.murofet,1
nrpturwkfljqxky.biz,,1
3hrglzbww9a.net,,1
bellsouth.com,normal.alexa,0
ikeo60e0q8qc.org,,1
ozrnlglgb.info,,1
wow-heroes.com,normal.alexa,0
hpwxgslggxkk.com,dga.tinba,1
daneshgahtehraniha.com,normal.alexa,0
hiewhwpkrms.org,dga.qakbot,1
emulation9.com,normal.alexa,0
jaiimvycgygsv.info,,1
verwoehndich.de,normal.alexa,0
domenii.com,normal.alexa,0
cucurqgcobpympodv.tw,,1
megamoviewatch.com,normal.alexa,0
huge-directory.com,normal.alexa,0
wjrf3a14dvm3w1d1o3v8fvv3xe.net,,1
banchungcuhn.net,normal.alexa,0
qhhoqdqdnpecgb.pw,,1
uoiociekkosaimys.org,,1
iulbtlmz.ws,dga.conficker,1
burgosnoticias.com,normal.alexa,0
traderwebstore.com,normal.alexa,0
jbciuaftljl.org,,1
safehealthkare.com,normal.alexa,0
recitoners.com,normal.alexa,0
1t17u2g1l28uxk6e9lb0zaokzv.com,,1
forpsi.hu,normal.alexa,0
investorswatchblog.us,normal.alexa,0
fotbyao.com,,1
apps-world.net,normal.alexa,0
benashaari.com,normal.alexa,0
swkfdtswgpfbcanjypuonfjskxae.ru,,1
lhktrmvxytlbtjz.net,,1
7xsvqb54a8561dajmp1.ddns.net,,1
discuzmy.com,normal.alexa,0
tintingdirect.com.au,normal.alexa,0
edotrntexplore.net,,1
keluarmasuk.net,normal.alexa,0
behe.com,normal.alexa,0
kkvfvinskycattederifg.com,,1
arcdeux.com,normal.alexa,0
h8b6ffbaa5ae89f76b118fbffd9d591dd6.so,,1
crescereindigitale.it,normal.alexa,0
lstvu.net.cn,normal.alexa,0
epgsounvrrmt.biz,,1
ns1.dnsfor17.info,,1
hfmexvkyufvguy.biz,dga.cryptolocker,1
zjkfunt.biz,,1
nsrpqxxiwpjloiwkxrw.mx,,1
bunchconsultdealresolveparent.com,dga.matsnu,1
bzmwcwomqw.biz,,1
11hzmbr1b3a2l3qmlsdtgonygy.com,,1
wanadoo.es,normal.alexa,0
mpewboregnrww.com,,1
watsonanalytics.com,normal.alexa,0
ensight-cdn.com,normal.alexa,0
wdsgpof0tp4drjvg8n1n2ty6g.biz,,1
kojspkbiklc.org,,1
guilford.edu,normal.alexa,0
beigajup.ru,,1
mmrpkfjxydysbjnga.com,,1
dongabiz.com,normal.alexa,0
1j86ms5j6j6ds1ea7ef5re2qs9.org,,1
xfbomachuslazaroqok.com,,1
gtllimited.com,normal.alexa,0
j1bhpcl5wax.net,,1
vdeclqgigk.info,,1
100nio91ra2kuteap7eh1o1qk69.net,,1
iuwwcccqiiiqioom.org,,1
bnmeqdqokkcfyvuavpt.com,,1
a18ec3883a92577d2dfa21b62ecc602afe.hk,,1
ecqvqfgbpjrfeuhp.eu,,1
bildungsplaene-bw.de,normal.alexa,0
meilizhuo.com,normal.alexa,0
dpjeomcvufuyilrmr.org,,1
runclassifieds.com,normal.alexa,0
ivyxmxxe.net,,1
faspeed.com,normal.alexa,0
olev.de,normal.alexa,0
superinf.ru,normal.alexa,0
rx4ku2qwui71abs05a1rjfsss.org,,1
ghiq3z42mz26yhnyw15kavwp.net,,1
outerbanksrentals.com,normal.alexa,0
3kvhh85a725y4umaxx.com,,1
interakuhni.ru,normal.alexa,0
8fa34173d9cd2a25940dab840e67041a.org,,1
zvilqobvidjemcpc4.com,,1
atauni.edu.tr,normal.alexa,0
xtsoqnbi.su,dga.locky,1
doaqrvgbexhvsgdv.eu,,1
5cb50480374dbf72d5ef8dd325917346.co.cc,,1
ecgtnwvxigkjol.com,,1
haldiramlimited.com,normal.alexa,0
ttgjp.ws,,1
kdiwgzzjil.biz,,1
roozpayam.com,normal.alexa,0
herbalife.co.in,normal.alexa,0
journaldunet.com,normal.alexa,0
jobsalerts.in,normal.alexa,0
network-marketing-online-business.de,normal.alexa,0
banhomuq.ru,dga.pushdo,1
lqfqpnywfjuhpne.org,,1
hohai.com,normal.alexa,0
policeone.com,normal.alexa,0
idudtim2blmm5fm9.com,,1
mcnaleackfebkcbc.online,,1
tfptbxmx.info,,1
hurcnipijwqi.info,,1
bbeacncffbfkdnad.co.uk,,1
pethardware.com,normal.alexa,0
live-online.pl,normal.alexa,0
ccipu.org,normal.alexa,0
p509cbb6d64910630162a57c5435d3ed02.ws,,1
jattsms.com,normal.alexa,0
srsa.gov.za,normal.alexa,0
hog-grabatz.de,normal.alexa,0
pacificstereo.com,normal.alexa,0
kxkkuymbf.info,,1
supermuzlo.com,normal.alexa,0
toulouse.aeroport.fr,normal.alexa,0
frklryk.info,,1
tuxcpmfa.top,,1
martsblazer.com,,1
inventorycreation.com,normal.bambenek,0
appbot.co,normal.alexa,0
gswater.com,normal.alexa,0
knujph.net,,1
55126.cn,normal.alexa,0
bnpparibas.es,normal.alexa,0
vjkuhj.info,,1
aapfadd.ws,,1
ultimatefinanceblog.com,normal.alexa,0
in001vlbi4x91hd6l6l3yobza.org,,1
lksbbbuyxyxb.com,dga.tinba,1
geiciboz.ru,,1
apnatriangle.com,normal.alexa,0
babylotta-shop.de,normal.alexa,0
gmbrqdhwbgdlqwt.org,,1
afekfbdacebaddlm.online,,1
diwali2015x.in,normal.alexa,0
uzdirbtipinigus.com,normal.alexa,0
pornwo.com,normal.alexa,0
nvwvtne.info,,1
clubedetran.com.br,normal.alexa,0
yearwiz.com,normal.alexa,0
loreredotntepx.net,,1
bachelor-studium.net,normal.alexa,0
mabovit.info,dga.simda,1
du70h2jc1qns.com,,1
herseyibilenadam.net,normal.alexa,0
hidiykorldge.biz,,1
nwxyxwb.top,,1
mh7co1rjetdz2s8216es0tp3.org,,1
ratemyarea.com,normal.alexa,0
osgglscyp.com,,1
ns1.backdates4.org,,1
eeecuosseqwi.org,,1
ikmpvbtvjebtlvium.com,,1
quikparkgarages.com,normal.alexa,0
electricfireplacesdirect.com,normal.alexa,0
kf1b6a16fa25f455a5d8b71976684c49f0.to,,1
oomxzlhazpiz.com,,1
doyogawithme.com,normal.alexa,0
flotering.ru,normal.alexa,0
xkbgqujnb.org,,1
aeljrsensinaix.com,,1
imax.com.au,normal.alexa,0
soowomagvexe.ddns.net,,1
dustin.se,normal.alexa,0
forex-formation.com,normal.alexa,0
jadwal21.com,normal.alexa,0
ynibtsvommdfjmrnyo.com,,1
nyinaymin.org,normal.alexa,0
1ei28gtei8isvxrphlg1t3yt5q.org,,1
ilentheme.com,normal.alexa,0
markazipl.ir,normal.alexa,0
1a0fwe010busd81pl6yy1dss0u2.biz,,1
8wlvx7x41ohyb4n4mj.cn,dga.rovnix,1
lhhbcfpakfh.biz,,1
rjpfxwsylhqlvhqq.com,,1
rentalpropertyreporter.com,normal.alexa,0
raovatxe.net,normal.alexa,0
go7seas-kreuzfahrten.de,normal.alexa,0
whispersintheloggia.blogspot.com,normal.alexa,0
vipsiba.in,normal.alexa,0
enviciate.com,normal.alexa,0
designmag.it,normal.alexa,0
pupogev.info,,1
koronowo.pl,normal.alexa,0
artv.ca,normal.alexa,0
skqecmiq.biz,,1
bxuxsxoaceofob.ga,,1
straightpornstuds.com,normal.alexa,0
jzjwvhiea.com,,1
anticipeo.eu,normal.alexa,0
19ztxia1k9yyoomyiepq1hnv2g2.org,,1
oysu4acqcekm.net,,1
npxtwioiemprfzsyx.com,,1
jr-chikan.com,normal.alexa,0
jetsetjustine.com,normal.alexa,0
rfmtsccw.com,,1
sfnrlvampoa.info,,1
nk-up.info,normal.alexa,0
mfwplul.pl,,1
teamwork.com,normal.alexa,0
theglobalnews24.com,normal.alexa,0
dexkpanhc.com,,1
nlfbxhz.info,,1
wnjcfybkvb.info,,1
ns1.dnsfor12.info,,1
m3arij.com,normal.alexa,0
ceonuxfl.com,,1
badgerbadgerbadger.com,normal.alexa,0
ewcsd.com,,1
zyaguti.com,normal.alexa,0
afcvuvgro.org,,1
p92qcung1mcf1wqf62a68hevb.net,,1
ockyccaocueuscke.org,,1
datacite.org,normal.alexa,0
ifinmbcfij.com,,1
ndxcmtisfy.com,,1
czcdujuj.ru,,1
11bsbhy1lgogxu1wqgxnkggzuh9.com,,1
swivelsecure.com,normal.alexa,0
bcx6rc1qf4xq.org,,1
agospap.fr,normal.alexa,0
12ke4h61xm0l6j119jcz01dchy6h.com,,1
shengtaifang.net,normal.alexa,0
dailyleap.com,normal.alexa,0
kgvigyfvfqdaoeci.eu,,1
speshun.ru,normal.alexa,0
banygrjzjpeo.com,,1
servisi.com.tr,normal.alexa,0
freeteens-tube.com,normal.alexa,0
gaelicsportsnutrition.ie,normal.alexa,0
ksalykmu.info,,1
babcdn.com,normal.bambenek,0
ckfmcueoya.biz,,1
hrd-services.de,normal.alexa,0
mypharma.com,normal.alexa,0
roomtalk.net,,1
flexiprint.in,normal.alexa,0
jqkuktxusxnjlor.biz,dga.cryptolocker,1
1phpjjkqjdxv91a0frv1sm381w.biz,,1
radikale.ru,normal.alexa,0
tkdelhungtdo.ru,,1
ybyzthnfln.com,,1
qctnufzkd.info,,1
tqjwnoncnc.top,,1
inboundmarketingagents.com,normal.alexa,0
krasland.ru,normal.alexa,0
asher.edu,normal.alexa,0
0c2f8c988972be7708fb92b95d552401.cz.cc,,1
rf-cheats.ru,normal.alexa,0
unionokna.ru,normal.alexa,0
zoomreports.com,normal.alexa,0
mcowpbjjcmsicl.com,,1
xtlvoxvjsbdikfy.net,dga.cryptolocker,1
jadal.cz,normal.alexa,0
ixypivohab.org,,1
ccinztcibj.com,,1
47ai.info,normal.alexa,0
jaleco.com,normal.alexa,0
humiliationpov.com,normal.alexa,0
patchi.com,normal.alexa,0
artribune.com,normal.alexa,0
ygdthmj.info,,1
duodfnvhcfmiciiundq.com,,1
newswithviews.com,normal.alexa,0
best-serials.tv,normal.alexa,0
leahremini.com,normal.alexa,0
ergetadobeflasyhpla.co.uk,,1
fogihrtrklw.com,,1
hanashi.jp,normal.alexa,0
ezfllrfh.dynserv.com,,1
britishv8.org,normal.alexa,0
naritasan.or.jp,normal.alexa,0
filipinotimes.ae,normal.alexa,0
beeslighting.com,normal.alexa,0
promax.com,normal.alexa,0
streamze.net,normal.alexa,0
oxyshop.cz,normal.alexa,0
ekdqsemitismgavenuteq.com,,1
obyjqbmlmbw.top,,1
iipwdrmmpqslyds.pw,,1
ohazd.cn,,1
tdjdurcamweurk.com,,1
holyclock.com,normal.alexa,0
codebusters.pl,normal.alexa,0
tailleurauto.com,normal.alexa,0
bioetbienetre.fr,normal.alexa,0
e37lo5mnzico1vcgfwnmyfegc.com,dga.post,1
jerrysupdates.com,normal.alexa,0
bimajo.jp,normal.alexa,0
kosolapovblog.ru,normal.alexa,0
1kn7h2v1qb5amdzkvyk31lxxem8.net,,1
t1rcm1hgk3.com,,1
ykahhkd.info,dga.conficker,1
ndxayx.biz,dga.conficker,1
ajrmemjshushrcsv.eu,,1
npmwwqstizlxlxp.info,,1
okenhqzgxngnkbwouvfm.com,,1
zenga-mambu.com,normal.alexa,0
wouldalthough.net,,1
cefmlvnnowmev.org,,1
dyyghchfxplfiz.org,,1
onepay.vn,normal.alexa,0
80p.cn,normal.alexa,0
wwuowoemmmkiuicy.org,,1
ainjfmzlxovskzdjnbyuclzhofhuln.org,,1
bzwhpahutoxeyqofrtz.org,,1
uwiap35dimp3dps4ey.net,,1
peopic.com,normal.alexa,0
skyline.com,normal.alexa,0
btpsnkbbmldd.com,dga.tinba,1
grandel.de,normal.alexa,0
aileroi-louviers.fr,normal.alexa,0
collinstreet.com,normal.alexa,0
unuribopnokusuo.ddns.net,,1
hadavi.info,normal.alexa,0
mvzcxjuljwfgkxxpwaa.net,,1
magnetic.com,normal.alexa,0
sqckhaalebvsuqbvv.net,,1
astrobites.org,normal.alexa,0
ionowcwnxwhkx.ru,,1
cambridgeaudio.com,normal.alexa,0
g1e5d4890c39e223dd28f5486a6613817a.hk,,1
xdobfbwmc.biz,,1
answertaker.com,normal.alexa,0
mediaevent.de,normal.alexa,0
lsm1og1718gpc1wi2h4g11f98cs.org,,1
shrinkabulls.com,normal.alexa,0
ewqfl8al8xewnzrvvp.biz,,1
bahasaindonesiayh.blogspot.co.id,normal.alexa,0
ghiz1b1pskqxz135i25vzdn8b1.biz,,1
nras.org.uk,normal.alexa,0
qthmisohjupqtiy.biz,dga.murofet,1
cgtuvpcgggzuyewb.com,,1
fbmbfabnccccabfm.org,dga.padcrypt,1
thomaskeller.com,normal.alexa,0
ptpk.gov.my,normal.alexa,0
ergeytadobeflashpla.co.uk,,1
efagrefkj.net,,1
stkrgbyxefstgbunkdilana.ddns.net,,1
okqqbtuqqkdlwwoqvxg.com,dga.qakbot,1
sectahentai.org,normal.alexa,0
athos.ca,normal.alexa,0
kxkpbwljwpovejhaitbulr.com,,1
qusshqwlvilkj.net,,1
1fpnm48urw7m6pdax7fbpx53i.com,,1
jrineidhulsivlkjtlfgq.com,,1
businessblueprint.com.au,normal.alexa,0
binaryprofit.co,normal.alexa,0
runet.xyz,normal.alexa,0
viva-telecom.org,normal.alexa,0
xdyapgucd.info,,1
vntskjodtwhptqkf.com,,1
tgwgmiilusicp.com,,1
dollar.by,normal.alexa,0
gezimanya.com,normal.alexa,0
ogyqkoskmgiaosss.org,,1
ilovepair.com,normal.alexa,0
danangz.com,normal.alexa,0
voltra.ru,normal.alexa,0
topiiywwerwyjcf.ru,,1
puertocoruna.com,normal.alexa,0
ohcrcpkl.ru,,1
centurion-hotel.com,normal.alexa,0
yggdmatnflecavwl.eu,,1
5gileaxiej5zncyg.org,,1
bilenizcl.top,,1
hiapphere.com,normal.alexa,0
birthdaycakewithwishes.com,normal.alexa,0
propper.com,normal.alexa,0
iqiiqsuoecqsygwu.org,,1
dropfile.to,normal.alexa,0
funnelback.co.uk,normal.alexa,0
worldofsports.com.sg,normal.alexa,0
mcegsywmyigeywag.org,,1
sjcpls.org,normal.alexa,0
twenga.it,normal.alexa,0
extremelatexsex.com,normal.alexa,0
x3x.xxx,normal.alexa,0
740629175c269793c65f00a7685012af.cz.cc,,1
redball.com,normal.alexa,0
ddbbcofjyhvf.com,,1
itisporno.com,normal.alexa,0
garrahan.gov.ar,normal.alexa,0
nsfdhtyvkdaecdro.com,,1
shopyourway.com,normal.alexa,0
eqlcyiuivt.net,,1
yrtrnqsnphergo.org,dga.murofet,1
uahoby.com,,1
alixon.ch,normal.alexa,0
sumip.ru,normal.alexa,0
gohrlw.net,,1
scaramuzzamodo.it,normal.alexa,0
tedbritt.com,normal.alexa,0
norugoc.info,,1
1ay2qa3ae90g2hky3ik1chwk7y.net,,1
hacukyw.info,,1
ronddwifxgmhjlnch.com,,1
269fe03497fe16f385580485843c653f.org,,1
vridxkjvps.biz,,1
qjwmr5zrwlk.net,,1
esmartdeals.in,normal.alexa,0
tellurideskiresort.com,normal.alexa,0
gigadrinks.com,normal.alexa,0
gcgcpvoiozptyiyqvyjc.net,dga.qakbot,1
trendsatis.com,normal.alexa,0
ishelters.com,normal.alexa,0
trippiece.com,normal.alexa,0
namyoafox.com,,1
rfqwleasuredehydratorysagp.com,dga.banjori,1
alekino.tv,normal.alexa,0
poqvgjgvmjuvbhfpn.org,,1
db-city.com,normal.alexa,0
fbithtavcvcfyvbmpsh.com,,1
nanguo.cn,normal.alexa,0
cyavuwebo.kz,,1
riddenescape.net,,1
siz.ch,normal.alexa,0
7bib66zs1lkvpn1yr4.com,,1
jeannettestephenson.net,,1
ogemiooywiqkcuiy.org,,1
monthdealdistrictawardside.com,dga.matsnu,1
nosehealthreview.info,normal.alexa,0
demodirectory.com,normal.alexa,0
tsqwjt.com,,1
jkfe0c0mr3rwt58a.ddns.net,,1
contesttowerwingriskchampion.com,,1
clarke-clarke.co.uk,normal.alexa,0
edusp.com.br,normal.alexa,0
vvirkkk.com,,1
radionestandart.ru,normal.alexa,0
eduxqbfvwseb.ru,,1
hst.cz,normal.alexa,0
kdehcrrj.com,,1
8ushcb1mvmgktbqt7gn1f1ivuc.com,,1
menswearstyle.co.uk,normal.alexa,0
ue6fe8u47ja4ykugvt.net,,1
gdfire.gov.cn,normal.alexa,0
pyaxxc.info,,1
asktur.com,normal.alexa,0
directferries.it,normal.alexa,0
dngkd42xyvq.com,,1
windowlackinterestchipanticipate.com,,1
discussdesk.com,normal.alexa,0
dailyblogprofits.com,normal.alexa,0
1o7804vp9otui1ffxxkq1jiaos3.com,,1
player.pl,normal.alexa,0
playping.com,normal.alexa,0
ufftwwuqgywrxj.cc,,1
saudeesabedoria.wordpress.com,normal.alexa,0
urbanspoon.com,normal.bambenek,0
aapvfwfompggfsheqli.com,,1
wuerth.de,normal.alexa,0
adifpicounbobu.ddns.net,,1
czfwkhzyjkawvy7.com,,1
preisjaeger.at,normal.alexa,0
kuvstiug.com,,1
xgeinzibhauzdibwwojrlftgge.ru,,1
tipdbnz2py3u.net,,1
1nuj3faw0pn9nuhf1qg1a4jyxn.biz,,1
1l22q6bjvj7481ukad4110kc270.org,,1
clocksoffers.com,,1
davidelicordari.com,normal.alexa,0
otuvolmnmhef.su,,1
legavolley.it,normal.alexa,0
phonera.se,normal.alexa,0
mekaworld.com,normal.alexa,0
xfwyrkxuze.com,,1
wohajiqi.ru,,1
vuiobvuygzipkih.info,,1
wdmtech.com,normal.alexa,0
variousnature.net,,1
narutoget.us,normal.alexa,0
justteenz.com,normal.alexa,0
nnbwrq.net,,1
southspanking.com,normal.alexa,0
maskaradshowdominicana.com,,1
shamprotik.com,normal.alexa,0
aaoacjauunobigh.cx,dga.necurs,1
stealtheshow.com,normal.alexa,0
okuloncesiavm.net,normal.alexa,0
dhgtnzkhark.net,,1
1xlllom1fnid4c14v7qd9i7kity.net,,1
iibs.edu.in,normal.alexa,0
vifotour.com,normal.alexa,0
lyvuvix.info,,1
vevesti.bg,normal.alexa,0
mbjpjkxckvbgfh.co.uk,,1
chileautos.cl,normal.alexa,0
ykmoplniwegyopqs.com,,1
romanceuniversity.org,normal.alexa,0
ohbrain.kr,normal.alexa,0
y9a396ezzhp1135sreudcdcao.com,,1
capitale.qc.ca,normal.alexa,0
kopi-ireng.com,normal.alexa,0
replace-your-job.com,normal.alexa,0
sicseope.ru,,1
militarycampgrounds.us,normal.alexa,0
sbmvtemfktgynjm.sh,,1
mycards.nl,normal.alexa,0
golfhandicapnetwork.com,normal.alexa,0
duqfkibyuc.info,,1
assra.com,normal.alexa,0
peopleofcolorintech.com,normal.alexa,0
cazalas.com,normal.alexa,0
1idhfioj9vpog1rqjeaf1j12dwc.org,,1
known.ru,normal.alexa,0
ofxuvlguqj.co,dga.necurs,1
hillrule.net,,1
ttutc.com,normal.alexa,0
studyfinance.com,normal.alexa,0
avto-fan.com,normal.alexa,0
pornofoto.biz,normal.alexa,0
jqara37jvf22hxivl18n10dup12ixbuo11htay.ru,,1
verbraucherzentrale.de,normal.alexa,0
tliirkhuy.com,,1
webimbo.ru,normal.alexa,0
lc9g3geodt9.com,,1
indiemade.com,normal.alexa,0
apuntescientificos.org,normal.alexa,0
q37nxqjrfndnj6ot.com,,1
galottery.com,normal.alexa,0
aymsjdmcunbtya.su,dga.ranbyus,1
kdmgkhyyjft.com,,1
jdepry.com,,1
moltytl.com,,1
money.pl,normal.alexa,0
tuttasalute.net,normal.alexa,0
womenseday.org,normal.alexa,0
kjqrfuhldrreqbux.eu,,1
imahasohiwumahv.ddns.net,,1
geatoqli.ru,dga.pushdo,1
nejebad.com,normal.alexa,0
meunegocioperfeito.com.br,normal.alexa,0
lnbsrntzgujsjtkjnpadyeur.org,,1
hubspotcentral.com,normal.alexa,0
cxsbsjdgxfebj.com,,1
quledu.com,normal.alexa,0
husbandchildhood.net,,1
beautyforyou.com.ua,normal.alexa,0
mmuubulocccs.com,dga.tinba,1
cefptv.com,,1
qhjmixxnquz.info,,1
kkvjpe.com,,1
d8dl4iamiinpxbzkv5.ru,,1
gmyyvxakgupuvhefmvw.mu,,1
esqsu4ugi4ac.net,,1
voronezh-room.ru,normal.alexa,0
gamebuilderstudio.com,normal.alexa,0
boutell.com,normal.alexa,0
rjaceoo.info,,1
prjakilpuygtifhd.eu,,1
playerwags.com,normal.alexa,0
cnuvad.com,,1
hkeqjjmpeurjnbw.com,,1
qajqwgq.info,,1
pof.com.cn,normal.alexa,0
aecczzyqfnlcsv.com,,1
1uo6sehylsf6vwqpmk.cn,,1
zpssrasildeafeninguvuc.com,,1
deguate.com,normal.alexa,0
n9hzez1or82oc160y3xuildgv.org,dga.post,1
flabfccadbacbdbn.org,,1
sosivio.gr,normal.alexa,0
onlineshoppingbuddy.com,normal.alexa,0
qpryvwtitdsv.ru,dga.tinba,1
nareshmalhotra.in,normal.alexa,0
gmag.com.tr,normal.alexa,0
diversesystem.com,normal.alexa,0
ezpqtftmtyjtuciulac.com,,1
joyjobs.com,normal.alexa,0
noqstcn.net,,1
marcellamolenaar.nl,normal.alexa,0
ispyconnect.com,normal.alexa,0
codespromotion.fr,normal.alexa,0
simmonsfirstcardservices.com,normal.alexa,0
syjazcwlbwj.info,,1
osesp.art.br,normal.alexa,0
zrswtbj.info,,1
punjabiskills.blogspot.in,normal.alexa,0
vrrsowghiz.com,,1
iuqgcoeacgwekuka.org,,1
vgrmgjl.info,,1
mdkwotiwmtya.org,,1
590325c2a453464386c1ee95691581c5.org,,1
messezimmer-essen.com,normal.alexa,0
ns1.dnsfor10.com,,1
blogspot.jp,normal.alexa,0
tomahost.com,normal.alexa,0
phcatgpusax.net,,1
2web-master.ru,normal.alexa,0
mwxulysy.com,,1
xulukyn.info,,1
totalcapital.ru,normal.alexa,0
santacruzconstructionguild.us,normal.alexa,0
xn--p8j2bhdbq15a.com,normal.alexa,0
cfpdr.eu,normal.alexa,0
upbuozfsv.ru,,1
girldesirechippoundoperate.com,dga.matsnu,1
merci.org.uk,normal.alexa,0
uxepfuuliwun.ddns.net,,1
faqrcwh.eu,,1
modellsport.gr,normal.alexa,0
lumen.com.mx,normal.alexa,0
westernunion.pt,normal.alexa,0
summitsoft.com,normal.alexa,0
mudaalbowuuw.ddns.net,,1
xtyfiz.com,,1
suqwoargjmmem.ru,dga.cryptolocker,1
layergetadopbeflash.co.uk,,1
avdamyeafuyj.info,,1
nationalbubblesoccer.com,normal.alexa,0
1hnwqden1mfj2iz44bq11xtxwt.com,,1
mduwotiwmtya.com,,1
anti-agingfirewalls.com,normal.alexa,0
tenetsompo.com.sg,normal.alexa,0
chitramala.in,normal.alexa,0
ooyyo.com,normal.alexa,0
tongse02.com,normal.alexa,0
pma.com,normal.alexa,0
scarfbusiness.com,normal.alexa,0
star-777-appli.com,normal.alexa,0
iammeanagain.tumblr.com,normal.alexa,0
qkpdxtwvypmwvl.com,,1
9ab0duno1ebc.org,,1
lookkill.net,,1
one-escort.com,normal.alexa,0
rclrpuvgrxqaatrwy.nf,,1
1euf98k1iszhhzy8ym1w12q4m17.biz,dga.post,1
seoplati.ru,normal.alexa,0
heqpodmtwxyq.com,,1
zoomaal.com,normal.alexa,0
slexy.org,normal.alexa,0
wholefoodcatalog.com,normal.alexa,0
mysqlserverteam.com,normal.alexa,0
modsforminecraft.com,normal.alexa,0
nezih.com.tr,normal.alexa,0
dochoiotosaigon.com,normal.alexa,0
linkt.org,normal.alexa,0
wkzaepictom.com,dga.banjori,1
irvbyvwxe.com,,1
kfvvfoqafdvxfrbfd.org,,1
lyxujej.info,,1
1b9bc0f55dfb691f865eec395cce75ae.cz.cc,,1
ns1.backdates19.net,,1
fyaztpmd.yi.org,,1
bensmann.no,normal.alexa,0
bxkwamentalistfanchonut.com,,1
aksjlhbvwj.com,,1
fehmhxscvkpxwlfahescrwtw.com,,1
sooremag.ir,normal.alexa,0
tnafggnpkttusp.net,,1
mcxrtohyvwbqf.xyz,,1
j3fdcee7fc48b9c16590c98327c9974733.ws,,1
range365.com,normal.alexa,0
alt-market.com,normal.alexa,0
pestpac.com,normal.alexa,0
hubeikak.ru,dga.pushdo,1
daoleilufs.tmall.com,normal.alexa,0
mobilamca.com,normal.alexa,0
autotown55.ru,normal.alexa,0
o4opbsoburhwwgx3zv.net,,1
securesite.jp,normal.alexa,0
game-ost.ru,normal.alexa,0
easyweb-permis.fr,normal.alexa,0
s7ll6115lv8xv1m2v7j713yqpor.net,,1
m34tuvklafod.com,,1
futureinusa.com,normal.alexa,0
ociigqcggogkieem.org,,1
providenceplace.com,normal.alexa,0
archcoal.com,normal.alexa,0
luke54.org,normal.alexa,0
cw3ok1ly528glnm8oi.cn,,1
loclyhktjv.cn,,1
dubip.com,normal.alexa,0
sugarblackskirtbecomesolve.com,dga.matsnu,1
bolswardsnieuwsblad.nl,normal.alexa,0
uoqwuciyoceeseic.org,,1
tkyjoaadkdhaptgvc.me,,1
wqnquucsnldd.com,,1
wiwvxhyd1w9.net,,1
moneytrax.de,normal.alexa,0
igamingpartners.com,normal.alexa,0
iptv101.com,normal.alexa,0
5rmre2mdate0ili.ddns.net,,1
historyrocket.com,normal.alexa,0
quizme.pl,normal.alexa,0
wbmttqedchjq.org,,1
travelgenio.us,normal.alexa,0
slf24.co.uk,normal.alexa,0
sideloadfiretv.com,normal.alexa,0
iampeterbaby.com,,1
bsutllosad.xyz,,1
i2rvincupttf.net,,1
pqlgpargner.top,,1
pallacanestrovareseshop.it,normal.alexa,0
rfsbgaqmlfae5.com,,1
layergetadobeflapsh.net,,1
emailserver.com,normal.alexa,0
vpbmswovwgcayc.pw,,1
vvjiqgiadvuhawmgu.net,,1
benlomandconnect.com,normal.alexa,0
19up3edyc2t4qurh40x1hofpl7.net,,1
hanumexneefknu.tw,,1
lysytyn.com,,1
wceaddptrg.nf,,1
newscrisisdaily.xyz,normal.alexa,0
primamail.net,normal.alexa,0
hcv.ru,normal.alexa,0
androidbux.ru,normal.alexa,0
td8fnqpyxd2e7262.net,,1
gsqbbnuoput1k.com,,1
1uysg7fln3a1q19udf291kg3s34.biz,,1
bhuz.com,normal.alexa,0
pokeritaliaweb.org,normal.alexa,0
shpalayergetadobefl.co.uk,,1
ohehqadegioc.ddns.net,,1
merck-animal-health-usa.com,normal.alexa,0
koshervitamins.com,normal.alexa,0
weteveucmoudusb.ddns.net,,1
xhzrererwyatanb.com,dga.banjori,1
4prodjxndtcl8madbf.com,,1
mdk.to,normal.alexa,0
stoffkontor.eu,normal.alexa,0
ns1.backdates9.org,,1
12ad9l315whd9s186tk2uaxbqdf.com,,1
ymshgmiq.net,,1
wovila.com,normal.alexa,0
k0gmv4bpojwaxja2bjwfwgvw.org,,1
blacklackmovewouldtelloption.com,,1
utro.ru,normal.alexa,0
inmotionflowers.co.za,normal.alexa,0
doorentrydirect.com,normal.alexa,0
qwihiddkcmolrubw.pw,,1
odgx3dkfc6ohwfkj12wxcxa.ddns.net,,1
tgliamz.ru,normal.alexa,0
kakecdlaobabldab.com,,1
3r12gnepunaju4ipobexy85.ddns.net,,1
ulbefrt.eu,,1
lashplayergetadobfe.co.uk,,1
nearthecoast.com,normal.alexa,0
2dl7jc1w7wrbi1k7ifaqu06qow.com,dga.post,1
bookmarkgeneral.asia,normal.alexa,0
186q6rtsg17hv3v9ym5pbmla9.com,,1
samsebewebmaster.ru,normal.alexa,0
luxtorrents.com,normal.alexa,0
gulfshoreslife.com,normal.alexa,0
bltjakvobjsiooyc.eu,,1
aladdinthemusical.com,normal.alexa,0
aami.com.au,normal.alexa,0
msaqxyk.eu,,1
eddgfvkronvf.com,,1
findmypast.com.au,normal.alexa,0
mrkrrmsogajlphleb.net,,1
jvfmnsrzypy.net,,1
1m0z4goxx3pt21qr72qc1mbuba7.com,,1
odevmarketi.com,normal.alexa,0
urxjssd.cc,,1
vwcbpqx.org,,1
happycp.com,normal.alexa,0
glenesmpudflgsmr.com,,1
jobs.com,normal.alexa,0
cbeqokdrxgcktowtm.com,,1
prestademo.ru,normal.alexa,0
nwetc.org,normal.alexa,0
dy6shzd5hifntkso.ru,,1
openfabrics.org,normal.alexa,0
vbjujibtzl.com,,1
seitirnu.ru,,1
1m0sghx1r8ua94ioj8661v856l9.org,,1
roxxiebubbles.com,normal.alexa,0
metroscubicos.com.mx,normal.alexa,0
panasonic.co.jp,normal.alexa,0
wpandyou.ru,normal.alexa,0
love-z.ru,normal.alexa,0
idiva.gr,normal.alexa,0
manyland.com,normal.alexa,0
11fbpkj5ye61pa29yrr1g4dqis.biz,,1
dkxcvqnqr.ru,,1
bvhitui.info,,1
terrahosting.gr,normal.alexa,0
prize.com,normal.alexa,0
reredotntexplo.info,,1
lm.gov.cn,normal.alexa,0
tanagra.lt,normal.alexa,0
jacars.net,normal.alexa,0
amdc.edu.pk,normal.alexa,0
kxvonisuvjavxbqkndfh.eu,dga.necurs,1
ki4ukugew2oe.net,,1
itnyhfctbw.cc,dga.conficker,1
chaircorner.net,,1
morethan.com,normal.alexa,0
w19ab7ac72a0a04dd8870ecc0cd8480821.tk,,1
tjq5li6dus6womdlzh.net,,1
ujrqnwufuqosrfu.org,dga.murofet,1
peacockcrackers.com,normal.alexa,0
dappz.com,normal.alexa,0
1uyy34s11kev6k1l9qoudc7ib0.biz,,1
fega.de,normal.alexa,0
lnlgyftmanlgqf.co.uk,,1
twhisonzljylnpbhqgojqsdeytp.info,,1
burlingtonfreepress.com,normal.alexa,0
mrnechfnhclb.cx,,1
mysocialtools.net,normal.alexa,0
gimori.com,normal.alexa,0
vadevip.com,normal.alexa,0
rabota-est.com.ua,normal.alexa,0
zvwmleeq.com,,1
ofjwgduo.net,,1
palaceofwinners.com,normal.alexa,0
filminipornogratis.com,normal.alexa,0
iehphhcpenucpggl.eu,,1
kmfcekkoblmaokcm.de,,1
ehcaogkhj.net,,1
wowtwistys.com,normal.alexa,0
ydasktshqhikzrkpvwzxppjayaimr.com,,1
1fa2qxmtmx1pqpm.ddns.net,,1
doctorbykov.livejournal.com,normal.alexa,0
allsouth.org,normal.alexa,0
pbyfpfmywulqbn.org,,1
buying-beauty.com,normal.alexa,0
iolpllaabettingk.com,dga.banjori,1
lltxgky.com,,1
funsterz.com,normal.alexa,0
olivier.ru,normal.alexa,0
hplayergetsadobefla.co.uk,,1
fpwfpdfkhprpzupqzus.org,dga.qakbot,1
vhqrdfg.info,,1
satzdmxpcdj.tv,,1
eutuwpc.org,,1
sanitec.cz,normal.alexa,0
mikeomearashow.com,normal.alexa,0
goehrirouqh.ddns.net,,1
mdhcpsomj.cc,,1
nkppdfvyvwhat.com,dga.cryptolocker,1
vzarkuzoe.biz,,1
gdqxfejlcij.net,,1
nyaecndcqkfljech.ru,,1
milkcold.net,,1
subwaymexico.com.mx,normal.alexa,0
iust.edu.sy,normal.alexa,0
lafshplayergetadobe.net,,1
traposefiapos.com.br,normal.alexa,0
ikzcqdxpfgw.net,,1
ubaldi.com,normal.alexa,0
jfhmrxwnctdysia.cm,dga.necurs,1
vonyzof.com,,1
nyeqougfecvxtjt.org,dga.cryptolocker,1
nzdvsnofhvjtectek.info,,1
sterlingwebforms.com,normal.alexa,0
tafeqephxcpidrrv.info,dga.qakbot,1
eomfndyqmfti00.com,,1
dpzekxsooppojp4.com,,1
btcoasis.com,normal.alexa,0
xlrszdganrprswkrorsvohmskythi.net,,1
apfemjscxhykjusmnjbwoxemt.ru,,1
promo.ua,normal.alexa,0
sancedetem.cz,normal.alexa,0
umbriaingol.it,normal.alexa,0
tyifbhu.eu,,1
xtremegists.com,normal.alexa,0
centarahotelsresorts.com,normal.alexa,0
vnksouwnayieauce.eu,,1
margo.travel,normal.alexa,0
ojwosjgjv.biz,,1
zvknyxmqellheoo.com,,1
oardzkfbvxaugngbvacqmxy.info,,1
gytxardenslavetusul.com,,1
dlwskramxtaikt.tw,,1
newsheadlines.com.ng,normal.alexa,0
gdpweabvbjdcl.co.uk,,1
googleblog.blogspot.com.es,normal.alexa,0
mkxzfd.info,,1
tapety-sklep.com,normal.alexa,0
zdrave.cz,normal.alexa,0
ufktxmqr.biz,,1
fosicxeo.ru,,1
rurl.me,normal.alexa,0
rocha.gub.uy,normal.alexa,0
zoomtra.com,normal.alexa,0
12ec9jdt4px781d460i910pr09j.com,,1
sportsjournalists.com,normal.alexa,0
php168.net,normal.alexa,0
zybyjej.info,,1
puvul.eu,,1
cyamdng.net,,1
trucksale.ru,normal.alexa,0
facelift-bbt.com,normal.alexa,0
sexydb.net,normal.alexa,0
taylormadegolf.jp,normal.alexa,0
alupixcbmv.ru,,1
jrpscxkwcmbyljtcibvpnf.ru,,1
ramsheadonstage.com,normal.alexa,0
edeudijrs.com,,1
rokmicla.ru,,1
ycekpartbulkyf.com,,1
auto-jonas.de,normal.alexa,0
17daa8615onb5a1w4iur6upvx2f.biz,,1
wirathil.ru,,1
sil.lt,normal.alexa,0
dailyconsumerguide.com,normal.alexa,0
lonnrzmqsgngksg.net,,1
resultjobalert.com,normal.alexa,0
gllborergadal.com,,1
byctuvbwvyrbabyxw.com,dga.qakbot,1
termcat.cat,normal.alexa,0
qcamukeqaa.org,,1
latinfoodfest.com,normal.alexa,0
tadeobeflashplayerg.net,,1
umdyhoumtutyktcguto.com,,1
kjxgpeem.com,,1
1b9bc0f55dfb691f865eec395cce75ae.info,,1
joomboost.com,normal.alexa,0
aghhsclyhixi.su,,1
rivistaundici.com,normal.alexa,0
sna2mnwp3xi4kr7l5xuluxc.ddns.net,,1
o5dcd4344a3f8f565077d0430e9fb25663.tk,,1
bestgamemobiles.com,normal.alexa,0
ftpivksxetcsmtua.eu,,1
dqbgenmwm2b1kpig881k82nnk.net,,1
deutschseite.de,normal.alexa,0
ekjzjcuiwcymao.biz,,1
hivebeat.com,normal.alexa,0
alinhwtnspculj.com,dga.ramnit,1
creditcredo.ru,normal.alexa,0
6sa8uoyou8ak.top,,1
chbqrhunxg.com,,1
uoqjhte.eu,,1
rbxspvs.biz,,1
avivahealth.ie,normal.alexa,0
h-o-r-n-g-r-y.tumblr.com,normal.alexa,0
eparts.lv,normal.alexa,0
seepctcqqihfiuph.eu,,1
oicktykedq.com,,1
sateen.com,normal.alexa,0
sxaz892j0t2r.org,,1
sprinklerwarehouse.com,normal.alexa,0
vgdytwzehw.ru,,1
trafficmasteryintensive.com,normal.alexa,0
lovefond.ru,normal.alexa,0
ukxdvqjnmqmlpqq.org,,1
hatweiku.ru,,1
importclothes.com.br,normal.alexa,0
xmsumqn.info,,1
pqmtuqstmloott.com,,1
aqzejqqowqfaehqzrbg.com,,1
1vahj191kvmz3jlex6ha12ocw23.net,,1
chqycawqy.mooo.com,,1
toi.com.mx,normal.alexa,0
fitnessliga.ru,normal.alexa,0
featherbikes.nl,normal.alexa,0
pixelthoughts.co,normal.alexa,0
anmum.co.th,normal.alexa,0
minsalud.gov.co,normal.alexa,0
msbnoangnzcwgfkxomvtgdstc.biz,,1
hvgbook.net,normal.alexa,0
pufubig.info,,1
webanswers.com,normal.alexa,0
mtawotiwmtya.net,,1
kkfeklhfqt.biz,,1
developers-inc.com,normal.alexa,0
multiplaytelecom.com.br,normal.alexa,0
dpg34wb1hqvxkutvb4.cn,,1
soukai.my,normal.alexa,0
mluztamhnngwgh.com,,1
d-zykin.livejournal.com,normal.alexa,0
wesleyanargus.com,normal.alexa,0
dirtzonebagattractroomcandle.com,,1
jjghziw.com,,1
leble.com.ar,normal.alexa,0
qjw1qjwter0x.org,,1
famma.org,normal.alexa,0
oqucndrrtbrtgmvw.com,,1
ztdgsjvhbw.com,,1
sfqswimsquad.com,normal.alexa,0
1zh455j4je.net,,1
schuhbeck.de,normal.alexa,0
heronewsonline.com,normal.alexa,0
amherstcinema.org,normal.alexa,0
busgxizhmibonqowkvdnfmforaegy.ru,,1
whoozin.com,normal.alexa,0
qqkxdhw.mooo.com,,1
uniondiamond.com,normal.alexa,0
rc624480568a28a93d17697bfef6506f9e.in,,1
dhondu.com,normal.alexa,0
uxcdqpa.org,,1
29.com.my,normal.alexa,0
shrewyou.com,normal.alexa,0
thefifthcolumnnews.com,normal.alexa,0
rayraw.com,normal.alexa,0
bpmldkcxyacuxlql.biz,,1
egbmbdey.net,,1
gtlyp815icjno18t8ksy1o20ja8.net,,1
oaklandcountymoms.com,normal.alexa,0
markentive.fr,normal.alexa,0
usqgwcoaemmyaowy.org,,1
sentencedraftgrasssailtravel.com,,1
danceelektro.net,normal.alexa,0
8x7po61htcwsq1hzy73z1jwoivv.net,,1
pejtoothdvtyhhtvbarkf.ms,dga.necurs,1
thrillandkill.com,normal.alexa,0
idtkd2r88rh8vo15y5p1hrjo.org,,1
galefihituz.eu,,1
zeropc.com,normal.alexa,0
u5c39328a2928dbf3740fee5824c387267.cc,,1
parfumerie24.ch,normal.alexa,0
ussmgqcmkmouuwos.org,,1
5lkl55zxa211j3.net,,1
katholische-kindergaerten.de,normal.alexa,0
lorerpedotntex.info,,1
creation6days.com,normal.alexa,0
treasurydirect.net,normal.alexa,0
nirmanov.ru,,1
calneuro.org,normal.alexa,0
livavntadqqtrspi.eu,,1
ogicinalcentricem.com,,1
nimblechapps.com,normal.alexa,0
mcgiyeeqsmymeisk.org,,1
erodov.com,normal.alexa,0
vaarofwoaci.ddns.net,,1
pepeenergy.com,normal.alexa,0
nttif.com,normal.alexa,0
exploreredotnt.net,,1
elephantnaturepark.org,normal.alexa,0
mh.co.za,normal.alexa,0
gameofwar.exchange,normal.alexa,0
franconnect.net,normal.alexa,0
artmir.ru,normal.alexa,0
envyrbztu.net,,1
testfunda.com,normal.alexa,0
fvmyvikhchnp.com,,1
dqnogwhrmb.biz,,1
n6063a2d4dd2069c1e6a32799bcd28a620.cn,,1
k9safesearch.com,normal.alexa,0
hjfson.com,,1
suvqtxbpxogqg.com,,1
bbtflrghufwutxujka.com,,1
saladbottlereleaseadmire.com,,1
onpagedoc.com,normal.alexa,0
ya-7.com,normal.alexa,0
bigscreenforums.com,normal.alexa,0
cutralcoalinstante.com,normal.alexa,0
encuawuqihuf.ddns.net,,1
kilydifao.com,,1
ironmangames235.com,normal.alexa,0
uchealthbillpay.org,normal.alexa,0
cpaqqjv2f80ialg8.net,,1
avstreaming.net,normal.alexa,0
invidis.de,normal.alexa,0
bfodzup.dynserv.com,,1
amarok.com.ua,normal.alexa,0
cobalt-sky.com,normal.alexa,0
uniraj.ac.in,normal.alexa,0
zsfkjkmm.com,,1
jpyuzmpi.info,,1
zampettiamo.wordpress.com,normal.alexa,0
19tlcqt1eeeamn1gun5ao110o6rg.net,dga.post,1
bfubjibyhkck.com,,1
kitticat.de,normal.alexa,0
pzxxmachuslazaroqok.com,dga.banjori,1
airporttaxis-uk.co.uk,normal.alexa,0
ec9.info,normal.alexa,0
myslivost.cz,normal.alexa,0
irjorx.com,,1
steamworksbaths.com,normal.alexa,0
atod.net.au,normal.alexa,0
alibux.ir,normal.alexa,0
azhd.ae,normal.alexa,0
proshowblog.com,normal.alexa,0
pvfajcahqukjtgmzdcieieivdm.org,,1
mmdckewbjshjku.cc,dga.ranbyus,1
geni.com,normal.alexa,0
mpmotqfyedrlwsxrra.com,,1
banmafeo.ru,,1
geschichte-zu-fuss.de,normal.alexa,0
ibtgongchang.com,normal.alexa,0
bayanlaraozel.com,normal.alexa,0
tyx10xjt2aprhlun.cn,,1
tqnabsd.ru,,1
vegasworkout.com,normal.alexa,0
golrang.com,normal.alexa,0
dyson.com.sg,normal.alexa,0
relationreserveprintrubdisappointed.com,,1
hillstonenet.com,normal.alexa,0
gnjusuknjovhlaiydcuuw.biz,,1
xpxnymcisj.info,,1
ucmaejhoyuiahmnphz.com,,1
thankyoumessagesforyou.blogspot.com,normal.alexa,0
nozawakanko.jp,normal.alexa,0
ns1.backdates14.org,,1
y6jmm7hrwycy10zj8h011spab1.com,,1
3ae6b2a686d669647372545293fdbdf8.org,,1
evroplast.ru,normal.alexa,0
lnythahmdibaeaylheylpbteqni.ru,,1
fuli.ge,normal.alexa,0
rtrrllaabettingk.com,dga.banjori,1
ns1.backdates11.net,,1
mkzkzvjzlbu.com,,1
whitman.edu,normal.alexa,0
lqngyu.net,,1
pjzprxcwdeksr.com,,1
qfupwpmr.org,,1
199pykqibcno5zdnplh5f7r9k.biz,,1
jp-xvideosex.com,normal.alexa,0
popcorn.gr,normal.alexa,0
ockimsqoeiogmsak.org,,1
18c5jfbj41whzm7uc5ukqqevs.org,dga.post,1
44mm.info,normal.alexa,0
bihbebwaisfr3.com,,1
meiiuwrzdj.yi.org,,1
joezimjs.com,normal.alexa,0
abwgyhuqwiz.yi.org,,1
eyqpthoodivettewl.com,dga.banjori,1
utxvwvun.info,,1
z4rw2q5xkm.com,,1
inoar.com,normal.alexa,0
rugbiroj.ru,,1
3e3d1f0b4f40adc67f461ca391f9cacc.org,,1
ap13.in,normal.alexa,0
meapowic.ru,,1
meineangebots-post.de,normal.alexa,0
tunptwmf.com,,1
tqqecuixcvxjokgpjnymr.sx,,1
creapulse.fr,normal.alexa,0
booklikes.com,normal.alexa,0
qizqvinskycattederifg.com,dga.banjori,1
5d3p1vmh1pi078a238c.ddns.net,,1
unicosigorta.com.tr,normal.alexa,0
wydadclub.com,normal.alexa,0
pornolistesi.com,normal.alexa,0
bymyshop1.tk,normal.alexa,0
90sports.com,normal.alexa,0
543tapwdy4y418yrwla456e.ddns.net,,1
think360studio.com,normal.alexa,0
mztllrpvrgzhlguxnzwcqae.ru,,1
qvdlyqwuivjyljwl.biz,,1
fmdnbbnmeaboflaf.com,,1
whkxupcuppigue.in,,1
motivbowling.com,normal.alexa,0
business-ideal.ru,normal.alexa,0
vitrinepix.com.br,normal.alexa,0
devnot.com,normal.alexa,0
android-mobile.ru,normal.alexa,0
eykrjirpjmqcjk.com,,1
cssmenumaker.com,normal.alexa,0
themecloud.io,normal.alexa,0
norges-bank.no,normal.alexa,0
synonymo.fr,normal.alexa,0
yukofrchcrfty.info,,1
dsmpffiinypwtweqkbyltgcyoz.ru,,1
pressdev.ru,normal.alexa,0
rainmeterthemes.com,normal.alexa,0
vdpjnkignr.pw,,1
compredietlight.com.br,normal.alexa,0
mwjsllseqknqoyitzcuyhk.com,,1
y7sta3cl2b4t.net,,1
breakfastplacerecognizeexist.com,,1
etshvx.org,,1
itnext.in,normal.alexa,0
avvanta.com,normal.alexa,0
misjuegos.com,normal.alexa,0
ns1.backdates13.org,,1
qbjlxgnyplggcxfox.net,,1
mrcvuicqffei.ru,,1
upueoagnlcvuxgh.com,,1
qopzererwyatanb.com,dga.banjori,1
bpnepoel59t49iu.net,,1
ridesnowboards.com,normal.alexa,0
shogdar.net,normal.alexa,0
isjitg.com,,1
holkynajisto.cz,normal.alexa,0
freestockphotos.name,normal.alexa,0
mjvvmjulznh.biz,,1
noberplast.com,normal.alexa,0
gatewaitamazingavoidcake.com,,1
31tv.ru,normal.alexa,0
gmqqqgcciysgwiec.org,,1
abaeobfbdlceckkf.com,,1
loveramics.com,normal.alexa,0
qkxomppxpnfqvp.org,,1
pajero4-club.ru,normal.alexa,0
moneywebsearch.com,normal.alexa,0
corma.cl,normal.alexa,0
casexx.com,normal.alexa,0
docplayer.no,normal.alexa,0
ebjjehnmlcnb.com,dga.tinba,1
qugphnydvrkt.biz,dga.tinba,1
ccblcbcclmblabkc.website,,1
hmqsckpxngkodqr.com,,1
rclvrjfuwaylypemofllqkofay.com,,1
mrskincdn.com,normal.alexa,0
gajazmoon.ir,normal.alexa,0
wsyowk.info,,1
td3a2811eba6794d1aa7810bd9e22f5f7a.in,,1
27o9qr8l6zgt.net,,1
df.cl,normal.alexa,0
tejvyefutkgf.com,dga.tinba,1
4d782b76c332247d0762a5213eb49c20.info,,1
kamiyutaka.com,normal.alexa,0
pricelist.co.id,normal.alexa,0
triedover.net,,1
hilltromper.com,normal.alexa,0
tasty-dishes.com.ua,normal.alexa,0
lojza.cz,normal.alexa,0
deumtov.info,,1
bitstudio.eu,normal.alexa,0
console-deals.com,normal.alexa,0
rosozsei.ru,,1
eiaecswuwokccigo.org,,1
theseteach.net,,1
reliv.com,normal.alexa,0
ajduboakyg.info,,1
dudlyqwwinmr.net,,1
ghanaembassy.org,normal.alexa,0
investigo.co.uk,normal.alexa,0
frzozqivozg.org,,1
adagiotour.com,normal.alexa,0
kantarworldpanel.com.tw,normal.alexa,0
arnicare.com,normal.alexa,0
howshost.com,normal.alexa,0
gosozgaf.ru,,1
gr3l70afkbm6a2kfgjy.ddns.net,,1
ergetadobefylashpla.co.uk,,1
ashpllayergetadobef.co.uk,,1
entertv.net,normal.alexa,0
4adc7a0edbc024be67d569e806809db8.org,,1
cyberport.hk,normal.alexa,0
odhfuh.com,,1
gyjjanerraticallyqozaw.com,dga.banjori,1
jobzilla.ng,normal.alexa,0
cqgcowhx.work,,1
cricman.com,normal.alexa,0
iso-group.com,normal.alexa,0
tluocofuvzbn.info,,1
xplenhozcb4t5x.com,,1
jrciuskxwtkbcuqdlvdmrkb.ru,,1
nspiresolutions.co.za,normal.alexa,0
xcpypaxo.top,,1
genious.net,normal.alexa,0
chatdaneshjoo.com,normal.alexa,0
eyhxkqwcugifepcmzbiayemqqo.ru,,1
imo.com.pl,normal.alexa,0
lrlxihvjlfdm.info,,1
rodiautosport.es,normal.alexa,0
arjunphp.com,normal.alexa,0
pwhkcheupkriyw.com,dga.ramnit,1
xuhexad.info,,1
nodal.am,normal.alexa,0
deca.org,normal.alexa,0
tokyoidol.jp,normal.alexa,0
xuhaqun.info,,1
kroll.com,normal.alexa,0
fdwgswrsoburbh.org,,1
trackitdown.net,normal.alexa,0
lealeahotel.com,normal.alexa,0
paylinedata.com,normal.alexa,0
marpeople.com,normal.alexa,0
tubyrose.com,normal.alexa,0
diabet.ru,normal.alexa,0
ely-keskus.fi,normal.alexa,0
korunet.co.nz,normal.alexa,0
icp100.com,normal.alexa,0
pttsnilglbuj.com,dga.tinba,1
u3wpirkxiv85.net,,1
gjlpyyoxmgodny.info,,1
1ja3ljpbsb1vzypfhk515yqj3d.net,,1
popupearn.com,normal.alexa,0
getnews.info,normal.alexa,0
sws27.16mb.com,normal.alexa,0
zhyczx.com,normal.alexa,0
56bf06c230af17d22991e27071d41faa.co.cc,,1
tokyoworkspace.com,normal.alexa,0
futurity.org,normal.alexa,0
mtc-it2.be,normal.alexa,0
kyshkzrywomdwxavn.net,,1
transylvaniatimes.com,normal.alexa,0
peugeot.bg,normal.alexa,0
bookmarkwebby.com,normal.alexa,0
hdoblqnvax.com,,1
memopal.com,normal.alexa,0
hnjsrcw.com,normal.alexa,0
artamarketing.com,normal.alexa,0
154nby52bgme.com,dga.shiotob/urlzone/bebloh,1
psmpgijfagvss3q.com,,1
bcfknodaconmcbef.co.uk,,1
edu.sh.cn,normal.alexa,0
slkmypxopoidza5h.com,,1
rvlgxednv.biz,,1
cmknxwzdlmvqogukzovkjhia.ru,,1
piratestreaming.com,normal.alexa,0
ekoizolacje.pl,normal.alexa,0
motorhomefun.co.uk,normal.alexa,0
hsselite.com,normal.alexa,0
internacionaldemarketing.com,normal.alexa,0
owukpanegakoi.ddns.net,,1
everfree.co.uk,normal.alexa,0
clickbooq.com,normal.alexa,0
icpviologistbikerepil.com,dga.banjori,1
hakanyatkin.tumblr.com,normal.alexa,0
24o7twzx1hcogskalt.com,,1
eoyikqeogm.org,,1
theinnercircle.co,normal.alexa,0
diplomadosidg.com,normal.alexa,0
pbrwevf4neacb.com,,1
bodenclothing.com.au,normal.alexa,0
internationalgraduate.net,normal.alexa,0
zsbjpgr.info,,1
visualon.com,normal.alexa,0
harmonica.com,normal.alexa,0
oynmsz5j45vld1cayj.ru,,1
kmu.ac.kr,normal.alexa,0
ibaevcvnu.yi.org,,1
pukqvqvlbjgrifyg.info,,1
kzsr1wutc5n86oguge5oxrxy.com,,1
dishisjewels.com,normal.alexa,0
nostradamusbet.it,normal.alexa,0
hanam.gov.vn,normal.alexa,0
cicssisweakusyuq.org,,1
1fiyyvy1gdkx3h1v26dnh15zcgrk.com,,1
crunchbang.org,normal.alexa,0
idsrif.com,,1
eleconomista.es,normal.alexa,0
cottonclubjapan.co.jp,normal.alexa,0
bikjwhfmxjt.biz,,1
5abdccec6423b5b6e49e0081f943d664.co.cc,,1
mnghgpufqz.top,,1
aquario.com.br,normal.alexa,0
5q34her4l2z8.org,,1
ticketforevent.com,normal.alexa,0
emsewumoemuiigkw.org,dga.ramdo,1
fcairv.com,,1
yoovite.com,normal.alexa,0
fpiuvyv.eu,,1
jnwwfdlzpcp.com,,1
oreredotntexlp.net,,1
medicanimal.es,normal.alexa,0
gs-workfashion.de,normal.alexa,0
temok.com,normal.alexa,0
kredicikartilir.com,normal.alexa,0
9yuo3awl8bwtodozky1cq0fzm.com,,1
beneoshop.com,normal.alexa,0
xlyujnwjqkmjda.cc,,1
frooqlsluglb.com,dga.tinba,1
trade-dsn.com,normal.alexa,0
smu.ir,normal.alexa,0
xprqqt715poal52egr1e5wyn0.net,dga.post,1
10f9vuz1yku7xxvkneou1cl1o1x.org,,1
ifypccmwkjya.com,,1
1hnnghy191kku71f0l7wc13ywiek.org,dga.post,1
oxfordfajar.com.my,normal.alexa,0
farajimfinanga.com,normal.alexa,0
lgufajzqghtpjtmfxspnrsytbuf.com,,1
egcnlcpazgspxgqnmseob.biz,dga.qakbot,1
tmpbhicbkw.com,,1
wumii.org,normal.alexa,0
owyglheqzf.net,,1
nos-services.com,normal.alexa,0
superherodb.com,normal.alexa,0
zonatattoos.com,normal.alexa,0
fsgpkznbnwmpjijctbund.com,,1
bhsi.org,normal.alexa,0
playergetahdobeflas.net,,1
5lz6pytigdpg6ku9.biz,,1
bdoqqmgjfgicxmgsdf.com,,1
mpo.com.my,normal.alexa,0
lyalkay.info,,1
jogosonlinedez.com,normal.alexa,0
bgfefnmmwxxi.com,,1
ndyiitbjonge.net,,1
kdufk9q3gd27.top,,1
hmzxhaauuseqskuwpnxoxzlgemfl.ru,,1
ciuamen.com,,1
xfaxeyiopiqqrpu.com,,1
spazioauto.it,normal.alexa,0
arash98.com,normal.alexa,0
prxwvgrjahxz.net,,1
revolutyon.com,normal.alexa,0
qlgrddrdqdkreslkk.com,,1
eimgzynqzgxhanv3k.com,,1
checkernet.com,normal.alexa,0
dispatchertrucking.com,normal.alexa,0
qbmpocwihlujbvp00.com,,1
jewishfederations.org,normal.alexa,0
triedfeed.net,,1
persecondnews.com,normal.alexa,0
sexesuper.com,normal.alexa,0
billa.sk,normal.alexa,0
mytuxedo.com.au,normal.alexa,0
vlondoncity.co.uk,normal.alexa,0
d2atzm1vsefngnhfnvy1bs1d87.net,,1
njadvancemedia.com,normal.alexa,0
ykifpyzhl.com,,1
ukrainian-sex.com,normal.alexa,0
smallserver.info,normal.alexa,0
seoempresas.net.br,normal.alexa,0
citysites.se,normal.alexa,0
estherschipper.com,normal.alexa,0
socqmntwgibaulvskvtobujfhyujf.net,,1
amdonjgbepdny.com,,1
ns1.dnsfor10.biz,,1
zboxmedia.com,normal.alexa,0
trustfax.com,normal.alexa,0
lbrctkgk.org,,1
bq9l1hv2vi5m1aszczwdu2glb.net,,1
46045188f0d945104b5498f9d6e39db2.org,,1
superanimes.com,normal.alexa,0
indiatravelsonline.blogspot.in,normal.alexa,0
xjmimtotcwycctm.org,,1
sunvalleyhonda.ca,normal.alexa,0
fantasticfunandlearning.com,normal.alexa,0
rais.gov.br,normal.alexa,0
mhudddncuutzkdqdhehhatx.org,,1
edicioncoleccionista.com,normal.alexa,0
predictwallstreet.com,normal.alexa,0
heflai.com,,1
kidzunderwear.nl,normal.alexa,0
prologix.ae,normal.alexa,0
skarpline.com,normal.alexa,0
urdulafz.com,normal.alexa,0
wstwtztsglrgciwkaehkvzhytau.org,,1
gjbhgds.info,,1
dbocom.com,normal.alexa,0
nfmjrcbniuma.net,,1
elztalhotel.de,normal.alexa,0
hunter-boot.tw,normal.alexa,0
kimiastone.com,normal.alexa,0
webpuller.net,normal.alexa,0
insauga.com,normal.alexa,0
cpugnn.cc,,1
rvcewvr.net,,1
clicksagent.com,normal.alexa,0
outletexpert.sk,normal.alexa,0
workcast.net,normal.alexa,0
1w95tatqktka1ah.net,,1
learningspanishlikecrazy.com,normal.alexa,0
vjhhbbhmfivkvw.com,,1
1q6bod6ahxswx18956nhswvbx4.net,,1
pornleech.to,normal.alexa,0
visionlabapps.com,normal.alexa,0
hacakoz.info,,1
clientdescribebelievesink.com,,1
jffrolsvcqqd.com,,1
pyytuhxvw.work,,1
webyworth.com,normal.alexa,0
vki30v13mq779y80lxq1b49pst.com,,1
kdwbzwumuq.net,,1
syxyymsruy.dynserv.com,,1
vserisunki.ru,normal.alexa,0
nrmiyuvmajczmsr.biz,,1
london-irish.com,normal.alexa,0
epijqdojila4w2e0qnq.ddns.net,,1
djangobooks.com,normal.alexa,0
emosgwoyceesikkw.org,,1
sellfree.kr,normal.alexa,0
hd7m7a312n3ggj5rsr.com,dga.rovnix,1
huzcxiiue.com,,1
7do6u8ebm4kxm6s0g0mxwde.ddns.net,,1
sportfishingreport.com,normal.alexa,0
conceptnova.org,normal.alexa,0
fpnkjkvdpukjkg.co.uk,,1
pbbdirekt.com,normal.alexa,0
assessmentcenter.ph,normal.alexa,0
averydennison.eu,normal.alexa,0
cuponation.it,normal.alexa,0
opposition24.de,normal.alexa,0
invodo.com,normal.alexa,0
chipchick.com,normal.alexa,0
backlinkshop.ir,normal.alexa,0
aspo.com,normal.alexa,0
hirschag.com,normal.alexa,0
freesatoshibit.com,normal.alexa,0
iriwf.ir,normal.alexa,0
pardikshop.com,normal.alexa,0
qf274cf65e455ac8854a9d72f709b9930c.cc,,1
audio-heritage.jp,normal.alexa,0
peterkellner.net,normal.alexa,0
maksavit.ru,normal.alexa,0
sd1wwk5uyvin17zponp1a8rjoi.org,,1
gmsicuiemqygmeyq.org,dga.ramdo,1
gc7e72f40200ea3e98f81b6ac9aeac4ca1.to,,1
qrpimssqdpvzx.com,,1
xgeubiuglpswhwcpdemjd.ru,,1
arakfilm.com,normal.alexa,0
toouke.com,normal.alexa,0
brndle.in,normal.alexa,0
sagfaat5iy2jw.com,,1
nexentire.com,normal.alexa,0
aybumvwisnmjoatw.eu,,1
bfnzardenslavetusul.com,dga.banjori,1
lmbnemcfccdfbfbn.info,,1
853cc9pscsbc1k22oqu16b0esk.biz,,1
seijinmanga.info,normal.alexa,0
planetsono.com,normal.alexa,0
zxmrtsgiivgbeprhjvlrnbxpzd.net,,1
neihanshequ.com,normal.alexa,0
wcmkdtjaamedvk.pw,,1
bizarropub.com,normal.alexa,0
android-zone.fr,normal.alexa,0
inmovement.com,normal.alexa,0
straitfood.com,normal.alexa,0
ihentai69.com,normal.alexa,0
gossip119.com,normal.alexa,0
files4shar.in,normal.alexa,0
peoplesgist.com,normal.alexa,0
vdbkm.com,normal.alexa,0
fila.com,normal.alexa,0
yhaieodynn.com,,1
xolswtlvqatgke.com,,1
happal.com,normal.alexa,0
giorfd.com,,1
toovcn.com,,1
g232dca2c8bbf4e381d4f863f4ea01553f.cc,,1
datamation.com,normal.alexa,0
aplowfpsos.com,,1
schoolcountcommentdoubtpage.com,,1
ocwckgyouamkiqqu.org,dga.ramdo,1
1rkbtncmbop5j14htmt81ecnbmi.com,,1
lrgxwsixrhonlvxxb.net,,1
qh7jk87ta87l5bw81to0op3.ddns.net,,1
yakitoro.com,normal.alexa,0
bff-online.de,normal.alexa,0
fastlife.su,normal.alexa,0
appmessages.com,normal.bambenek,0
mlgqbwplxumumh.com,,1
8tmfg9a38xur.org,,1
newcastle-nsw-australia.com,normal.alexa,0
tuugo.co.nz,normal.alexa,0
iuybmf.com,,1
kupindoslike.com,normal.alexa,0
msuk-forum.co.uk,normal.alexa,0
dalecarnegie.in,normal.alexa,0
lriel.ru,normal.alexa,0
tercerodecarlos.blogspot.com.es,normal.alexa,0
fmfuwfgvhs.biz,,1
r4563s5qrw9e.org,,1
jfsngvnjoipwc.org,,1
247dist.com,normal.alexa,0
urupdoxefetope.ddns.net,,1
encycolorpedia.pt,normal.alexa,0
opel.com.tr,normal.alexa,0
sicveotu.ru,,1
eyryfqolfihbdraumksq.bz,,1
swhibidenjwnrpjwfmfuusdizxwca.ru,,1
milkadeal.com,normal.alexa,0
avtobus-bilet.ru,normal.alexa,0
8b16841c50f9eee6f685891faed2e59c.co.cc,,1
okmalta.com,normal.alexa,0
qscsymygz.com,dga.conficker,1
tuturaixaedgsii.com,,1
vjqtvinskycattederifg.com,,1
cacfomiq.net,,1
pizcbudu.ru,,1
woonislequuvge.ddns.net,,1
lapor.net,normal.alexa,0
tehnopolis.com.ua,normal.alexa,0
puescuwaixxutix.ddns.net,,1
cexwkjprrrjlpuuj.eu,,1
op6c1p1sp2hd5kkfrxw1r9nool.net,,1
irdepfswxvsovgmbuskhtwrgyug.info,,1
hintergrundfakten.de,normal.alexa,0
klubok-info.ru,normal.alexa,0
swdfhbiqyitjsqcukipnbqdu.net,,1
tel03.com,normal.alexa,0
canyin168.com,normal.alexa,0
cosmojin.com,normal.alexa,0
bolipozp.ru,dga.pushdo,1
bgnmdbdxudkh.com,dga.tinba,1
nsdnjdz2174wjofp.cn,,1
699bcbf80fb09c7675f6d1de6720806d.info,,1
krhllpqrwrlfmgkqy.com,,1
d2x0dxrd10r11zi7.org,,1
niktapardaz.com,normal.alexa,0
ovqsgbjxuhytkhvk.eu,,1
ceparou06.fr,normal.alexa,0
eter9.com,normal.alexa,0
vowubet.info,,1
qeacakab.ru,,1
cdress.club,normal.alexa,0
pifwoqm.eu,,1
bez-kabli.pl,normal.alexa,0
zcdsjgd.info,,1
weeklystandard.com,normal.alexa,0
youtube1.uk,normal.alexa,0
camelpark.hu,normal.alexa,0
subliblanks.com,normal.alexa,0
eigkrasildeafeninguvuc.com,dga.banjori,1
creamattemptroomwriteloose.com,dga.matsnu,1
icbernareggio.it,normal.alexa,0
ebatx.com,normal.alexa,0
14utvgi18a6xkm1jimcfy14f3tfy.com,,1
fnlgeywuwzjwon.com,,1
chicagocityscape.com,normal.alexa,0
mypiday.com,normal.alexa,0
jxqevinskycattederifg.com,,1
uunz.org,normal.alexa,0
navarrafutbolclic.com,normal.alexa,0
5p72mbofmlql1hc.ddns.net,,1
northeme.com,normal.alexa,0
qarilluf.ru,,1
dreamtrends.in,normal.alexa,0
cggmvp.biz,dga.conficker,1
ms3d696z1tzk14ic2jj1cyw8zq.org,,1
zmxaejzrdt.net,,1
pmegc4b5ge28a80hq7cfqkb4.net,,1
tzavklpdlngp.com,,1
6d4622f29036d2978dec21cacd86e2e5.info,,1
grtkvqi.net,,1
zndlmm.com,,1
6fohqv4hyzg5.net,,1
cfrsxwldlyb.info,,1
on-co.com,normal.alexa,0
aaowsakuwsqkeomu.org,,1
tn63gs5swkmw1mxx47t1on7v85.net,,1
fhygepictom.com,dga.banjori,1
uyyosuskwy.com,,1
nicecycle.com,normal.alexa,0
yes24.co.kr,normal.alexa,0
ns1.backdates10.info,,1
ukpsomnculxyxwdyztlxwr.ru,,1
betrally.com,normal.alexa,0
rydypuludoc.eu,,1
futuretv-group.com,normal.alexa,0
asaecenter.org,normal.alexa,0
copytrust.ru,normal.alexa,0
gfusyyf.info,,1
zadig-et-voltaire.co.kr,normal.alexa,0
msxhellefrictionlessv.com,dga.banjori,1
browaxts.info,,1
guvdtyhth.net,,1
rtnmohzdv.ws,,1
financekickmetallostiron.com,,1
uugecqukalotqjrw.biz,,1
bntkfpbk.org,,1
tpohuucvmrydv.com,dga.ramnit,1
ajaxlife.nl,normal.alexa,0
outlookpasswordrecovery.net,normal.alexa,0
g5unk1yjs56j.top,,1
huuw.info,normal.alexa,0
bok.or.kr,normal.alexa,0
mujer4es.com,normal.alexa,0
pcirtlav.cc,,1
saqoxwkkzyec.mooo.com,,1
thetimebum.com,normal.alexa,0
nkjomvzwmh.cc,,1
ns1.dnsfor17.biz,,1
emtcyhjvi.info,,1
qglgijnppcaaydevdovdba.ru,,1
burson-marsteller.com,normal.alexa,0
diariodeabordoblog.com,normal.alexa,0
boeflashplayergetad.net,,1
jvaobemuduf6pvzz.ru,,1
gedepangrango.org,normal.alexa,0
1sl502oo6d1mm17g0oz11flw97y.biz,,1
ydulz.info,dga.conficker,1
pimfg.com,normal.alexa,0
lihwcol.biz,,1
sisco.info,normal.alexa,0
bolwcobiikgd.com,,1
fomzxbnh.net,,1
beausoleil.free.fr,normal.alexa,0
to7f2tkk0urb60r1.biz,,1
brlmhjkei.info,,1
expireddomaintracker.com,normal.alexa,0
jwsohhksuhotism.biz,,1
1l5doat1oph95e1jcbb6f1d5xvav.org,,1
liygshqeurywer.com,,1
dhffbfnqgo.tv,,1
sb7hopq2exotovudg6e.ddns.net,,1
s2suo68awqsm.org,,1
spotserver.ch,normal.alexa,0
v01m3g9i7wpu.com,,1
1afryr11c71jr1bw2uxepy4nwv.com,,1
suntelsite.com,normal.alexa,0
candidatedecidechargerip.com,,1
oaktreemazda.com,normal.alexa,0
golden-goalz.com,normal.alexa,0
yfevwbqt.ru,,1
lowawata.info,normal.alexa,0
fkxlawkphehzrav42.com,,1
deli-dolce.com,normal.alexa,0
appsforfanpage.com,normal.alexa,0
1c-24.com,normal.alexa,0
ahomemadechef.net,normal.alexa,0
ividtube.info,normal.alexa,0
fb467dc2f2b0485d1d60e3c6c3cd84c4ee.ws,,1
evavrppkwekyklpg.eu,,1
sportarena.az,normal.alexa,0
ceatirka.ru,dga.pushdo,1
nichibenren.or.jp,normal.alexa,0
hhwxbvdgsbuphhrgcjb.com,,1
omagsq.com,,1
1o26.com,normal.alexa,0
txrptmrsqzlrrmq.net,,1
husvrbutxvoz.cc,,1
tbqjgkjuktie.net,,1
qqzuqiu.com,normal.alexa,0
wwlfjojhsogcbipvd.com,dga.ramnit,1
creehack.net,normal.alexa,0
chemanman.com,normal.alexa,0
wb1862f78680efb5f87d27ed9fe01744d7.hk,,1
slvrdlphn.com,normal.alexa,0
tfes.org,normal.alexa,0
uwuowkbtcefaifonqkvgdkfni.ru,,1
oqhtepictom.com,dga.banjori,1
icasa.org.za,normal.alexa,0
syiucfitijovwb.com,,1
dubailondonclinic.com,normal.alexa,0
imoveisdorna.com.br,normal.alexa,0
dygod.com,normal.alexa,0
shellblack.com,normal.alexa,0
tn.kz,normal.alexa,0
mdbvdcvuovfcejsek.net,,1
vaszhtkhlg.dyndns.org,,1
funkjodily.ru,,1
lirik-lagu.biz,normal.alexa,0
edulanka.lk,normal.alexa,0
d4wazku5szyr1ldvvvu4jmxhs.org,,1
qjsbbdukof.pro,,1
viajandomejor.com,normal.alexa,0
eo.se,normal.alexa,0
kelnik.ru,normal.alexa,0
1p9u2qbw6wy42f8t3kf1vlhkav.org,,1
ranacard.com,normal.alexa,0
eiismskeayosieyy.org,,1
buyerreview.com,normal.alexa,0
maxfactory.jp,normal.alexa,0
mn.co.cu,normal.alexa,0
skypeenglish.co.kr,normal.alexa,0
ctflames.com,normal.alexa,0
kls.rs,normal.alexa,0
edmbaabcofmmfdfc.website,,1
fkxoqahgdgrpjgbg.eu,,1
hajpivrglnbdustjjbuckn.ru,,1
protech.az,normal.alexa,0
generalhealthsolution.info,normal.alexa,0
socukaoreqqesi.ddns.net,,1
abangsandi.com,normal.alexa,0
gezrynfcss.com,,1
paraellas.net,normal.alexa,0
bahdja.com,normal.alexa,0
malaimurasu.co,normal.alexa,0
onwlaxyjs.top,,1
ihvtnfek.org,dga.conficker,1
vepgbgsxf.org,,1
e-zegarki.pl,normal.alexa,0
opel.pl,normal.alexa,0
mifkqshufmvxhsp.biz,dga.murofet,1
ggwkidablyhoosieraw.com,dga.banjori,1
wfkzggeoutsfzkv.com,,1
searchlinks.com,normal.alexa,0
marshalljonesjr.com,normal.alexa,0
itrisa.com,normal.alexa,0
dizibig.com,normal.alexa,0
qoqnoos.ir,normal.alexa,0
seximotion.com,normal.alexa,0
mdgwotiwmtya.com,,1
shopisfun.asia,normal.alexa,0
ba2020.ir,normal.alexa,0
1kbakgto1qds1e7gn8d1hvo3h3.net,,1
linux-beginner.com,normal.alexa,0
insightbb.com,normal.alexa,0
elgrwtshql.com,,1
x9h7hx1g6mozz1nd1e5ju8jeys.org,,1
watools.es,normal.alexa,0
y5vhgh59d4lj1mhaxlu164bei2.org,dga.post,1
qdekseu.eu,,1
yestotrade.com,normal.alexa,0
rentenhancestablemissscrew.com,,1
quickelse.net,,1
crfoys.com,,1
nothingbutsavings.com,normal.alexa,0
docplayer.org,normal.alexa,0
unepartiedecampagne.wordpress.com,normal.alexa,0
yfynspybryll.com,,1
trainingconsultants.com,normal.alexa,0
ug-park.ru,normal.alexa,0
sepvleasuredehydratorysagp.com,dga.banjori,1
hyfoadediggdwh.cc,,1
ee299b2bda4636276d941b22a8f26355.cz.cc,,1
1dizt0758a9kv1ptkca09xct5s.org,,1
nwhefbgfedcc.com,dga.tinba,1
gfrmjnigdcflxu.net,,1
pangeaseed.org,normal.alexa,0
nethtv.com,normal.alexa,0
rfnprgizqplsnn.biz,,1
etadobeflagshplayer.net,,1
club-maria.info,normal.alexa,0
dlra5g3kwx3gd5weio1kqvtsf.com,,1
skvggdcadoiz.biz,,1
lhraebbbchp.cn,,1
kjxgjffkwlsz.net,,1
kabarsensasi.blogspot.co.id,normal.alexa,0
loksamaj.com,normal.alexa,0
jhlrgvpwjdrxgu.net,,1
1ncg7dl1wg04j1129ccq51e1qvhy.net,,1
frrnnobqicbm.ru,dga.tinba,1
jdqspenykemui.work,,1
artesanos.gob.ec,normal.alexa,0
iqsmithdmwkqrpcab.ru,,1
dbhadqjnhocb.mooo.com,,1
pgo.tw,normal.alexa,0
my-entdecker.de,normal.alexa,0
s4u01.com.ar,normal.alexa,0
dlwiwqq.name,,1
wvpvetlmlnqj.com,dga.tinba,1
univexam.co.in,normal.alexa,0
vz1vg5xtka5cctawcm.biz,,1
employmentnigeria.com,normal.alexa,0
bolamdlptlrnnxefsv.tw,,1
avensia.se,normal.alexa,0
hcsbdabicvfg.net,,1
redmature.com,normal.alexa,0
caxoecuiwcymao.info,,1
ykqcinalcentricem.com,dga.banjori,1
vsemvs.sk,normal.alexa,0
eflashplayergetadob.co.uk,,1
urech.com,normal.alexa,0
fmmilenium.com.ar,normal.alexa,0
obeflashplayergdeta.co.uk,,1
telekomtv.ro,normal.alexa,0
riujjfpxing.com,,1
mobimongez.com,normal.alexa,0
kduehgokdolm.com,dga.tinba,1
nefisyemektarifleri.com,normal.alexa,0
rwrmfwxggstyfxb.org,dga.cryptolocker,1
bernadettetimothyson.net,,1
sja6ml5jix1x707tcvof7hq.ddns.net,,1
yobgxov.info,,1
larep.fr,normal.alexa,0
mobile4persian.net,normal.alexa,0
uyxyxyx.info,,1
pqftlkjnkdmn.com,dga.tinba,1
3dmjyneralq0cty.ddns.net,,1
jhfqjyek.dynserv.com,,1
sdqvststuulg.com,,1
kugedeudivuse.ddns.net,,1
91eg4qgoct.net,,1
onlinewebcheck.com,normal.alexa,0
wqwlplefrostbitecycz.com,,1
mlmsocial.com,normal.alexa,0
odnir.com,normal.alexa,0
juwelkerze.de,normal.alexa,0
igyryfxpwxxl8.com,,1
be3db63f3d054a7ff78fbd03e49b072e.co.cc,,1
epiczone.com.ng,normal.alexa,0
xueda.com,normal.alexa,0
73pgsv482gla15c6f04pfld5c.com,dga.post,1
c2w2cvyxcdmdsvgnwh1nw4a.ddns.net,,1
xp1xo4q2ka0c2tqoy5w0y331.net,,1
osakado-vip.org,normal.alexa,0
canariajournalen.no,normal.alexa,0
owhfumfaxfjtscm.biz,,1
7thheavenproperties.com,normal.alexa,0
fesp.org,normal.alexa,0
exeutdkblcbmr.sx,,1
burak.cc,normal.alexa,0
56bf06c230af17d22991e27071d41faa.info,,1
pcc49564137f3096bb691b08a4210ea59f.so,,1
gazetemanifesto.com,normal.alexa,0
weathertech.ca,normal.alexa,0
appsworldmag.com,normal.alexa,0
playhergetadobeflas.net,,1
ugolokdurova.ru,normal.alexa,0
ffw.com.br,normal.alexa,0
sonic002.ucoz.ru,normal.alexa,0
eglobalcentral.co.it,normal.alexa,0
olrp581xrfj3z1iom4kl1wswonf.com,dga.post,1
ppatibk34fyfqx.com,,1
centaur.cn,normal.alexa,0
bsumtfwfnvccxlrse.in,dga.ranbyus,1
todomestic.com,normal.alexa,0
forum.kuban.ru,normal.alexa,0
hardhoporno.com,normal.alexa,0
escmeaiq.info,,1
kfnnronsuejg.com,,1
ndpsomwwwcv.com,dga.ramnit,1
kma.org,normal.alexa,0
apgjxwfsaomj.org,,1
arsmagica.org,normal.alexa,0
xpscvkfqbdm.com,,1
rahmahmuslimhomeschool.co.uk,normal.alexa,0
dictanova.com,normal.alexa,0
kladdafcfebcfdma.com,,1
land.se,normal.alexa,0
motorrad-news.com,normal.alexa,0
tupyzip.info,,1
linoradio.com,normal.alexa,0
mnnoqjqkmynnqx.net,,1
bjes.gov.cn,normal.alexa,0
evkncxktuvc.ru,,1
thederek.com,normal.alexa,0
svxvebwacseynoygj.pw,,1
htgwiologistbikerepil.com,,1
gsuqydfarsbibydx.eu,,1
dfdblcu.yi.org,,1
anonymizer.com,normal.alexa,0
qeqyqep.com,,1
uptbkrqfkaupigc.ru,,1
fiecufipimude.ddns.net,,1
asklicai.com,normal.alexa,0
dropmessages.com,normal.alexa,0
nlijkhsthwvsnr.info,dga.murofet,1
8znb0tqbysew715998fsct7j.org,,1
znbeghswlbhkfsoxqaqgterh.com,,1
sjjmzuotwdlvumh.biz,,1
spotroll.net,,1
dhl.com.tw,normal.alexa,0
orbit-media.net,normal.alexa,0
e94ulx5jtviouy.net,,1
iplayapps.de,normal.alexa,0
montrealfamilies.ca,normal.alexa,0
jbgbplo.info,,1
opgpltrubqmmpuv.org,,1
opxulgdeufpl.info,dga.tinba,1
fddstbwfkstg.com,dga.tinba,1
assignmentmarkfearborrow.com,,1
ntel.ru,normal.alexa,0
dedpwz.net,,1
tuljrmacujvlelycd.biz,,1
dy2u22p2kadew.com,,1
ehhmavfppoarbefyoipgadlwj.org,,1
instaflex.com,normal.alexa,0
sadecehosting.com,normal.alexa,0
onfos.de,normal.alexa,0
bbbtpwyrbm.com,,1
meojossrhdtqpwd.org,,1
captain99.net,normal.alexa,0
gspotvids.com,normal.alexa,0
midasuser.cn,normal.alexa,0
oaggidablyhoosieraw.com,,1
westwing.fr,normal.alexa,0
riotvikuotw.ddns.net,,1
17wtb.cn,normal.alexa,0
uaoreh.com,,1
hactgjuivhgqalmq.eu,,1
susral.com,normal.alexa,0
gbbvpiedoysoxbcf.eu,,1
lrpvmktouq.com,,1
truenewsusa.blogspot.com,normal.alexa,0
jcxeoyjsvgea.org,,1
brambling.net,normal.alexa,0
ltvgsikathrinezad.com,,1
warda.com,normal.alexa,0
associatereasonteamfinance.com,dga.matsnu,1
lxsarslhbj.com,,1
crossboardnailstationachieve.com,,1
fupdatdi.ru,,1
znrvgfiypaqingulrtprxkcyfmxs.ru,,1
dhamsky.blogspot.co.id,normal.alexa,0
apk4fun.com,normal.alexa,0
gwrxykuiwcymao.net,,1
wojeajas.ru,,1
arcwm.org,normal.alexa,0
haleandhearty.com,normal.alexa,0
xzxptbyhxrizaqvoydcq.org,,1
hajxkxcrzmpywdgfzatjiginr.org,,1
rdiwfracfx.info,,1
rahasiapasutri.net,normal.alexa,0
signingmail.name,normal.alexa,0
radaronline.com,normal.alexa,0
clementinejs.com,normal.alexa,0
rezistenta.net,normal.alexa,0
ciicjqbvucfyeoqd.eu,,1
knkmokv.pl,,1
onomkn.com,,1
beerhouse.mx,normal.alexa,0
hairyhustler.com,,1
imcgmsygiukg.org,,1
kaufland.hr,normal.alexa,0
pdarbgdpidisusuqe.net,,1
cerfvolantservice.com,normal.alexa,0
thekindergartensmorgasboard.com,normal.alexa,0
homify.de,normal.alexa,0
dmmhv3vmh1fmna.net,,1
bspqxuvwj.ru,,1
jglcfkauwuuhxroysc.com,dga.qakbot,1
b3ab1e8466ae8f04e265fd37b41d05b128.ws,dga.dyre,1
icrosschina.com,normal.alexa,0
nadkdccmdakcdfcm.cc,,1
akronohiomoms.com,normal.alexa,0
a38xm7oh6vsl.com,,1
fuggupdates109.com,normal.alexa,0
csacleasuredehydratorysagp.com,,1
meireg.de,normal.alexa,0
jxguztpuflcicgtdoi.com,,1
bv-as.com,normal.alexa,0
shadmusic.net,normal.alexa,0
youpornmate.com,normal.alexa,0
plumbingengineer.com,normal.alexa,0
s13.ru,normal.alexa,0
zhwoqwskvyxuoygxodmdnojvu.info,,1
zapable.com,normal.alexa,0
traficoadsense.com,normal.alexa,0
marketplanet.pl,normal.alexa,0
myoowkgumegywmky.org,,1
gadgets-winners.com,normal.alexa,0
kifoztuk.hu,normal.alexa,0
kinokopilka.tv,normal.alexa,0
yxupyjwvml.com,,1
suzannegrae.com.au,normal.alexa,0
negociodozero.com.br,normal.alexa,0
solfego.fr,normal.alexa,0
ezprints.com,normal.alexa,0
bestbicycle.tmall.com,normal.alexa,0
phlayergetadobeflas.co.uk,,1
feicutup.ru,dga.pushdo,1
fulda.de,normal.alexa,0
nofijosoasm.org,,1
1vrq9001cvdep6h6k9932wdvlm.net,dga.post,1
scptuflscpwymau.org,dga.cryptolocker,1
qxwluwirbnouvunw.com,,1
wnnhottu.net,dga.conficker,1
lbxyxnfizrkqchgatsdtkgmp.com,,1
cama-online.com,normal.alexa,0
cawkdkbe.com,,1
crsouza.com,normal.alexa,0
ownhome.sg,normal.alexa,0
rbtco2lvlq.com,,1
magnoliahomes.net,normal.alexa,0
dybee.net,normal.alexa,0
dgrgzpmbbffk17fcq9818r1zx4.biz,,1
granhermano.com,normal.alexa,0
stallionwencher.tumblr.com,normal.alexa,0
incourage.me,normal.alexa,0
fuckze.com,normal.alexa,0
gmmcwyakgumqgowe.org,,1
1dpceqc1eth4r01nh5whq9wfq7l.org,dga.post,1
yoursurgecard.com,normal.alexa,0
tafsirmimpi.org,normal.alexa,0
yasa.co,normal.alexa,0
rrufckbodxx.info,,1
asteriskforum.ru,normal.alexa,0
haxnbqwlniemme.tw,,1
pupygag.com,,1
aziendacondominio.it,normal.alexa,0
techblogcorner.com,normal.alexa,0
ijnbattakymw.net,,1
leadbox.it,normal.alexa,0
mwimgeldn.net,,1
cetakmurah.com,normal.alexa,0
chinatraveltips.net,normal.alexa,0
cfywcmkjjvxd.ru,dga.cryptolocker,1
ycgdbhsjcgv.biz,,1
highcliffesailing.co.uk,normal.alexa,0
gxcjngavgpjcyxcculrtszltcl.ru,,1
the-mortal.com,normal.alexa,0
ohgstabbb.info,,1
officeraddressretainreport.com,,1
ibf.tn,normal.alexa,0
ugoixs.net,,1
thoseabove.net,,1
imba.com,normal.alexa,0
pzuhidablyhoosieraw.com,,1
atkinsrotary.com,normal.alexa,0
ezu57nrd41i4184cjc.net,dga.rovnix,1
unbabel.com,normal.alexa,0
deviceanywhere.com,normal.alexa,0
nabulsi.com,normal.alexa,0
mejmua.net,normal.alexa,0
dainikdinprotidin.com,normal.alexa,0
hlrcidablyhoosieraw.com,dga.banjori,1
ntexploreretdo.info,,1
gxbcyjpdyy.info,,1
gotokyo.org,normal.alexa,0
muzutozvednout.cz,normal.alexa,0
mygreatmaster.com,normal.alexa,0
mamasonadime.com,normal.alexa,0
dif.bg,normal.alexa,0
npnciphru4f5rsbhbi.ru,,1
ydpfytpcadysoirmjgiqgcaxkpr.biz,,1
hplayersgetadobefla.net,,1
gourmet-coffee.com,normal.alexa,0
largeabove.net,,1
ams-partner.ru,normal.alexa,0
progtown.com,normal.alexa,0
chl.it,normal.alexa,0
riakvjdasjo.xyz,,1
kaccklcfblafbdcb.de,,1
cookforfun.ru,normal.alexa,0
teacherweighpleasedlackaccording.com,dga.matsnu,1
pnljmdqyuvokyy.me,,1
bioprice.fr,normal.alexa,0
obpklsi.info,,1
goodreform.jp,normal.alexa,0
globalrose.com,normal.alexa,0
addmoretraffic.com,normal.alexa,0
a707e4c1524b77792d58e735123bba08.org,,1
cyber4g.com,normal.alexa,0
zis5153bkqogad.net,,1
bzzkvfcxfs.info,dga.conficker,1
sbjgdxabgusnskwe.eu,,1
15fzbta6rdgnq1v7lmgj165isck.com,,1
g8si8x1u7l4syib5tzwj5ws1s.net,,1
ltyzvkbnurh.com,,1
passengeraddressframetarget.com,,1
ygshlzxghxy.com,,1
cq6cmse446bq1xph787ah3qkx.com,,1
qazsvqkap.info,,1
culturaldispatch.com,normal.alexa,0
beobachter.ch,normal.alexa,0
myautomatictransmission.com,normal.alexa,0
interioramebel.ru,normal.alexa,0
manufacturerdecidestable.com,,1
yrrrneed.com,,1
mjxtpwsyhnrhvkhyfabxgixkb.ru,,1
feezy.com.tr,normal.alexa,0
latpisei.ru,,1
olayinkanewsblog.com,normal.alexa,0
l3d9dae20b7aa8adaecf9c2bb2d840c636.cn,,1
wyoosqlnoivnqgqd.info,,1
thcxancorml.com,,1
rqnkajmidqtwzwc.com,,1
1fdch9xr5yh056zk.cn,,1
wmxvexbixeriapgm.eu,,1
kitchenstoringshop.com,normal.bambenek,0
monster.co.uk,normal.alexa,0
unlimitedmp3.net,normal.alexa,0
qrtorl5uxv4.com,,1
tokkaban.com,normal.alexa,0
niziero.com,normal.alexa,0
allmyswallows.org,normal.alexa,0
fairstood.net,,1
kamishihoro.jp,normal.alexa,0
uqfmufnuktmn.me,,1
wnxhswbdslyarmpx.info,,1
gridcheck.com,normal.alexa,0
luuocivjsyrgzwk.biz,,1
obos.no,normal.alexa,0
5627281614e6729b4b2219d9607b0bed.info,,1
jklelvykvayrrbgse.click,,1
cogidas.com.mx,normal.alexa,0
uulakfh.info,,1
holikaholika.ca,normal.alexa,0
ciycusimaemmewcg.org,,1
qcwsljsoauruclknlrdsxchkv.org,,1
aliexpresschollos.com,normal.alexa,0
tntexploroered.info,,1
deubafamrfaonzvgmvizduwkaq.ru,,1
szsi.gov.cn,normal.alexa,0
mobilfilmizle.net,normal.alexa,0
jfngkmnjdhqft.com,,1
xnxwhkojctguy.biz,,1
requirealways.net,,1
doovi.com,normal.alexa,0
ow5wpcqswov.com,,1
hipipo.com,normal.alexa,0
scootercommunity.com.au,normal.alexa,0
jqrujfrwqzyffgwnr.net,,1
vknzbb.mooo.com,,1
profileguaranteeinviteharm.com,,1
104woo.com.tw,normal.alexa,0
thehimanshikhurana.com,normal.alexa,0
17uxncm19kimkx16o1el91w2t0mw.org,,1
cqiggq.com,,1
fanhaobao.net,normal.alexa,0
penalaran-unm.org,normal.alexa,0
bauer.de,normal.alexa,0
cdbmdelicias.es,normal.alexa,0
aajywwtpxk.com,,1
alternativo.mx,normal.alexa,0
cu2xnowwleeut.com,,1
youareneveraloneng.tumblr.com,normal.alexa,0
clip2ni.com,normal.alexa,0
hbqdufinphxpvvgpzeylvknrk.biz,,1
c7012cdec07f25fef02dd7b5835308df2b.cc,,1
alliancepn.fr,normal.alexa,0
ihi4ohcpu8a27la.ddns.net,,1
eybdnkxajpgomt.org,,1
psbhknsl.org,,1
gqtxyg.info,,1
oy8e4yoiwewy.org,,1
prestasoo.com,normal.alexa,0
eyzrmvzumqttnbbscxkm.biz,,1
gyzjgzkqu.info,dga.conficker,1
mshybnszzf.com,,1
qwznrrjroyyjibhj.org,,1
jikxqbeypdncan.su,,1
faxgklnkemobryxvj.net,,1
innsofcourt.org,normal.alexa,0
eazypeazymealz.com,normal.alexa,0
conexisfsa.com,normal.alexa,0
1ofsq8h1d4musq1sm8sw4jhmb0w.net,,1
alakart.bg,normal.alexa,0
ekmblcolwnmhby.net,,1
jkwhatajxdosrc.work,,1
wxcuipxvvs6m1vdtrwxg655w0.net,,1
ns1.dnsfor18.biz,,1
fd7373af9930225e151d90ab0d564269.cz.cc,,1
takoma.ir,normal.alexa,0
32d35t28hakw2q7el4.net,,1
selectdata.com,normal.alexa,0
rememberhowever.net,,1
wsrhyphqxvqhknd.biz,,1
takemyshaver.com,normal.alexa,0
baxi.ru,normal.alexa,0
brvrraja.us,dga.necurs,1
priusonline.com,normal.alexa,0
bjvcpsxuaushfv.cc,,1
hazdenecaz.info,normal.alexa,0
ketchum.com,normal.alexa,0
hxiiffxgrotj.xyz,,1
press-report.it,normal.alexa,0
udc1a887ecb56a97097ad8dd2aee43d522.tk,dga.dyre,1
stlocarina.com,normal.alexa,0
1lqeq0x1tjsdgo1nhxqmok2ybu.org,,1
rwltotgvgxucmbnvkbqcxcyem.ru,,1
abd142a18f0ab0cf2a171eca5e00a321.info,,1
omndfaaaaaloalnd.eu,,1
bt6igv17ku6h71coq1ogiffvea.org,,1
xepuexequnotv.ddns.net,,1
anicomi-man.com,normal.alexa,0
qkanerionirkutskagl.com,dga.banjori,1
ipol.eu,normal.alexa,0
augusto-schuhe.com,normal.alexa,0
q19wj0vy0odwewn4.ru,,1
vergleich.de,normal.alexa,0
innowate.com,normal.alexa,0
r4-4l.com,normal.alexa,0
djrtphxarir.com,,1
mobygames.com,normal.alexa,0
qtcfzm.in,,1
tripandphoto.ru,normal.alexa,0
lhmataeixmmil.com,,1
cowinfluencegroundcopypitch.com,,1
xckumtxuc9mldv.net,,1
ppurllaabettingk.com,,1
marburger-medien.de,normal.alexa,0
depannage-plombier-pas-cher.fr,normal.alexa,0
wrdnrzpjtinrooq.biz,,1
inglesina.us,normal.alexa,0
chqvcdyjst2v.org,,1
logitranstul.com,normal.alexa,0
oidksb.com,,1
beltur.by,normal.alexa,0
infectology.ru,normal.alexa,0
oyviwejxifjwv.com,dga.ramnit,1
uyxqub.com,,1
flowair.com,normal.alexa,0
dolokcoq.ru,,1
ns1.backdates20.net,,1
cuzuestnessbiophysicalohax.com,dga.banjori,1
ad-3.me,normal.alexa,0
dujiceap.ru,dga.pushdo,1
orvlbyt.info,,1
7368ebce6c9bd9869a60273537963918.cz.cc,,1
mp1zh50q6k6wc37e.biz,,1
bungiestore.com,normal.alexa,0
gagsnetwork.com,normal.alexa,0
videosz.com,normal.alexa,0
nngfbegniqovuwtcy.jp,,1
scbaghdad.edu.iq,normal.alexa,0
prprtcwoztizlirlbmbqgdtmj.ru,,1
sugarglider.com,normal.alexa,0
te5.com,normal.alexa,0
imembi.com,normal.alexa,0
iumwsaeymywieams.org,dga.ramdo,1
qaluvilc.ru,,1
ajtdjsd.info,,1
567cb91df35f6c13b3b994964cba0e4a.org,,1
gated.eu,,1
geno-web.jp,normal.alexa,0
tiwiqiba.ru,,1
portaisdamoda.com.br,normal.alexa,0
qoddrnv.info,,1
rrllmgn.com,,1
nantes-tourisme.com,normal.alexa,0
prospectivedoctor.com,normal.alexa,0
aanvskaafg.com,,1
vnwwgtetsseb.info,,1
uzgt6z8tifkh.net,,1
zinxqwinhbqhojgtslhbxy.ru,,1
designgietvloer.nl,normal.alexa,0
myqaiiascukmkaog.org,,1
ns1.backdates5.info,,1
affiliatecatalog.ru,normal.alexa,0
hkis.org.hk,normal.alexa,0
thehartford.com,normal.alexa,0
ns1.dnsfor1.org,,1
addictbeauty.com,normal.alexa,0
noqetunosowopom.ddns.net,,1
venmas.com,normal.alexa,0
knxcmvcdbygzkd1b.com,,1
jccac.org.hk,normal.alexa,0
173eg.com,normal.alexa,0
kingofcards.in,normal.alexa,0
timestables.me.uk,normal.alexa,0
fpfowemhwy.net,,1
traffictrainer.nl,normal.alexa,0
5qrkdiz4hqnk.net,,1
peliculas21.com,normal.alexa,0
sikwnirxbperkgnc.eu,,1
fovqzw.info,,1
emigey.com,normal.alexa,0
poneltema.com,normal.alexa,0
atmmessina.it,normal.alexa,0
bedirhaber.com,normal.alexa,0
wronghunt.net,,1
iv79442o7jjjacg3.cn,,1
cinchcast.com,normal.alexa,0
jfyevinskycattederifg.com,,1
todaynewtrend.com,normal.alexa,0
uploadtemple.com,normal.alexa,0
keinflc.eu,,1
rechaos.com,normal.alexa,0
upqbepkkddgftfyum4.cn,dga.rovnix,1
uoiaqqmaeesiiygm.org,,1
zfelidablyhoosieraw.com,,1
ujbtokmpadfxnt.nf,dga.necurs,1
arka.am,normal.alexa,0
aklhgdmol.net,,1
minube.cl,normal.alexa,0
qedunalukom.eu,,1
chaturmusafir.com,normal.alexa,0
75a20c27016dbf4114095484921aa094.co.cc,,1
nnwhpozbysdg.com,,1
dramatica.com,normal.alexa,0
rreyiologistbikerepil.com,dga.banjori,1
ajichouf.com,normal.alexa,0
aloeplant.info,normal.alexa,0
freekigames.com,normal.alexa,0
1qah1531y0yvc5wifpex1099pi8.biz,,1
lhurnmemmgulivmum.com,,1
ebcfuwemulkk.in,dga.tinba,1
cqomtykqok.com,,1
zfavxdgstfckymwa.org,,1
carmignac.fr,normal.alexa,0
myvintageporn.com,normal.alexa,0
mollywoodtoday.com,normal.alexa,0
ugqrnxjtpujmowo.com,,1
flowrestling.org,normal.alexa,0
pofoymzzr4.com,,1
f3331acee1ff1c020e849eee1f50f1124d.in,,1
furniturebox.no,normal.alexa,0
x94rjz1trot3s.net,,1
elswordonline.com,normal.alexa,0
careerarm.com,normal.alexa,0
pnxhttvzjyf.com,,1
i3f2e20354647a4aeea7bf31274ff491a0.cc,,1
sceaux.fr,normal.alexa,0
time-to-lose.it,normal.alexa,0
genexies.net,normal.alexa,0
hgpnbqlfywc52.com,,1
cabify.mx,normal.alexa,0
yuzzsdrebraufmvj.net,,1
ogyskqcsssmcaowi.org,,1
vcusna.ru,normal.alexa,0
mgytyy.com,,1
7efb4149d319a162908224472e7bb710.org,,1
kaspersky.ca,normal.alexa,0
uib8mt1l5gopc1k2sunz1ck1w3f.net,,1
irr59.ru,normal.alexa,0
skyrunner.ru,normal.alexa,0
ugwsndogkcoqgnjd.eu,,1
calflora.org,normal.alexa,0
mekdecmcmkcdfnda.co,,1
createspace.co.uk,normal.bambenek,0
combatsports.com,normal.alexa,0
craftsalamode.com,normal.alexa,0
bonuwama.info,,1
ebdhpubq.com,,1
guaranteestepplacejudgetired.com,,1
lexjtmnrsxu.biz,,1
whichiron.net,,1
headhunter.com.vn,normal.alexa,0
oxneaxedwioligw.ddns.net,,1
luminousinfoways.com,normal.alexa,0
ozhbicwxmbvxtlxxgzthso.org,,1
szftliliidw09.com,,1
jrvdrkvscrsprqwinztaemvxsax.info,,1
aselevnzgp.com,,1
nemox.com,normal.alexa,0
glzjjmrnb.mooo.com,,1
7bd868c2dec2d7ac1f0b54a74ded4074.co.cc,,1
nsifwe.com,,1
grunetejib.org,,1
xingxing.tv,normal.alexa,0
catchoom.com,normal.alexa,0
blrpenhancedysb.com,dga.banjori,1
beyondocd.org,normal.alexa,0
mlhdxivjnjmvijvn.eu,,1
ip-lookup.net,normal.alexa,0
czech-craft.eu,normal.alexa,0
coque-unique.com,normal.alexa,0
nlikmvhf.ga,,1
galecys.com,,1
withinchoose.net,,1
earnings.su,normal.alexa,0
489pro.com,normal.alexa,0
forbesjapan.com,normal.alexa,0
svnhforum.com,normal.alexa,0
tollywoodstar.in,normal.alexa,0
takahashi.co.za,normal.alexa,0
fxexyqlr5iwdyc5o2p.net,,1
tickerchart.com,normal.alexa,0
fhihsikathrinezad.com,dga.banjori,1
jpqyrsly.com,,1
sopoong.cc,normal.alexa,0
kgglmmpaimrwulqtri.org,,1
statistics.sk,normal.alexa,0
nxfwxtewyvcddclooldkhvtfa.net,,1
vawozkea.ru,dga.pushdo,1
gtggxyq.im,,1
shqmscixravfphu.org,,1
ns1.dnsfor0.net,,1
skegoyukgaiqqcwy.org,dga.ramdo,1
driverslicensetest.net,normal.alexa,0
classificats.net,normal.alexa,0
qhwkafwkkczefei.com,,1
1cwfhq0z5oo141hvj9a1r8sf2i.net,,1
convertedclicks.com,normal.alexa,0
lotus-taichi.com,normal.alexa,0
uvuyoqkufj.eu,,1
usknjzgcak.yi.org,,1
associateironabusesuckresolve.com,,1
animestigma.com,normal.alexa,0
byearii.com,,1
ingresocybernetico.com,normal.alexa,0
jantafux.ru,dga.pushdo,1
kqjtbfyrkstfxmeoxjyha.mn,,1
d57.org,normal.alexa,0
lltccvgytdzmzywdscuynaxp.com,,1
vsheldvd.com,,1
uzofueqeuk.com,,1
ogwokweioiiiyiui.org,,1
grqkexj122.com,,1
aeca.es,normal.alexa,0
fstrmjtyvw.net,,1
nameofthesong.blogspot.com,normal.alexa,0
edeaeoobebfbabaa.website,,1
f8whk6jq0nwrxycd.ru,,1
2ch-matome.net,normal.alexa,0
wsj.de,normal.bambenek,0
mlmunion.in,normal.alexa,0
top-domains.ch,normal.alexa,0
c56c882d838e655546d11b9ed7a69139.org,,1
thatdogsblog.com,normal.alexa,0
booksy.net,normal.alexa,0
ganaunviajeaparis.com,normal.alexa,0
giekthcyb.ws,,1
championsbet.net,normal.alexa,0
bxglvxnoxusrr6.com,,1
vwvzqsn.dynserv.com,,1
hhjehavxvlbyvjtkdyew.cc,,1
pm166.com,normal.alexa,0
bt.gg,normal.alexa,0
etxismaowlrcxr.com,,1
thisoctober.net,,1
yvorjt.com,,1
1cyncsj5xblpc1s153h1egko56.biz,,1
bnxaxeozhnw.biz,,1
autosportcatalog.com,normal.alexa,0
bppeardenslavetusul.com,,1
feimozqe.ru,,1
wedighq.com,normal.alexa,0
hooters.com,normal.alexa,0
wwf.org.uk,normal.alexa,0
hplayergetadosbefla.co.uk,,1
gca.edu.au,normal.alexa,0
ihg6x48gf9bovmveuc1pf69cu.com,,1
144p3h0rocnbrg5q0vtkj7ejp.biz,,1
whomshirt.net,,1
mydirtyhobbyfree.cc,normal.alexa,0
pqmlikfwckopvn.com,,1
getloaded.com,normal.alexa,0
uvhaucpiva.ddns.net,,1
dokugakuenglish.com,normal.alexa,0
paris.notaires.fr,normal.alexa,0
manoftheworld.com,normal.alexa,0
technicalkeeda.com,normal.alexa,0
xjrbrmaf.info,,1
soyosorno.cl,normal.alexa,0
onlinefotoservice.de,normal.alexa,0
itube247.com,normal.alexa,0
lenzauto.com,normal.alexa,0
texplorneredot.info,,1
korbin.info,normal.alexa,0
fancygreetings.com,normal.alexa,0
igamesbox.com,normal.alexa,0
norwestcouriers.com.au,normal.alexa,0
w1yvh9uippkhuct.net,,1
justnaturallyhealthy.com,normal.alexa,0
o83xkng21hslwp3.ddns.net,,1
tjjgwkn.org,,1
biblestudyforcatholics.com,normal.alexa,0
amikado.com,normal.alexa,0
quyydeohgbus.pw,,1
edgate.com,normal.alexa,0
yourdailyscoop.com,normal.bambenek,0
rhuqfbhlmyeehj.me,,1
jelly-stone.com,normal.alexa,0
rlppkpgkcep.yi.org,,1
megatiendas.co,normal.alexa,0
nyjwnyfsv.top,,1
dirtresultseasonsuspectpause.com,,1
thenmonday.net,,1
nafanyashop.ua,normal.alexa,0
vkxveug.info,,1
localsyr.com,normal.alexa,0
kooy.ir,normal.alexa,0
nrcefaxgaqlzbumjnbeqtormrsgtwam.ru,,1
j6tycjnn34dz4jix.cn,,1
kext5tnoqiwsgp.net,,1
my118information.co.uk,normal.alexa,0
ancixlvo.com,,1
nexwave.in,normal.alexa,0
squa.re,normal.alexa,0
digitalstoreindia.com,normal.alexa,0
uncorkedstudios.com,normal.alexa,0
135.by,normal.alexa,0
iuylnsrbwrlbtgu.com,,1
ytlekiklmllsrl.info,,1
xbinnsj.net,dga.nymaim,1
wsdqzhxsqiyg.net,,1
jmejuflmmbxv.com,,1
outsystemscloud.com,normal.alexa,0
wksyltpaoon.net,,1
daddysreviews.com,normal.alexa,0
cpyiejbq.info,,1
ns1.dnsfor11.biz,,1
spravka.ua,normal.alexa,0
eqnscimurviaembr.info,,1
dxper.net,normal.alexa,0
oktvzf.info,,1
gzzhe.com,normal.alexa,0
lifestylesalons.com,normal.alexa,0
les-3-bases-quinte.over-blog.com,normal.alexa,0
7dwdan76gxexmr5.ddns.net,,1
sarmasdolas.com,normal.alexa,0
hackplus.ir,normal.alexa,0
sharethemeal.org,normal.alexa,0
lifeignorefootdisappointed.com,dga.matsnu,1
n932f53a00132976f6bfa4f8095cfbfdbc.so,,1
mybet9ja.com,normal.alexa,0
pricescout.io,normal.alexa,0
iqywsywnegomyizi.com,,1
wenzelnet.de,normal.alexa,0
wardtlc.com,normal.alexa,0
qfdlyewxb.info,,1
noeud-de-cravate.com,normal.alexa,0
martiniglesias.eu,normal.alexa,0
kjzx.cn,normal.alexa,0
stylescrazy.com,normal.alexa,0
ovkmxfetcqfxyf.com,,1
ecustoms.gov.qa,normal.alexa,0
centraldohumor.blog.br,normal.alexa,0
uni.lodz.pl,normal.alexa,0
cdkfubabcdu.top,,1
silverporn.net,normal.alexa,0
topofminds.com,normal.alexa,0
noviceamateurs.com,normal.alexa,0
footballsouvenirs.net,normal.alexa,0
evauiusopambsy.nf,,1
cvqequw.info,,1
lvgbutomroleixcceuamonby.ru,,1
difficultbecome.net,,1
lcnewsgroup.com,normal.alexa,0
cursos-trabajadores.net,normal.alexa,0
dlacxstgbkus.net,,1
afrugalfriend.net,normal.alexa,0
kirkerholidays.com,normal.alexa,0
56l1mp10t921difak4n1s9ehhp.net,dga.post,1
b3dby6jwcptjnlqwub18s2mmn.org,,1
hwcftkklvacbwepl.eu,,1
hushykke.com,normal.alexa,0
zkztxn.info,,1
psjzwnkeknotts.com,,1
drbodihgrcuto.ki,,1
niggaattack23.com,,1
donmcx.info,,1
path.com,normal.alexa,0
munxtcgjtkyeyxrf.eu,,1
govtjobsapply.com,normal.alexa,0
gobixyw.info,,1
oekt3k6o8owmwpse.org,,1
legolcsobban.com,normal.alexa,0
dpmco.com,normal.alexa,0
ticdn.it,normal.alexa,0
frettboard.com,normal.alexa,0
p90xtr.com,normal.alexa,0
christabelstephenson.net,,1
xlmpiologistbikerepil.com,dga.banjori,1
woofee.ru,normal.alexa,0
bozlokni.ru,,1
scdhhs.gov,normal.alexa,0
gkkphehrnmiw.ru,,1
thecelebrationshoppe.com,normal.alexa,0
playergetadobeflhas.net,,1
weatherfurther.net,,1
ratatype.com,normal.alexa,0
agponesocufoa.ddns.net,,1
legalaidnc.org,normal.alexa,0
rmstpfmwseifx6.com,,1
dacxpmnodaqrdmhp.com,,1
ztdcdqtlifnipmwrcn.com,,1
heatassistinterestedwater.com,,1
thefirstgradeparade.blogspot.com,normal.alexa,0
crossfitchiangmai.com,normal.alexa,0
financeenhancelistencamp.com,dga.matsnu,1
awiuuaag.com,,1
auschwitz.dk,normal.alexa,0
iqw0931vd5s9fc7lymuk1fhm.org,,1
shicaro.com,normal.alexa,0
funnews01.com,normal.alexa,0
clevelandart.org,normal.alexa,0
koleso-razmer.ru,normal.alexa,0
temfavgqsvvo.com,dga.cryptolocker,1
szmg7c1543xqmoy2jdv8vbga3.net,,1
gfedvtmeknsh.xyz,,1
bkav.com,normal.alexa,0
la4eversuck.com,,1
alaskapublic.org,normal.alexa,0
gxmwqcb.org,,1
ns1.dnsfor13.net,,1
heardwagon.net,,1
jvcpuytmcnxc.co.uk,dga.cryptolocker,1
onkxkvdqrcqllcumfp.ru,,1
tlyewfzkqfr.com,,1
christianmingle.com,normal.alexa,0
ebpiur.com,,1
mvstidfegka.biz,,1
vin-info.pl,normal.alexa,0
mylifeabundant.com,normal.alexa,0
empirgzjhcb.net,,1
v-ecigs.com,normal.alexa,0
northlincs.gov.uk,normal.alexa,0
comments20.com,normal.alexa,0
flnkcmkkoffeldkd.co.uk,dga.padcrypt,1
mfnstdvwsqdrrheod.net,,1
gseagles.com,normal.alexa,0
ergetadobeflyashpla.co.uk,,1
shplayergetadobeafl.net,,1
2028adf69cbbea0a9e2c2b1861139b50.info,,1
xpqkenhancedysb.com,,1
c6qvydqdwridyrkxehyxm4m.ddns.net,,1
1ajrf2w1adh5ru10jpil01krsjdm.net,,1
chatango.com,normal.alexa,0
lngumnxscikfcayteqvcivxgqt.biz,,1
amwua.org,normal.alexa,0
xruoglu.xyz,,1
ylwdgnunm.ru,,1
xagtekjpljrdmnoi.eu,,1
ue041364c5c58862f4b3dd3f3d08cc3c2c.cc,,1
unicrea.fr,normal.alexa,0
betacommerce.blogspot.com,normal.alexa,0
mymailer.com.tw,normal.alexa,0
privatbanking.pp.ua,normal.alexa,0
actionbux.com,normal.alexa,0
o8ij8g1mzyp010fj1pcnhkwpo.biz,,1
kxy2t78awskn72rxan.biz,,1
myrecipesdirectory.com,normal.alexa,0
hispamax.com,normal.alexa,0
uzyzhtylfp.net,,1
rtlwqvhwuisfnery.com,,1
pundisports.com,normal.alexa,0
todayznews.com,normal.alexa,0
illust-ai.com,normal.alexa,0
helpinghandsnew.blogspot.com,normal.alexa,0
dsab-vfs.de,normal.alexa,0
i0a3da4fa641fd0579aff84ae0eee99e5c.cc,,1
hqlorel.top,,1
buffetgo.dk,normal.alexa,0
rdvmskvxglootp.to,,1
emsecure.net,normal.alexa,0
parent24.com,normal.alexa,0
kelkoo.com,normal.alexa,0
geeewizzz.com.au,normal.alexa,0
waynecounty.com,normal.alexa,0
qetqvlbgqbmfmjgmjkm.to,dga.necurs,1
adobeflashplayetrge.net,,1
chzxkxqbvoxmicym.com,,1
tudomuaban.com,normal.alexa,0
gomodia.com,normal.alexa,0
getradobeflashplaye.net,,1
tpfsogoxotervmq.biz,,1
belsomra.com,normal.alexa,0
xlhcld.net,,1
stereo.jp,normal.alexa,0
stamonica.org,normal.alexa,0
newtemi.com,normal.alexa,0
waterpolo.ca,normal.alexa,0
leahdeleon.com,normal.alexa,0
actyot.com,,1
blvpellefrictionlessv.com,dga.banjori,1
pharmaceutical-technology.com,normal.alexa,0
unanet.biz,normal.alexa,0
tienganh.com.vn,normal.alexa,0
interceramic.com,normal.alexa,0
capegrace.com,normal.alexa,0
cricketcb.com,normal.alexa,0
saltaconmigo.com,normal.alexa,0
valleygirl.com.au,normal.alexa,0
dewa.or.jp,normal.alexa,0
xwgheeytsoubiuldbmpgqkbce.ru,,1
cocwzo.ws,,1
1m276o71hb2mgn1nwbcxg15nl6aa.com,,1
clktime.com,normal.alexa,0
globonoticia8515.com.br,normal.alexa,0
spycamfromguys.tumblr.com,normal.alexa,0
appround.net,normal.alexa,0
uxkrmvknzhqkpvjzpzuwhljrkvc.ru,,1
qxkjbhjbyvqkmbym.com,,1
banugseo.ru,dga.pushdo,1
323h1lc2sb1hubyx7jcvqhy.ddns.net,,1
gsss.cn,normal.alexa,0
qepwbvoelfgx.com,,1
alliancewebs.net,normal.alexa,0
bikini-dating.com,normal.alexa,0
provincial.com,normal.alexa,0
kuedodqiapfus.ddns.net,,1
iz7igs1wsku734w8mw.net,,1
playmax.mx,normal.alexa,0
mhrmhuxlcvkxay.com,,1
fitnomenallife.com,normal.alexa,0
nqtqrolapq.top,,1
explorelearning.com,normal.alexa,0
vgjpnotow.net,,1
shafaghedu.com,normal.alexa,0
ech8691htn3wb15rjhntb5g27c.biz,,1
serial-centr.ru,normal.alexa,0
efblashplayergetado.co.uk,,1
cqemye.info,,1
appoets.com,normal.alexa,0
influenceprojectneckworried.com,,1
c-mb.co.uk,normal.alexa,0
sceqwlkosxwblp.pw,,1
nlyman.com,normal.alexa,0
shplayergetadobefla.net,,1
motores24h.pt,normal.alexa,0
qvrfcvrxgq9f.com,,1
ticketmasteruae.ae,normal.alexa,0
qvodvwomrwsg.net,,1
kjsmljamc.net,,1
feabuxma.ru,,1
humanityhealing.net,normal.alexa,0
arokedacomin.ddns.net,,1
ejkctnhrfiqrhxt.co.uk,dga.cryptolocker,1
huyqqbnroieh.pw,dga.tinba,1
njjgrjnccrcd.com,dga.tinba,1
palfm.com.tr,normal.alexa,0
widelec.org,normal.alexa,0
eatwithjess.com,normal.alexa,0
fabfitfun.com,normal.alexa,0
getstencil.com,normal.alexa,0
bathroombraincreditbring.com,,1
sliceincludefishobtainchart.com,,1
ea304869fe21aca0365d92d42804e673ee.cc,,1
bidupvdhmjqwhhxwqsauyhrc.ru,,1
ns1.backdates15.org,,1
teknotown.com,normal.alexa,0
1m0vbj1ize6vh164tbykgoiicz.net,dga.post,1
1bsud6b1x2uopu3mgoo219hk1n.com,,1
santahustle.com,normal.alexa,0
v7t7pl14s17rp1a67gkfzsj5qz.net,,1
celtic.co.kr,normal.alexa,0
joqfjlzbwc.net,,1
ugp7sa74zpc1dmec.com,,1
orleu-krg.kz,normal.alexa,0
hbada.tmall.com,normal.alexa,0
leabhar.ie,normal.alexa,0
sbqlwngx.ru,,1
addictedtofuckingandsex.tumblr.com,normal.alexa,0
dsplog.com,normal.alexa,0
hokkaido-labo.com,normal.alexa,0
actnmseebo.com,,1
lgjemifox.cc,,1
dynamicube.net,normal.alexa,0
static-nextag.com,normal.bambenek,0
lknmxufojw.top,,1
1m01g1s17pm9f111jaeim66nyh1.net,,1
talksharp.com,normal.alexa,0
gtjggsgthlkx.pw,,1
musclehack.com,normal.alexa,0
e9a72832aa8a6854dda050b2dba93794.cz.cc,,1
taojinyi.com,normal.alexa,0
16396.com,normal.alexa,0
mfkpzwgfwt.com,,1
qeqefyg.net,,1
eqixexusuqebub.ddns.net,,1
p9ee6cc880840e617f9b211d1a4b11aa37.ws,,1
eond.com,normal.alexa,0
duypkjxsdrgplzugadovferg.ru,,1
dxsxfommhl.com,,1
excellone.com,normal.alexa,0
quanmin.tv,normal.alexa,0
9fj355ay4l.net,dga.shiotob/urlzone/bebloh,1
da29a9f06bc9582dc104ac24308bf0ebcb.ws,,1
animemangatr.com,normal.alexa,0
twistyscafe.com,normal.alexa,0
rainveiltech.com,normal.alexa,0
realeromovie24.com,normal.alexa,0
traveltool.it,normal.alexa,0
snakesatsunset.com,normal.alexa,0
edxxbkodeyyjubyikmo.org,,1
1t0xq4jodyvgg4u2i2f14j7nvo.org,,1
yearsandyearsofficial.com,normal.alexa,0
jewish-languages.org,normal.alexa,0
vsenovostroyki.com.ua,normal.alexa,0
lifeasmama.com,normal.alexa,0
xwygduo.net,,1
cfyc.com.vn,normal.alexa,0
candygroundspacedistrict.com,,1
maigrirsansfaim.net,normal.alexa,0
eurolog.com,normal.alexa,0
wlxookdikjdtt.net,,1
eskan.gov.sa,normal.alexa,0
1u7ckabvhimy51ef5binqwnof6.org,dga.post,1
jimmakos.com,normal.alexa,0
anxtpbyafcdhhbqq.eu,,1
mblmvrla.com,,1
englishisland.com.tw,normal.alexa,0
themarriage.com,normal.alexa,0
anitool.com,normal.alexa,0
1sphmpg16zstzw1i480d41ofofal.net,,1
digiber.com,normal.alexa,0
exrbwqtuorjvj1zx.biz,,1
ffnfkmedaambolbl.com,,1
noorcm.com.tr,normal.alexa,0
qualtrics.com,normal.alexa,0
fc8a73146b528d1b26cf60158d980d0575.ws,,1
1af2mcx1foemuxp8y0gfoogvl2.net,,1
ignitedquotes.com,normal.alexa,0
girllecturegapriskadaptpleasure.com,,1
uswpjpcy.net,,1
avryxfpxmenh.com,,1
gonordiques.com,normal.alexa,0
saga.it,normal.alexa,0
in5hidmtw8w8e6ql7vy.ddns.net,,1
yuhlimiitjgh.pw,dga.tinba,1
eiwqscooiesagswq.org,dga.ramdo,1
bgca.org.hk,normal.alexa,0
ibcj3twd1vkdgty6cvcvsdg.ddns.net,,1
monstruorecetas.es,normal.alexa,0
snipercountry.com,normal.alexa,0
thersa.org,normal.alexa,0
medplusng.com,normal.alexa,0
chla.com.cn,normal.alexa,0
hbbmcwjrzctbrxvye.org,,1
leclospalombiere.fr,normal.alexa,0
partnerseek.com,normal.alexa,0
tmnweugoaoumkyl.org,,1
1y5n1kl4enmmypjsfua5p1tfj.com,,1
www.goo,normal.alexa,0
xmbpkhanh2gherr.net,,1
qniywcknjdqfpk.com,dga.ramnit,1
conclusionfruitrepairground.com,,1
post-cro-magnon-conundrum.tumblr.com,normal.alexa,0
50bookpledge.ca,normal.alexa,0
sformat.ru,normal.alexa,0
8pbkuv34tezd6p7z.net,,1
tohope4yenhoa.blogspot.com,normal.alexa,0
slim.nl,normal.alexa,0
shanghai-style.net,normal.alexa,0
pumulal.info,,1
energy.gov,normal.alexa,0
n7440c85628ff7e2d199aca93bf466c5f5.ws,,1
aigkblnwojynejn.info,,1
khafantarin.com,normal.alexa,0
oneillhonda.com,normal.alexa,0
auiznfdmxgnjudylbybeucfehjz.info,,1
system22.net,normal.alexa,0
xxibtpzypbqwgqdrszdxkjgi.ru,,1
junkgaeage.wix.com,normal.alexa,0
armcade.com,normal.alexa,0
2zw1mvw9ifkh.org,,1
aippyxl.info,,1
stroiberry.ru,normal.alexa,0
wrxwgmjqqpubeik.click,,1
2q1zo813xugyjl987it1imn1r2.net,,1
mostdeal.net,,1
qcwqykf.net,dga.pykspa,1
17f0kam0h9ywqx58.ru,,1
magneticclay.com,normal.alexa,0
zpiqapfp.com,,1
atm-mi.it,normal.alexa,0
gfsxixa.org,,1
checkeredflag.com,normal.alexa,0
pensionlite.co.uk,normal.alexa,0
yejidyddpgjfpjnuy.net,,1
jarwdyvm.top,,1
actiroute.com,normal.alexa,0
getsatoshi.xyz,normal.alexa,0
scriptzrus.com,normal.alexa,0
pickhunt.net,,1
srrqmusdgqyv.com,,1
acfp.com,normal.alexa,0
imtfiowxuuplfzgwdyilwmy.com,,1
pass-tv.fr,normal.alexa,0
parweb.ir,normal.alexa,0
tnqahj.com,,1
iqfqohdddqm.net,,1
refman.com,normal.alexa,0
4xijopur8daj.org,,1
christabelchristinsen.net,,1
boswap.com,normal.alexa,0
csbutqdzdu.com,,1
onsen.ag,normal.alexa,0
acerid.com,normal.alexa,0
papillesestomaquees.fr,normal.alexa,0
uosqvinskycattederifg.com,,1
nflpoolmanagers.com,normal.alexa,0
glhcfstnbcerqakioa.com,,1
godyue.com,normal.alexa,0
apuntesgestion.com,normal.alexa,0
uoiqksymecyiegwc.org,,1
elcafamckcmacbdo.website,,1
ptcvet.blogspot.com,normal.alexa,0
cufiix.com,,1
ogfqhy.com,,1
iuausowoeioeuaua.org,,1
mjlxficlkyyibgzwgzyz.info,dga.qakbot,1
militarydisneytips.com,normal.alexa,0
1v6edpihepqtg4qtfye1hvbo3r.net,,1
uutjcn.com,,1
7f94ae1fxukh71o8mg006dqjt5.net,,1
vollangebot.de,normal.alexa,0
7mgames.com,normal.alexa,0
vapvfok.info,,1
ahy6kv7nwtavyh56o6opgbw.ddns.net,,1
eveolbkhwqlx.cx,dga.necurs,1
barbanegra.hu,normal.alexa,0
jeihokfa.ru,dga.pushdo,1
1rjclgs1k2ks8l1io2a2511bc925.org,,1
wales.ac.uk,normal.alexa,0
compaid.com,normal.alexa,0
geocaching.cz,normal.alexa,0
waterirrigation.co.uk,normal.alexa,0
c948008d8beccff281f1599620689afa.info,,1
mymax.com,normal.alexa,0
12lvh72n5op0cxto3so16ip2ik.biz,,1
icoption.com,normal.alexa,0
winnipeghealthregion.ca,normal.alexa,0
icitop.com,normal.alexa,0
dnsdojo.net,normal.alexa,0
ce0f62d08da4a035f890752525903d47.cz.cc,,1
h2e00728759c87df4db7594efe3eb29a4c.ws,,1
indicationescapecultureplace.com,,1
hanez.eu,,1
aenciologistbikerepil.com,dga.banjori,1
aevyhkph.info,,1
teclast.co.kr,normal.alexa,0
nnxdbz.com,,1
rymxunnmnokxmbdfpph.com,,1
babychakra.com,normal.alexa,0
yldenhfqrreavinrg.com,,1
mrxcobbrarvtojanm.net,,1
superestudio.it,normal.alexa,0
wznxqzqjis.net,,1
1nkpzh81r4jsha18ltgnd1deaxq7.com,,1
cxdjotktwebbe.org,,1
q6exg8ehelejiha.ddns.net,,1
keoveiko.ru,,1
ns1.dnsfor11.net,,1
homeautoexpo.ca,normal.alexa,0
yj-es-latestbuzz.blogspot.in,normal.alexa,0
dsunpxwugloruslydvl.com,,1
dziennikelblaski.pl,normal.alexa,0
speedflow.com,normal.alexa,0
bgc.com.au,normal.alexa,0
bqvwfwbcqwukyrltlktm.net,,1
faqdroid.com,normal.alexa,0
gdvkyor.net,,1
geaxoqfo.ru,,1
925freshradio.ca,normal.alexa,0
qsgsegiqaa.org,,1
azer.com,normal.alexa,0
trhpnjs.eu,,1
luckysearches.com,normal.alexa,0
licensed-softwares.com,normal.alexa,0
1c8ds3pysni9t149tbex1289zb3.net,dga.post,1
nagiwuqa.ru,,1
qoqfeatu.ru,dga.pushdo,1
inkymail.squarespace.com,normal.alexa,0
a3tkukdjntdk1um2cw4zrv8gs.net,,1
decider.com,normal.alexa,0
b2i2y9kft4f5au.net,,1
sahiluqman.blogspot.com,normal.alexa,0
thenibble.com,normal.alexa,0
dhxlkq.com,,1
rhymer.com,normal.alexa,0
ecoparcel.eu,normal.alexa,0
gupxokja.ru,,1
5ilxjwaqn7fr19o8z511am4b8s.biz,dga.post,1
hdmango.com,normal.alexa,0
titan.pro,normal.alexa,0
forum-iphone.fr,normal.alexa,0
toner-shop.ro,normal.alexa,0
qyyljhehdziswvmtg.net,,1
xupecqvwpv.net,,1
rolwbev.top,,1
flsh-agadir.ac.ma,normal.alexa,0
ns1.backdates7.org,,1
nusrettaki.com,normal.alexa,0
promocodes4u.info,normal.alexa,0
kuvkilqlafbbrxdk.eu,,1
franceprotectioncivile.org,normal.alexa,0
gaywelcome.com,normal.alexa,0
thuellen.de,normal.alexa,0
natureetdecouvertes.com,normal.alexa,0
pcdistrict.com,normal.alexa,0
tommyton.com,normal.alexa,0
wbsrch.com,normal.alexa,0
ugovykiwouxhdlrtj.net,,1
thesecause.net,,1
rrdcpliij5cjm9.net,,1
lhjevoyqojwtjutis.me,,1
novecukinin.eu,,1
gsrlpkgwxsogwoz.biz,,1
xypubgvpo.com,,1
cahayamuslim.com,normal.alexa,0
ctmsp.com,normal.alexa,0
jacandjack.com,normal.alexa,0
lympavqxfdvaho.biz,dga.cryptolocker,1
hargaterbaru9.com,normal.alexa,0
zoopornhd.com,normal.alexa,0
fbandresdz01.blogspot.com.es,normal.alexa,0
pixzion.com,normal.alexa,0
exploreredtotn.net,,1
tormus.com,normal.alexa,0
mtntxqccfa.cx,dga.necurs,1
lyricsbanglasong.wordpress.com,normal.alexa,0
kunnlcxrxgba.com,,1
1a1w211eawfrm1ixs9qm1c3dvsn.org,,1
ugipagohqeopbeu.ddns.net,,1
7wfbk3ci3y1o8x3r.net,,1
bestdlsites2.tk,normal.alexa,0
kurunavi.jp,normal.alexa,0
zainhost.com,normal.alexa,0
oj74stm6edgdy6urafw.ddns.net,,1
visitmalta.academy,normal.alexa,0
0bacaa9b475993893a1a78337cb8dbba.org,,1
mylvhn.org,normal.alexa,0
pvzmtqdqbqj.info,,1
auxebi.com,,1
rajapack.ch,normal.alexa,0
amyvachal.com,normal.alexa,0
xdgwzifox.com,,1
shplayergeatadobefl.net,,1
nnicrqtdvk.net,dga.pykspa,1
xv5j45vkrh2kt0n9.net,,1
skyconnectsettlemarchcode.com,,1
flashtranny.com,normal.alexa,0
orderapple.ru,,1
webreportms.com,normal.alexa,0
dgwocxyvwhph.com,,1
mngastro.com,normal.alexa,0
akvuipbuwoxeign.ddns.net,,1
5y7sh2bg9qfs.net,,1
xiuvvrcnwvcuboarr.ru,,1
njamecmdwhdl.net,,1
tradeescapebehaveattempt.com,,1
pfxmvnbizzxirtmnbicyxcfyfqpb.info,,1
lewisleigh.co.uk,normal.alexa,0
uijqddfhkwcwil.co.uk,dga.cryptolocker,1
tswyluwswscjnztdlqkzuowgkj.ru,,1
clinlife.com,normal.alexa,0
wettbewerbe365.ch,normal.alexa,0
16eo7e01pa49rdxnpn081rypkgf.net,,1
wikimart.ru,normal.alexa,0
hbi.net,normal.alexa,0
sightsaturday.net,,1
yunmdkdsholapet.cc,,1
dosequis.com,normal.alexa,0
pandabrinquedos.com.br,normal.alexa,0
dtshopcantho.com,normal.alexa,0
dxynnvx.info,,1
potsetfearparkcakeshoeboot.com,,1
bthnoqulbrjqx.net,,1
astrosource.com,normal.alexa,0
timesofcinema.com,normal.alexa,0
c5qv4ter4xuj.org,,1
ukdmpylcqjrlozhqhsknzlxkof.net,,1
evfiltwwpuk.su,,1
vivaero.com,normal.alexa,0
downloads-converter.blogspot.com,normal.alexa,0
vinaigremalin.fr,normal.alexa,0
konicaminolta.com.au,normal.alexa,0
lektorat.de,normal.alexa,0
avc.edu,normal.alexa,0
seatibiza.es,normal.alexa,0
schlauershoppen.de,normal.alexa,0
aqjiwpshltyeesvs.com,dga.murofet,1
ebooks-numeriques.fr,normal.alexa,0
jbxhfwwnjbtbgjcoot.com,,1
garnier.pl,normal.alexa,0
royalfincorp.com,normal.alexa,0
actiontillplacewouldmuscle.com,,1
autohero.com,normal.alexa,0
gqzzw.com,normal.alexa,0
crypto-clix.net,normal.alexa,0
allover30.com,normal.alexa,0
apartmentlist.com,normal.alexa,0
hyasalokcego.kz,,1
plentisoft.com,normal.alexa,0
8ehlcza6n8gb4rh42i8fsy04.org,,1
xkorgupaeqgtkjhhajrujformrai.com,,1
nubilesteens.com,normal.alexa,0
hfyesatformalisticirekb.com,dga.banjori,1
ql6pnn4hh6vnrvqr7k.cn,,1
pwatch.ir,normal.alexa,0
nbfccabfloabdlmc.co,,1
asesorasoncosalud.com.pe,normal.alexa,0
hivrsizirfanyhhmtcxpfwonzbax.ru,,1
wjklvoew.com,,1
usnizcry.biz,,1
2tvlive.com,normal.alexa,0
maru-ben.com,normal.alexa,0
openroadhonda.com,normal.alexa,0
clickspringprojects.com,normal.alexa,0
altrom.com,normal.alexa,0
yprdhqkllzovintwdkbintij.ru,,1
fhivcdzali.net,,1
songenjoy.net,,1
mhejklqyyrol.biz,,1
bmleebbcdrni.me.uk,dga.tinba,1
odfweynudpkxcdmi.eu,,1
emmaljunga.co.uk,normal.alexa,0
vwprlvvosb.com,,1
eb81y349qrk9.org,,1
9h5majk95mcrb.com,,1
fast-gsm.com,normal.alexa,0
kql38n20h54julylwl38l18jsouc49lrmwnrdy.info,,1
quantocustaviajar.com,normal.alexa,0
cjmckemudik.name,,1
f9ahlvwi6fbv4x43.ru,,1
paxkvknara.top,,1
lbqfyknqgxchrjnyxaexsmrzlft.com,,1
usercdn.com,normal.alexa,0
jmvqzygvuqbplmst.com,,1
tbwirlo9anxq17vy61d6lbsfv.org,,1
jedkolko.com,normal.alexa,0
nubblpbqabnhhtitgh.info,,1
jfevsikathrinezad.com,dga.banjori,1
600rr.net,normal.alexa,0
apple.com,normal.alexa,0
twnqppqeao.com,,1
formaposte-iledefrance.fr,normal.alexa,0
ma-investment.gov.bh,normal.alexa,0
new-gay-porn.com,normal.alexa,0
beloitwi.gov,normal.alexa,0
theselfsufficienthomeacre.com,normal.alexa,0
green-furniture.com.tw,normal.alexa,0
xrharl.com,dga.virut,1
jhqadgghsrekamtk.eu,,1
teploluxe-irk.ru,normal.alexa,0
smartgames.eu,normal.alexa,0
freeprintablecertificates.net,normal.alexa,0
mqwnxxrjfutcmomji.com,dga.ramnit,1
jazz.com,normal.alexa,0
rqkqmrrfredmej.com,,1
ns1.backdates2.org,,1
yakidee.org,normal.alexa,0
fdmedbmddnmkbeaf.com,,1
belmmqgnl.com,,1
xlqaburwns.com,,1
resizemypicture.com,normal.alexa,0
hannuaire.fr,normal.alexa,0
thezam.co.kr,normal.alexa,0
avanitechsolutions.com,normal.alexa,0
aptekanizkihcen.ua,normal.alexa,0
youth-and-beauty.net,normal.alexa,0
lyygrdjulut.net,,1
ost2pst.org,normal.alexa,0
globalpersonalsmedia.com,normal.alexa,0
brandak.net,normal.alexa,0
pkfodfbnlnmlouddu.net,,1
jasolar.com,normal.alexa,0
7c9633a14e947718589f11a1caf52e56.info,,1
utgz.edu.mx,normal.alexa,0
peninsula-residencekl.com,normal.alexa,0
yibldumiskf.net,,1
y01823c437dc213d86f98bde259f245df9.to,,1
ghidini-gb.it,normal.alexa,0
wpdurnuhuvuyocudv56cnt5m.net,,1
atighgasht.ir,normal.alexa,0
5viral.com,normal.alexa,0
xmfpays.info,,1
uopbycmwcdwukt.tw,dga.ranbyus,1
18v4vthcn8yuw30s5nwpdxyrb.org,,1
6fw9yfc9q7gx.net,,1
checkupdown.com,normal.alexa,0
mytubeguru.com,normal.alexa,0
speakingwalls.in,normal.alexa,0
freeidm.co.vu,normal.alexa,0
1qm66ymlrfmbuoc5ealvxze4.net,dga.post,1
jbtobfdwjfzp.dynserv.com,,1
huff.com,normal.alexa,0
egteinalcentricem.com,,1
ukfhzpy.net,,1
hhsnepictom.com,dga.banjori,1
emocwkqksmoigcea.org,,1
tilbo.com,normal.alexa,0
rocket.com,normal.alexa,0
hezbfbkj.info,,1
ocsggscsuaumoyqq.org,dga.ramdo,1
taemfpfzwsn.cn,,1
qdlkkoowhekx.co.in,,1
beogafxu.ru,,1
v5xvrckzvgdeckvyqc.com,,1
1rg2sbt1a7j0dyitoeja193cn93.org,,1
kbnpwtathofngv.com,,1
vgdclub.com,normal.alexa,0
meaninglackagesailsingbox.com,,1
uu2l5xfrppbe1okrbso1jtg718.biz,dga.post,1
nlommofovobwhvnl.eu,,1
fcneael.jp,,1
pcgen.org,normal.alexa,0
lwvmeijme.com,,1
leveildepontaudemer.fr,normal.alexa,0
tiibawakeloc.ddns.net,,1
qeomeogo.ru,dga.pushdo,1
chinateacher.com.cn,normal.alexa,0
oxwokion.ddns.net,,1
asgmmn.com,,1
arenalasvegas.com,normal.alexa,0
18zxwfl1rngrzdvcrrs1lsnvc8.com,,1
bcymvp10bcdm0s0r7g1qk2rat.org,,1
trucktrend.com,normal.alexa,0
fnagbyplaywobb.com,,1
gashun.com,normal.alexa,0
nnjrrsensinaix.com,dga.banjori,1
1fgyspbl8s4iyoywdyx1u0n2bx.net,,1
lyvivax.info,,1
oijkalitydevonianizuwb.com,dga.banjori,1
wgmddlonpokp.xyz,,1
1pornxxx.com,normal.alexa,0
ns1.dnsfor14.com,,1
nptursensinaix.com,dga.banjori,1
jollyhollypanzer.com,,1
clmijftakdmajsrk.eu,,1
cjumtwtuledc.com,dga.tinba,1
smartdatainc.net,normal.alexa,0
christabellechristinsen.net,,1
eviannews.com,normal.alexa,0
towerbridge.org.uk,normal.alexa,0
13zbt948eqe41au6enq1059ed5.org,,1
mrhcyhrsxxto.com,,1
ascentcrm.com,normal.alexa,0
emisupply.com,normal.alexa,0
wiz.pl,normal.alexa,0
hagebau.de,normal.alexa,0
likeyoudominicana.com,,1
wpeoqjhgryfacgt.ru,,1
khaugalideals.com,normal.alexa,0
uxhsfgekflsijearl.biz,,1
day.az,normal.alexa,0
xn--1000-j4d3a3car1a.xn--p1ai,normal.alexa,0
nashi-detochki.ru,normal.alexa,0
kohyjcbeyydd.com,,1
cn08.cn,normal.alexa,0
typophile.com,normal.alexa,0
mccd.edu,normal.alexa,0
bartercard.com,normal.alexa,0
e70e9c5085eba76d4db35b213284f274.co.cc,,1
crlkpjkvrv.info,,1
learnr.wordpress.com,normal.alexa,0
sw-club.ru,normal.alexa,0
hjobfordlinnetavox.com,dga.banjori,1
superfunny.info,normal.alexa,0
wtkr.com,normal.alexa,0
hobbyport.ru,normal.alexa,0
alarma-de-lluvia.com,normal.alexa,0
seletronic.com.br,normal.alexa,0
aoybshibajmc.biz,,1
moment-istini.com,normal.alexa,0
use-enco.com,normal.alexa,0
zenvpn.net,normal.alexa,0
redsharknews.com,normal.alexa,0
cpschools.com,normal.alexa,0
ilmnolmlklmf.in,,1
ivchulszk.ru,,1
kwnemuwa.com,,1
1551b3d927d208b3df8efbb268fd4510.co.cc,,1
bulmasvkndphbp.info,,1
septembertook.net,,1
ns1.backdates1.biz,,1
ssww.com,normal.alexa,0
ukdowa.info,,1
svxutcm.info,,1
vhhaardenslavetusul.com,,1
dpdm.jp,normal.alexa,0
camperteam.pl,normal.alexa,0
wvmzcfkdolq.ru,,1
btservis.ru,normal.alexa,0
shplaayergetadobefl.net,,1
relife-movie.com,normal.alexa,0
babyc2msq8poi2xuva.cn,,1
y5a48af5619c23b6ec5adfabca042e3f01.to,,1
buovhit.info,,1
laymrqkrhfuqdivkxscbiuw.ru,,1
1a3kffi13zv7hota5s0t11dfwez.org,,1
whhfspmrnplvwejsxip.com,,1
nowxoeguiqnlpqip.com,,1
jazzyshirt.de,normal.alexa,0
remezcla.com,normal.alexa,0
rape-portal.biz,normal.alexa,0
b2b-direct.eu,normal.alexa,0
yergetadobaeflashpl.net,,1
mosaquarium.ru,normal.alexa,0
downg.co,normal.alexa,0
inac-fanclub.com,normal.alexa,0
577tcl1132fkil5q8h.biz,,1
10gdui4d311i378hmpi1xd1qh2.org,,1
vilbli.no,normal.alexa,0
statusram.ru,normal.alexa,0
cmocro.com,normal.alexa,0
xn-----ilcsbptiplpzyo.xn--p1ai,normal.alexa,0
4t5x707w06jo1d4j.net,,1
preohpethumuih.com,,1
gucnevvtxaotscox.eu,,1
vxrusdfhhjndpryo.eu,,1
oaza.cz,normal.alexa,0
y8k1nwdrxbqdg25n4h.cn,,1
jrkzcikzqtcxhsccdkbheapj.biz,,1
uofxellefrictionlessv.com,dga.banjori,1
wierdjapan.com,normal.alexa,0
worldweb.com,normal.alexa,0
multicuiseur-et-mijoteuse.com,normal.alexa,0
thaitsunami.com,normal.alexa,0
amibdrnjgqvsoamylppngmpz.com,,1
online-calculators.co.uk,normal.alexa,0
wsr89cedu4qxwnd3.biz,,1
woqasz.com,,1
wownet.ro,normal.alexa,0
rugwczv15idy2u5bm8.cn,,1
wmrmjrikkaxygiyfpjrevcj.com,,1
oismeark.com,,1
kazgorset.ru,normal.alexa,0
informatik-aktuell.de,normal.alexa,0
background-download.com,normal.alexa,0
excitel.ru,normal.alexa,0
hahocososyl.eu,,1
moskva-gid.info,normal.alexa,0
supreme.de,normal.alexa,0
ns1.backdates19.org,,1
getadobeflarshplaye.co.uk,,1
bankmandiri.co.id,normal.alexa,0
ns1.backdates6.net,,1
posramosra.com,,1
usine.io,normal.alexa,0
miwtyskiylhxeq.info,dga.cryptolocker,1
dibujos.net,normal.alexa,0
lkabbbcaabboccla.info,,1
dash.by,normal.alexa,0
davidsottimano.com,normal.alexa,0
rweejovofvbgdxp.com,,1
cghlab.com,normal.alexa,0
tgdxknidpsh.com,,1
bejeimeo.ru,dga.pushdo,1
orange.mg,normal.alexa,0
vanillabloom.co.uk,normal.alexa,0
tetascelebres.com,normal.alexa,0
scanmalta.com,normal.alexa,0
jsakglbcigpr.biz,,1
ns1.dnsfor6.biz,,1
mahoipwaanfofa.ddns.net,dga.symmi,1
jobleh.com,normal.alexa,0
eaton.com.br,normal.alexa,0
bantrab.com.gt,normal.alexa,0
quanlaoda.com,normal.alexa,0
qsugwy.org,,1
14sbyv1w6f1lhobjjw81vq0xih.net,,1
1o1ijg7ajro40fop.ru,,1
ns1.dnsfor0.com,,1
fiskbilen.se,normal.alexa,0
wrqkhidrifve.com,,1
weloveadvertising.es,normal.alexa,0
vivanda.de,normal.alexa,0
cahoiwoq.ddns.net,,1
audax-japan.org,normal.alexa,0
obastan.com,normal.alexa,0
madeleine.co.uk,normal.alexa,0
oskafuxa.ddns.net,,1
bykoket.com,normal.alexa,0
ypkvhanvkjdmwmjyhoncupuw.ru,,1
kaichoninter.com,normal.alexa,0
jobsinjammu.com,normal.alexa,0
fbcpfordlinnetavox.com,dga.banjori,1
pro.com.ar,normal.alexa,0
lashplayefrgetadobe.co.uk,,1
8puvk1ez892z.com,,1
rlnwzswcdph.ws,,1
frybreadquilts.wordpress.com,normal.alexa,0
rahnamabime.com,normal.alexa,0
jk4yiel5pipg9ky8y41wr35lo.net,,1
reasons.org,normal.alexa,0
latinamweb.com,normal.alexa,0
seductoras.com.mx,normal.alexa,0
rapidsharemix.com,normal.alexa,0
lxnmsbcocvjkrne.com,,1
gtpwftqakpenqsn.com,,1
dwqcezmpa.biz,,1
rapidsofttechnologies.com,normal.alexa,0
cydrwxkvkqctlvghiivvovo.com,,1
santafeproperties.com,normal.alexa,0
ceyiecakuuuaacwe.org,,1
banookade.ir,normal.alexa,0
mnmzenkjudo.com,,1
dmvpeqyhupjlzwkdifulznfqc.ru,,1
njrxererwyatanb.com,,1
sfnywgfkwdoejdzntoc.com,,1
macyseverydaymagic.com,normal.alexa,0
panicstrokepreferbringpersuade.com,,1
isthmus.com,normal.alexa,0
jgsmhiqpocc.com,,1
vvykiskrssvt.com,,1
emdehfgiynkp.me.uk,dga.tinba,1
tswcmysxadlsft.cc,,1
qslrtxotgprlrbipigqmzlhh.ru,,1
mlkshk.com,normal.alexa,0
wur-japan.com,normal.alexa,0
gopxllhld.tv,,1
ugkfzphmbpaebrckqwyxphe.ru,,1
filmafia.com,normal.alexa,0
2-5-d.jp,normal.alexa,0
scatteredthoughtsofacraftymom.com,normal.alexa,0
ikhrj15v5lu4dhn.com,,1
template898.com,normal.alexa,0
designpixy.com,normal.alexa,0
filmaker.cn,normal.alexa,0
pukhrajstone.in,normal.alexa,0
dncp.gov.py,normal.alexa,0
trans-cosmos.co.kr,normal.alexa,0
taranefa.com,normal.alexa,0
imgrock.net,normal.alexa,0
jctanaakvjeiqryrce.com,,1
hkwebshop.com,normal.alexa,0
tadobeflashplayerge.co.uk,,1
iuumrcteedui.com,,1
kingbarcelona.com,normal.alexa,0
qt7vgfqhgjwjwbwpqxa.ddns.net,,1
aj5pu4k0y81dydoxq0u.ddns.net,,1
galaheh.info,,1
qupvison.ru,,1
xmrbmkn.cc,,1
mazda-auto.ru,normal.alexa,0
myaqzecnyqelghgzadqrrxylx.net,,1
forecast.ly,normal.alexa,0
wsgtrzbknxz.info,,1
obgh8f1hqavl51lfpr9713dt7wv.org,,1
dqjch2z89i34.net,,1
ihiresalespeople.com,normal.alexa,0
incomartour.com.ua,normal.alexa,0
irip.ir,normal.alexa,0
prifqcsmzukauprlhqequgnfyhay.ru,,1
owngrhvui.com,,1
zzrwr51thus5u17smdg91mitucr.biz,,1
fhdeesvfyb.com,,1
beinglegends.org,normal.alexa,0
whipperberry.com,normal.alexa,0
9oom.rozblog.com,normal.alexa,0
emmas-enkel.de,normal.alexa,0
allbuildingcleaningcorp.com,normal.alexa,0
shuropody.com,normal.alexa,0
a1iauwmtpu1ju7j24v.ru,,1
ewmdtvbnxflvpjkh.biz,,1
usuisoiswcecmske.org,dga.ramdo,1
oln.ca,normal.alexa,0
qetahavekun.eu,,1
fhzww.com,normal.alexa,0
umcghv.com,,1
ylgmmqiivdfrxk.cc,,1
wkwamq.com,,1
1e83h7qg66gtbhlflr5107c9va.net,,1
tonymancini.ca,normal.alexa,0
wje.com,normal.alexa,0
bitedrafthabitnegotiatelecture.com,,1
tbsg1hmsxj2k7ogw.net,,1
omakqy.org,,1
sinar.tv,normal.alexa,0
ciqyfam.info,,1
uhwfinwadbleyyvm.biz,,1
pyqnmwm.info,,1
15qpmoel81zi7b57om.biz,,1
ankiro.dk,normal.alexa,0
peaceau.org,normal.alexa,0
djdxuxwxyyytiu.biz,,1
cwizmwiugkeq.net,,1
etsjxoargtxxoyjsnb.org,,1
mdefcddhmmnx.net,dga.tinba,1
costume.dk,normal.alexa,0
ns1.dnsfor6.org,,1
9i55.com,normal.alexa,0
efavengh.com,,1
aaoowgyowgcuiyqq.org,,1
chromeweblab.com,normal.alexa,0
139wve71vfajv8ixy43yjfgqdu.net,dga.post,1
glamour-galleries.com,normal.alexa,0
movieclickz.com,normal.alexa,0
gjihgjidxolc.com,dga.tinba,1
ns1.dnsfor8.com,,1
oaddanbddamdckca.online,,1
gbiwgg.com,,1
qiange.so,normal.alexa,0
iovqxlzusir.info,,1
xxtiknkcuwuccscb.eu,,1
wassertest-online.de,normal.alexa,0
symscape.com,normal.alexa,0
fhpqnfssynpx.com,dga.tinba,1
dabaicai.net.cn,normal.alexa,0
012grp.co.jp,normal.alexa,0
unitedpixelworkers.com,normal.alexa,0
connect5364.com,normal.alexa,0
renben.tmall.com,normal.alexa,0
qtfztqpf.biz,,1
uymhkaiq.biz,,1
kkcyomw.org,,1
moridim.tv,normal.alexa,0
gree-acs.net,normal.alexa,0
boeurfockwj21ixtr4n1bphnpw.biz,,1
jazirehdanesh.com,normal.alexa,0
wfsfkfcr.com,,1
dbtbhshhwgqmagkuzsrej.com,,1
zmawdqkbyn1mwjb.net,,1
brokerpedia.com.au,normal.alexa,0
1t38if5fgr72yl3rub7.ddns.net,,1
njwrijrpcaiyx4mje8.com,,1
13gzbuazityxblkmge21kqqm3u.net,,1
robertmondaviwinery.com,normal.alexa,0
museco.jp,normal.alexa,0
fammeo.ru,normal.alexa,0
ipever.gob.mx,normal.alexa,0
zaehne-putzen.com,normal.alexa,0
pdrpsectdywwbx.com,,1
nbyj8v170dgcp1boetz7jgtn9r.biz,,1
stopforumspam.org,normal.alexa,0
ppejvfj.info,,1
songlandscapedishwantbottle.com,,1
twintip.ru,normal.alexa,0
mp3youtuber.com,normal.alexa,0
ilhxc1rr18bkibyhm4.com,,1
ggyqrbnv.info,dga.conficker,1
gxswpyjvytneuift.mn,,1
z6k7ibsrmouu37ylcr.cn,,1
qpyjineb.ru,,1
yjhdlnz.info,,1
thomsononeim.com,normal.alexa,0
destroygovern.net,,1
theburlapbag.com,normal.alexa,0
ogagku1emti4x1pgpga21bh0rn7.net,,1
brasilgamer.com.br,normal.alexa,0
jcfq1cfcujb.com,,1
erdcnccf.yi.org,,1
titanblack.co.uk,normal.alexa,0
3q7gkahyn8bknsdoln.ru,,1
ztjthwttzwsdyd.com,,1
pc6a23caa3abeb9e28a8d62d8eb00e9c22.cn,,1
vunbeukca.net,,1
afterpsychotherapy.com,normal.alexa,0
ta3azim.net,normal.alexa,0
kitzbuehel.com,normal.alexa,0
egqoellefrictionlessv.com,dga.banjori,1
ptqphim.com,normal.alexa,0
yourtrainer.com,normal.alexa,0
balaustresmartinez.com,normal.alexa,0
ebitopekecux.ddns.net,,1
alphamovies.de,normal.alexa,0
education-trend.com,normal.alexa,0
571bygnzi5qc2lwusa.com,,1
librodeafirmacionesdiarias.wordpress.com,normal.alexa,0
exorsus.ru,normal.alexa,0
kgmltiydtcfo.com,,1
ias.org.in,normal.alexa,0
blogspot.al,normal.alexa,0
xhwzpartbulkyf.com,,1
34edonmbcxahc6s.ddns.net,,1
ticketportal.sk,normal.alexa,0
newmatter.com,normal.alexa,0
ysapiueoya.info,,1
xkhgmnwry.ws,,1
ahtsvrcvjwwthtwhy.net,,1
pzy.cn,normal.alexa,0
8iaa4hba8x50gy89fj1vtd7ie.net,,1
mcggkgykimkameoo.org,,1
3qqqej1yjgffi1iov7.net,,1
parsitools.ir,normal.alexa,0
fullhdmovies4u.com,normal.alexa,0
uolkawdoqibekr.su,,1
mengtian.com,normal.alexa,0
gepesz.hu,normal.alexa,0
czihevypa.org,,1
vuxkokgi.ru,,1
1jrbv2n1prjog0b8dcco1rxkgg7.biz,,1
sexy-legwear.com,normal.alexa,0
omotiapldq.org,,1
vtyiier.info,,1
vyfsmdposyqzpnyv.org,,1
sporthappenings.it,normal.alexa,0
contact.co.nz,normal.alexa,0
gucfupjvq.biz,,1
qf4p6bot2v4d.com,,1
ognnescvxgdatclo.eu,,1
qnkgcborbrcs.info,,1
x13fff9d5d7c4f32d00dd7333905f1874d.in,dga.dyre,1
epizqjmz.top,,1
ngcoysnkqtawygcymptrzn.com,,1
rhtoiwp.info,,1
vfajxadqbmbmouyh.eu,,1
dyfmdgvbaaxdbqvpmy.com,,1
l28pxm19g53fro41d10o31aya47n60f52fsixe61c29.b,,1
ytexcnmh.org,,1
s1qzk96b4tej.net,,1
marondahomes.com,normal.alexa,0
magzquebec.com,normal.alexa,0
mansion999.com,normal.alexa,0
mbektpbsvsyvg.biz,,1
agentsmutual.co.uk,normal.alexa,0
5t7ljsc5o3jd2ubybg.ru,,1
buyandread.com,normal.alexa,0
ptc.co.il,normal.alexa,0
boomerbrinquedos.com.br,normal.alexa,0
kynkdlknhnfgelonmdk.im,,1
bqcidehuojyibivswjrdidrk.ru,,1
ibdxallvlkhsayc.net,dga.cryptolocker,1
filmicwe.ru,,1
authorsocknegotiatepossess.com,,1
jewicij.info,,1
pyemln.com,,1
dileris.gr,normal.alexa,0
zwyewsehl.com,,1
paules-pc-forum.de,normal.alexa,0
hayho.tv,normal.alexa,0
lxkawgz4endpmz2onj.com,,1
tntph.com,normal.alexa,0
ivyhc.com,normal.alexa,0
wjxbscsxemmxsqmsje.com,,1
gltppxm.org,,1
rawbumwryngmmcqt.eu,,1
gaftafup.ru,,1
zerotracastv.mma,normal.alexa,0
shopirvinespectrumcenter.com,normal.alexa,0
ecigarette-public.com,normal.alexa,0
i3wukceooawp1mlutz11e7qbm0.biz,,1
shopweetots.com,normal.alexa,0
hindisaamana.com,normal.alexa,0
xheel.net,normal.alexa,0
cupucupu.com,normal.alexa,0
sii9beu2143j.com,dga.shiotob/urlzone/bebloh,1
om-x.co.jp,normal.alexa,0
b0b8ro1mmy3781izs556wmuqie.net,dga.post,1
ns1.dnsfor3.biz,,1
enocmhrrh.org,,1
patola.com.br,normal.alexa,0
bcvivjbxdreuoj.net,,1
baavxoofi.ddns.net,,1
uyylxmiq.biz,,1
wwxfmmo.info,,1
triupa.org,normal.alexa,0
detuseic.ru,,1
almarefa.info,normal.alexa,0
qkiogumkkqeiycwe.org,,1
pgzsrmm.net,,1
cyclingonline.nl,normal.alexa,0
fengyunbike.com,normal.alexa,0
todaiji.or.jp,normal.alexa,0
irfqxgdcqiprufxa.eu,,1
tense.biz.pl,normal.alexa,0
kuskgikussiiuyqw.org,,1
iraqoilreport.com,normal.alexa,0
nss-mic.org,normal.alexa,0
lemac.com.au,normal.alexa,0
geizkind.de,normal.alexa,0
tshirtbomb.herokuapp.com,normal.alexa,0
geoplaces.com.br,normal.alexa,0
uepqufrlph.net,,1
mgtsolution.com,normal.alexa,0
xobxkqwbqgzlxzlgerpivskaqby.org,,1
belpressa.ru,normal.alexa,0
homemakinghacks.com,normal.alexa,0
ogaccyuceiyqomqg.org,,1
confessionsofanover-workedmom.com,normal.alexa,0
gailplefrostbitecycz.com,dga.banjori,1
mciskiqaiqweqgom.org,,1
prpauqmjqvsmsy.click,,1
thereadystore.com,normal.alexa,0
twitdelay4.appspot.com,normal.alexa,0
qfgjioyfiucv.biz,dga.tinba,1
dtlunyvwtupk.com,,1
eurasianet.org,normal.alexa,0
aceb.org,normal.alexa,0
bioskop25.com,normal.alexa,0
homenas.ru,normal.alexa,0
uamodna.com,normal.alexa,0
rvhvtseuzrqs.info,,1
1tm3t01ev0xw796zpj11j7pvdf.org,,1
emagrecerdevezbr.com,normal.alexa,0
guauquecosas.com,normal.alexa,0
xarg.org,normal.alexa,0
fvqnjsbdsv.info,,1
qnfjf3u4gjn8lov1t6.biz,,1
hastech.company,normal.alexa,0
nasha-sila.com.ua,normal.alexa,0
kvmihtamuopvagdlrwzg.com,,1
cbetta.com,normal.alexa,0
laresdj.com,normal.alexa,0
caogocvekia.ddns.net,,1
osforce.cn,normal.alexa,0
fuqwsnm43q8y5qef3s.net,,1
fuytmgyamauqzdculnhuxaqhijb.net,,1
abniakfifoin.ddns.net,,1
tubetycoon.net,normal.alexa,0
itysyxxcwoggt.com,,1
sellektor.com,normal.alexa,0
awnxcueoya.biz,,1
inwkgqj.biz,,1
buscocolegio.com,normal.alexa,0
salonnhuomtoc.com,normal.alexa,0
pinso1.vn,normal.alexa,0
memup.fr,normal.alexa,0
ndjioj5967sx9b05g9kp4tzt.org,,1
genovatoday.it,normal.alexa,0
motociclismo.it,normal.alexa,0
pukktvau.cc,,1
masspagerank.com,normal.alexa,0
1gi0o3ognc4n11wtpkr873rkpp.net,,1
dqxsywwwrqd.com,,1
yqpcrsensinaix.com,dga.banjori,1
siph0n.in,normal.alexa,0
geileiro.ru,,1
ggcyucdbfd.yi.org,,1
1b3fveq13kcrpwqdfyozy6nmxb.biz,,1
commonapp.org,normal.alexa,0
friveem.com,normal.alexa,0
family-sex.org,normal.alexa,0
ganibal-tv.com,normal.alexa,0
royalextension.com,normal.alexa,0
fotosoimagenes.com,normal.alexa,0
60qsa0yk24ek.org,,1
labour.nic.in,normal.alexa,0
ewokesoft.com,normal.alexa,0
vhycrugbogfoqk.me,dga.ranbyus,1
buvkbszy.ru,,1
commsecadviserservices.com.au,normal.alexa,0
gastateparks.org,normal.alexa,0
wvfpyraeaeos.com,,1
lveaemgmpndihulznbxcijljdugafy.ru,,1
mmnvorcajanunal.com,,1
job-interview-answers.com,normal.alexa,0
vfhmtfoslo.com,,1
af05qn8dqf8l.org,,1
1h7ef6o1r6v8e41ys05lg3ofxqe.com,,1
atv.com.tr,normal.alexa,0
dedomedio.com,normal.alexa,0
qhe1p4k7d2rx8cv8fc1k7f7e1.biz,dga.post,1
de-viaje.com,normal.alexa,0
chinamarketresearchreports.com,normal.alexa,0
investorschool.ru,normal.alexa,0
qkqw3egthykvp2.com,,1
admobitrack.com,normal.alexa,0
webmasterplan.com,normal.alexa,0
akbonbvvyrmbphw.sx,,1
hayqob.com,,1
kuugustewouhxia.ddns.net,,1
catchskills.com,normal.alexa,0
3n78cz04e992u3kd.net,,1
huxvumuk.ru,,1
hlavnespravy.sk,normal.alexa,0
datafeedr.com,normal.alexa,0
svxrfoikdmxf.cc,,1
lkib4h6phv9419ixgadn3ce51.net,,1
gyghyitafq.kz,dga.pushdo,1
moviewapi.in,normal.alexa,0
uomeiaogymowaioa.org,,1
sdbtgb1g225tz1lrbcj81wza41b.net,dga.post,1
biblical-baby-names.com,normal.alexa,0
video-bookmark.com,normal.alexa,0
stichtingb12tekort.nl,normal.alexa,0
xieekfyw.dynserv.com,,1
thepracticalartworld.com,normal.alexa,0
iguhqesxfd.org,dga.conficker,1
esoterikforum.de,normal.alexa,0
sctmjz.com,normal.alexa,0
online-investment.net,normal.alexa,0
plljsn1rar1ih1r25c5yax9nu4.biz,,1
lomj8hjjb2ofzvdfap.net,,1
everydaycheapskate.com,normal.alexa,0
modulusfe.com,normal.alexa,0
petsunlimited.com,normal.alexa,0
pungulqcdsivug.tw,,1
patioincamp.com,normal.alexa,0
te-st.ru,normal.alexa,0
the-west.pl,normal.alexa,0
qq7ca6hwodht4akml2.cn,,1
f027adccea12ea15479127a45fb8553d66.in,,1
xcvemfynetgoyexxt.in,,1
iadvize.com,normal.alexa,0
a776b4d3d74a21d5f6ca74b2c7ae0bed37.hk,dga.dyre,1
ipemwjmehydqbezyr.net,,1
brwmhvtfxogmoacousnegt.org,,1
malaysia-asia.my,normal.alexa,0
mcguukgkquecgyqs.org,dga.ramdo,1
lufeagoq.ru,,1
tcmrwcxgylojtgcycfqvkr.ru,,1
19e7de6329dacf3b41c7582dd7fcb425.co.cc,,1
valentus.com,normal.alexa,0
sjwh18mrsxwfgdm.ddns.net,,1
slbvamxetahiniig.eu,,1
milkmine.net,,1
mxmvihghyhg.top,,1
theonlinestore.co.za,normal.alexa,0
lssv4p1w5kk9l10462wr1a1s7rg.com,,1
a7u8ob8oy97d4x3v.net,,1
ideaexpressignoreinstall.com,,1
tpnszmgi.com,,1
ucicinemas.pt,normal.alexa,0
guitarworks.jp,normal.alexa,0
ewswnpudlyni.net,dga.cryptolocker,1
qytkwhqg.com,,1
dfncmncmcbddabda.com,,1
hot-juicygirls.com,normal.alexa,0
thesewash.net,,1
z8hmjwp2b41q.org,,1
lpizhyae.net,,1
nluoppsqwfszomoi.org,,1
cakfqecxat.biz,dga.qakbot,1
sitimasrifah.com,normal.alexa,0
e0e034srifsv7jwnclylyxe.ddns.net,,1
odbmrtrlxylwpubj.eu,,1
kostal.com,normal.alexa,0
juxrowiq.ru,,1
mdkwotiwmtya.net,,1
hpmasikathrinezad.com,,1
xrvmhoxmk.net,,1
webcareer.us,normal.alexa,0
softmath.com,normal.alexa,0
cbj.ca,normal.alexa,0
ns1.backdates7.net,,1
rlnjafxkilu.com,dga.ramnit,1
biblio.co.uk,normal.alexa,0
gurmanija.com,normal.alexa,0
nsbywskhcdxmmh.org,dga.cryptolocker,1
mtcowgirl.com,normal.alexa,0
globostudy.ch,normal.alexa,0
par8o.com,normal.alexa,0
vogirova.ddns.net,,1
educateinspirechange.org,normal.alexa,0
cvaplzma.info,,1
kskztctmjauxinfqqlvhqpjde.ru,,1
thbatq.com,normal.alexa,0
azohwc.com,,1
yiflx91sab.com,,1
zqzatizq.ru,,1
jobsdedo.com,normal.alexa,0
rcvkxliglvxl.com,,1
zzu.edu.cn,normal.alexa,0
eatliver.com,normal.alexa,0
gelinlikce.com,normal.alexa,0
bzpoam.com,,1
oemmmlqohawej.pw,,1
fileloby.com,normal.alexa,0
survivalschool.us,normal.alexa,0
ibfijehggtcc.com,,1
skulwninqhoqlfn.biz,,1
gatecebofas.eu,,1
jkramsio.com,,1
hmlqbnwwlxty.xyz,,1
magnanni.com,normal.alexa,0
1apps.com,normal.alexa,0
rupapettiya.org,normal.alexa,0
zedataro.com,normal.alexa,0
ipgsvk.com,,1
seekatesew.com,normal.alexa,0
trlprasildeafeninguvuc.com,dga.banjori,1
yardhear.net,,1
bidqa.com,normal.alexa,0
xuzdyojybjpoegocxycoj.info,,1
iscreening.in,normal.alexa,0
wodify.com,normal.alexa,0
ulilifujur.top,,1
aksaray68haber.com.tr,normal.alexa,0
theolivetap.com,normal.alexa,0
cityputadiz.eu,dga.simda,1
intech.com.br,normal.alexa,0
microvision.com,normal.alexa,0
upfugycewskkkugbi.net,,1
qhapttboewydfcq.info,,1
fngqknetcexyobydja.cc,dga.necurs,1
mykokofitclub.com,normal.alexa,0
ntexpltoreredo.net,,1
nbekddabbkffcamc.online,,1
bhjxi.net,,1
jobcenter-staedteregion-aachen.de,normal.alexa,0
16maple.com,normal.alexa,0
saia.com,normal.alexa,0
jaltembajalapeno.com,normal.alexa,0
paadalvarigal.com,normal.alexa,0
sknxzoy.info,dga.pykspa,1
pzcihukvmfdbemboztroylxwlr.org,,1
clichemag.com,normal.alexa,0
4vnzwpxfpy.net,,1
anxinfloors.tmall.com,normal.alexa,0
haimawan.com,normal.alexa,0
f2b3ec697411984d28b5cfca12eec3151e.in,,1
rtqgpartbulkyf.com,dga.banjori,1
nergovjnswbtciia.eu,,1
eidmubarak2015quotes.com,normal.alexa,0
fmqkyksky.info,,1
mjrqusxevgp.info,,1
pleasantclose.net,,1
minvu.cl,normal.alexa,0
hgchristie.com,normal.alexa,0
g5d937b4f6fef1f9c4195445ef83ccd274.to,,1
mifmllaabettingk.com,dga.banjori,1
giduhihuydxogixjzormztjbf.org,,1
kp24.fi,normal.alexa,0
7y747yohrakinfq6zh.biz,,1
rukmaster.com,normal.alexa,0
qtscqzdij.com,,1
passportphotonow.com,normal.alexa,0
eiqelud.eu,,1
mtiwotiwmtya.net,,1
3gp6r89u78tq.org,,1
tinpix.com.br,normal.alexa,0
goodwillnne.org,normal.alexa,0
hieloivlgwdg.com,,1
ns1.backdates12.net,,1
aolai.com,normal.alexa,0
groundbreaking.cn,normal.alexa,0
gieldagolebi.pl,normal.alexa,0
t3048oeikcfyh3dj.biz,,1
mercedes.me,normal.alexa,0
iycckqvboxomwyq.info,,1
v98b475fa144547c5d17802e8367592eef.cn,,1
yucoouwy.dyndns.org,,1
3jenk2e8g4eli63.ddns.net,,1
southcome.net,,1
amelissa.com,normal.alexa,0
unitytrain.cn,normal.alexa,0
ns1.backdates1.info,,1
kats.go.kr,normal.alexa,0
xpeloreredotnt.info,,1
xhisrr.net,,1
loto.ro,normal.alexa,0
paulov.ru,normal.alexa,0
sunridgevillage.co.za,normal.alexa,0
joyrgbpcw.info,,1
sport-pit.com,normal.alexa,0
vongestern.com,normal.alexa,0
1xo6vld1ne6lom1129ozkq2zay9.org,,1
mincultura.gov.co,normal.alexa,0
actionfraud.police.uk,normal.alexa,0
vxlkofoazme.com,,1
hqfgbeqmme.org,,1
sdousr.com,,1
lijjueuuxwdo.com,,1
radiodirecto.com,normal.alexa,0
jctc.jp,normal.alexa,0
oneplanetcrowd.com,normal.alexa,0
pvxfalti.cn,,1
chat-assistance.com,normal.alexa,0
hgddgbmbtvns.net,,1
mp6dm0iht3ro1irgntr7v9cfs.com,dga.post,1
gahyzgeqp.info,,1
metherm.de,normal.alexa,0
q34huj8hajk9.org,,1
014eb613308fa55da7c7c9080057e883.org,,1
yfoqqmnansnan.org,,1
f1pqyr1u9xp4s7zyo01ksq651.org,dga.post,1
520csol.com,normal.alexa,0
benteler.de,normal.alexa,0
horizonair.com,normal.alexa,0
okboddmkdkdcblbb.net,,1
pompina.ru,normal.alexa,0
raawheew.ddns.net,,1
justfwd.com,normal.alexa,0
bizsoft.co.jp,normal.alexa,0
raymondvineyards.com,normal.alexa,0
qhzeyukkrbqpdibhucvkfax.org,,1
gtikjpdlwgahxu.com,,1
vkbmnbonpmljvlnpvrsknlnwovst.net,,1
spele.nl,normal.alexa,0
prazdelys-sommand.com,normal.alexa,0
npahirjnyytr.com,,1
ogyvrwsyyrabrebppf.com,,1
cbjqrohdvvsosdsl.eu,,1
sbouxsoyytos.info,dga.cryptolocker,1
dm-drogeriemarkt.sk,normal.alexa,0
thesocialware.com,normal.alexa,0
ns1.dnsfor12.net,,1
trnj.work,normal.alexa,0
bqmlmwrvrzrnred.com,,1
promofits.ru,normal.alexa,0
worldcontinueshootruindump.com,,1
1fl9aa31yaryqf1jocmea81zxrq.net,,1
nationalbankcard.com,normal.alexa,0
biuwhwdvrhl.org,,1
hablayapanama.com,normal.alexa,0
tourhq.com,normal.alexa,0
mocha.ml,normal.alexa,0
stmegi.com,normal.alexa,0
cdoecbmelbelkafd.com,,1
drljjkyx.biz,,1
avsh2zcxqbcp.top,,1
ischooledx.com,normal.alexa,0
fullspeed.co.jp,normal.alexa,0
level3.net,normal.alexa,0
mailboxlayer.com,normal.alexa,0
eefnowryyqye.net,,1
cvzi831wb4ricgna1d.cn,,1
lhspb.ru,normal.alexa,0
vcgietkhdgvjhhsbdu.com,,1
redroosterharlem.com,normal.alexa,0
palsmaniaa.com,normal.alexa,0
skut.ro,normal.alexa,0
doubleclickadvertisers.blogspot.com,normal.alexa,0
jnwpeq.biz,,1
suxedoo.ch,normal.alexa,0
norbord.com,normal.alexa,0
xiaonaodai.com,normal.alexa,0
lanouvelleexpression.info,normal.alexa,0
infomama.ru,normal.alexa,0
pynkltgjpxr.com,,1
jdramacity.blogspot.com,normal.alexa,0
dasrltgzlkflyrsnfqsxkylrvc.org,,1
montgomerycristianson.net,,1
brighthand.com,normal.alexa,0
nslahovehu.ru,,1
dataley.net,normal.alexa,0
finqtwvhkmhawilmhwk.com,,1
edvpegwgz5dor.net,,1
whgzehqzoh.ru,,1
videosvoyeur.com.mx,normal.alexa,0
bcltqrbjyjvk.com,,1
xsijjckccvvu.club,,1
bjpr5s0e2lss80nu.com,,1
dbkbmkneondcbkfb.com,,1
azslmlknghk.com,,1
be41jljm2m9992.net,,1
trustedtarot.com,normal.alexa,0
theglitterstudio.ie,normal.alexa,0
napcogroup.com,normal.alexa,0
sumqayitxeber.com,normal.alexa,0
glbimg.com,normal.alexa,0
jd9a978y0bsr13uu6dqc4iez8.com,,1
ghnmlynirs.net,,1
cbcenfefadnlnbfe.com,,1
kose.com.cn,normal.alexa,0
largeheartedboy.com,normal.alexa,0
rohitab.com,normal.alexa,0
riiwfuolohkaegk.ddns.net,,1
escortbook.com,normal.alexa,0
bicyclecards.com,normal.alexa,0
ace-fx.com,normal.alexa,0
jupbatdi.ru,,1
libma.ru,normal.alexa,0
pdftojpgconverter.com,normal.alexa,0
merriemarketing.com,normal.alexa,0
pr2p2dfbkvdk.net,,1
qz0pur492b4t.com,,1
g-lights.ru,normal.alexa,0
williamhill.com.au,normal.alexa,0
toysefun.com.br,normal.alexa,0
fuckhairysex.com,normal.alexa,0
batrogok.ru,,1
studienstiftung.de,normal.alexa,0
techgzone.com,normal.alexa,0
e7c3c2f43ef5a947d549b432355db9f837.tk,,1
lykagun.info,dga.simda,1
heureuse-en-amour.fr,normal.alexa,0
emagcloud.com,normal.alexa,0
rccanada.ca,normal.alexa,0
paintpro.net,normal.alexa,0
h00rhc1doy2qa102m2g28e0zft.net,,1
ghyfc167gti7.org,,1
turkifahad.com,normal.alexa,0
amqkxafm.com,,1
quietwhose.net,,1
adkrkhkvkty4qxk.ddns.net,,1
yellopet.de,normal.alexa,0
institucio.org,normal.alexa,0
activistis.gr,normal.alexa,0
read-choti.blogspot.com,normal.alexa,0
platformphoenix.com,normal.alexa,0
u9273c79df7ba4e0ae641329defac04e7d.hk,,1
rsrxiin.info,,1
xxjwveaxhfilulak74.com,,1
huadufs.tmall.com,normal.alexa,0
myownbusiness.org,normal.alexa,0
newlesbiantube.com,normal.alexa,0
playema.com,normal.alexa,0
humantaste.net,,1
giorgioschimmenti.com,normal.alexa,0
nomuraholdings.com,normal.alexa,0
vqxrlxjrafyde.com,,1
rypac.eu,,1
ciwimen.com,dga.banjori,1
umino.in,normal.alexa,0
agvgjrrsq.xyz,,1
tavvltrnxsbsqt.biz,,1
lltufutovulg.com,,1
ashpllayergetadobef.net,,1
imtraveller.livejournal.com,normal.alexa,0
xcifswojxirobhqicqvsztriejf.com,,1
empleacantabria.com,normal.alexa,0
imbaaweb.ru,normal.alexa,0
x51dpr1nhpi2hb2ek4815jnbla.com,dga.post,1
weelist.com,normal.alexa,0
nsdihwgoumus.net,,1
qualitybazaar.in,normal.alexa,0
iqxoir1imdseq1vm9no41wed6sq.biz,,1
gymzr.cz,normal.alexa,0
chaptersofhopeblog.wordpress.com,normal.alexa,0
supertraff.in,normal.alexa,0
owcsdxfuthgn.com,,1
hikersbay.com,normal.alexa,0
gascojuguetes.es,normal.alexa,0
1bem50q117lew0rokecqky6xch.com,dga.post,1
pensamento-cultrix.com.br,normal.alexa,0
lattelecom.tv,normal.alexa,0
donga-otsuka.co.kr,normal.alexa,0
ogammachuslazaroqok.com,dga.banjori,1
svtlhws.info,,1
lclending.jp,normal.alexa,0
pixelportal.de,normal.alexa,0
zhszoxeavbhmtkbju.com,,1
bk3sqigiddv67g7qdp.biz,dga.rovnix,1
suxnuwoq.ru,dga.pushdo,1
gxlhprfxcaa.ac,dga.necurs,1
skiusokgqoiwqgue.org,,1
fbmzanerraticallyqozaw.com,,1
lbnxtmisyh.info,,1
vacictam.ru,,1
jmfgxjvsktwg.com,,1
ttpmanerraticallyqozaw.com,,1
360360360.com,normal.alexa,0
busratriko.com,normal.alexa,0
ocqeleasuredehydratorysagp.com,,1
xdxjnhxhjbuyeuojkm.com,,1
whmpodcast.com,normal.alexa,0
mdywotiwmtya.org,,1
dwfpqqg.net,dga.conficker,1
herbiceps.com,normal.alexa,0
87book.cc,normal.alexa,0
ykkkqoca.org,,1
shop-pro.jp,normal.alexa,0
vetrinamotori.it,normal.alexa,0
evlqieljieppmv.in,,1
lafontaine.net,normal.alexa,0
administrativejobinsider.com,normal.alexa,0
9i70pun4hqn8.net,,1
animusic.info,normal.alexa,0
dancewithmeseniorita.com,,1
kielikello.fi,normal.alexa,0
applied-acoustics.com,normal.alexa,0
hocoma.com,normal.alexa,0
rusbanks.info,normal.alexa,0
lolsrifox.com,,1
bulldogsecurity.com,normal.alexa,0
neovlivni.cz,normal.alexa,0
patientsite.org,normal.alexa,0
euromundoenlineamx.com.mx,normal.alexa,0
uniklinik-ulm.de,normal.alexa,0
picdumps.com,normal.alexa,0
socialsignal.com,normal.alexa,0
trailrunner.jp,normal.alexa,0
livgrekrejumhsizxrloenqq.info,,1
fcafbnafeamkokfc.online,,1
zpsdiologistbikerepil.com,,1
puzywuq.info,,1
bxoqctoieqzogyql.info,,1
gewinnspiele.cc,normal.alexa,0
smirnoff.com,normal.alexa,0
cqtblg8mvhoql4om.net,,1
50states.com,normal.alexa,0
supadu.com,normal.alexa,0
betterinbed.tv,normal.alexa,0
reksghhaneomfwhbtyncbb.com,,1
pappu.mobi,normal.alexa,0
1ix83kilv273nnceq115c7ikb.biz,,1
csp1ogkejlu.net,,1
pensou-publicou.com,normal.alexa,0
lionfood.net,normal.alexa,0
airenti.in,normal.alexa,0
amagspb.ru,normal.alexa,0
swps.com,normal.alexa,0
owswplwmqrnphdtevvjx.tj,,1
gamev1.com,normal.alexa,0
win8-torrent.net,normal.alexa,0
ousjanarianaqh.com,,1
tcfurydwxe.ru,,1
leicester.gov.uk,normal.alexa,0
sfo4z5klhedc.net,,1
vofag.eu,,1
zaraafab.com,normal.alexa,0
animalporntravel.org,normal.alexa,0
ns1.dnsfor16.net,,1
groagfm.net,,1
crhzkqkrcsfyouazb58prpvdzown60d30fu.net,,1
tallahassee.com,normal.alexa,0
uxtyrclrcnhu.ru,dga.cryptolocker,1
l6e4c1b2f4638ba498dd8294ec995fc940.so,,1
nagomi-gh.com,normal.alexa,0
1o7b1oujkajvxte4zje17qmopy.net,,1
arwit.pl,normal.alexa,0
i3b3b1ca0d3ade36deb68069d6d31db558.hk,,1
dddsbpctrqibeaqh.eu,,1
dashubao.cc,normal.alexa,0
cloudtuesday.net,,1
excurspb.ru,normal.alexa,0
mdrrrrr.org,normal.alexa,0
yzufofsv.org,,1
kgdwcrbvnv.info,,1
rlwallaabettingk.com,,1
portalalba.org,normal.alexa,0
eenmanerraticallyqozaw.com,dga.banjori,1
pilcanwe.ru,,1
x0ox.ru,normal.alexa,0
udynanrpxqbxrosop.click,,1
truenorth.co.jp,normal.alexa,0
rdg.ac.uk,normal.alexa,0
cwagaowm.org,,1
lxpovdcfmiti.ru,,1
midpen-housing.org,normal.alexa,0
alrrnpvrvs.net,,1
wtez8h2rc5ib.net,,1
espacerendezvous.com,normal.alexa,0
kysouyumyqkyoeuu.org,dga.ramdo,1
ivgwmpjhuunce8.com,,1
bradescouniversitarios.com.br,normal.bambenek,0
stluciatimes.com,normal.alexa,0
dplzancorml.com,dga.banjori,1
tanteifile.com,normal.alexa,0
streetfeastlondon.com,normal.alexa,0
olnsmhuvhs.biz,,1
it-girl.es,normal.alexa,0
miloweqeuni.ddns.net,,1
andrewkeir.com,normal.alexa,0
c4w2s8gn1jg2yns.ddns.net,,1
judson.edu,normal.alexa,0
pinksonata.net,normal.alexa,0
mpsryzgnti.dynserv.com,,1
plvwuelxio.biz,,1
najserialy.sk,normal.alexa,0
mbookstore.com,normal.alexa,0
pqng9ar496jk.org,,1
dynafit.com,normal.alexa,0
xaymduprrdnx.biz,dga.cryptolocker,1
8n69v11oxd73g1ts6p26tg67ya.biz,,1
ipa.org.uk,normal.alexa,0
submissive4dominant.tumblr.com,normal.alexa,0
rlrvhbk.ms,,1
timehabitincreaseapplybalance.com,dga.matsnu,1
careerbuilderforemployers.com,normal.alexa,0
yiblvvsacpeqcpawp.su,,1
uxitenhehuucw.ddns.net,,1
ilwryjqnaz.ru,,1
livingmoonastrology.com,normal.alexa,0
binkd.com,normal.alexa,0
aimersoft.com,normal.alexa,0
thedoityourselfworld.com,normal.alexa,0
turkporni.org,normal.alexa,0
knowyouroptions.com,normal.alexa,0
celeblounge.net,normal.alexa,0
pappapak2.com,normal.alexa,0
urbanhentai.com,normal.alexa,0
stocksmarket.in,normal.alexa,0
x641f7dfbc482dd7032daf41d6675aedbb.so,,1
ismailyonline.com,normal.alexa,0
xs-stock.co.uk,normal.alexa,0
joannelarby.com,normal.alexa,0
wusvepoura.info,,1
homegall.com,normal.alexa,0
azpans.com,,1
pwvjllvkhah.net,,1
seekreport.com,normal.alexa,0
americanpowerblog.blogspot.com,normal.alexa,0
homedatingnetwork.com,normal.alexa,0
drunkjcrew.tumblr.com,normal.alexa,0
xn--80aaa5akp3agco.xn--p1ai,normal.alexa,0
vodidus.org,,1
atmjylybqb.com,,1
conditionstablefeedadapt.com,,1
irafczmfyx.ru,,1
cegyukicgiooiige.org,,1
hvjcehqi.net,,1
azarangame.ir,normal.alexa,0
wsjwjknvaazsvjt3u.com,,1
bakeearnprogramgroupcondition.com,,1
rfptwbskqn.biz,,1
healthyteam.info,normal.alexa,0
pacbrands.com.au,normal.alexa,0
x32e9126b2bfcb8af64d528ec4c2a5983b.in,,1
innherred.no,normal.alexa,0
longrichcn.ru,normal.alexa,0
thosecharge.net,,1
vrleonberg.de,normal.alexa,0
cityqufuvir.eu,,1
wbplyfgzoi.info,,1
foakfurc.su,dga.locky,1
speed-sex-date.com,normal.alexa,0
11d6obv1gjiliq1q5dkx61t6lr9o.org,,1
lymyxun.com,,1
buscandocasa.com,normal.alexa,0
mirai-compass.net,normal.alexa,0
ef243cbcfaf1f2df5b51444940b247e1.cz.cc,,1
tjjxxfvaao.com,,1
ns1.dnsfor18.org,,1
rkaernj.cn,dga.conficker,1
52sasa.com,normal.alexa,0
riverdale.nl,normal.alexa,0
ifibber.com,normal.alexa,0
kepicarixyp.eu,,1
bhacwxjcxevhudtv.com,dga.ramnit,1
sentiment140.com,normal.alexa,0
450bf8f7c5e3670f2fb8492fc946c12c.org,,1
cheki.co.ke,normal.alexa,0
hawkers-unitedkingdom.myshopify.com,normal.alexa,0
bestweightgain.com,normal.alexa,0
ewefotol.ddns.net,,1
xswkwbmhx.org,,1
appedu.com.tw,normal.alexa,0
peribahasa.net,normal.alexa,0
bfxmhuv.info,,1
edelvives.es,normal.alexa,0
digimonadventuretri.com,normal.alexa,0
qeoqupva.ru,,1
mze6w4uyboba2ccl.com,,1
ilksms.com,normal.alexa,0
worldofwarplanes.ru,normal.alexa,0
invertersrus.com,normal.alexa,0
oktava-mics.net,normal.alexa,0
xwfkfgpytq.top,,1
ml6yb5in6ooy1m0i1bp1wour20.net,,1
gmgmellefrictionlessv.com,dga.banjori,1
bareillylive.com,normal.alexa,0
alfsmcmcajwtpjthh.tw,,1
udoldcnvuzez.com,,1
hoistfitness.com,normal.alexa,0
velvetparsnips.com,normal.alexa,0
ns1.dnsfor11.com,,1
namastay.in,normal.alexa,0
sport-express.ua,normal.alexa,0
relativeassociateneckspend.com,,1
hrvwuhgcdkbqsihbwp.com,,1
qju0cfcp16s0cp7pg4kpsra.ddns.net,,1
wjoxedorylk.com,,1
zabaven.website,normal.alexa,0
belkman.com,normal.alexa,0
iscool.pl,normal.alexa,0
18ng0xh7z7pec1qfxdp11ms4tn4.biz,,1
tfwdpartbulkyf.com,dga.banjori,1
uesrstn.pw,,1
ktakpxv.info,,1
noticeinstallemphasizepersuade.com,,1
tklivfvn.info,,1
z161ef1bf330cb7bb3e46b8ca21049b27b.in,,1
busana-fashion.com,normal.alexa,0
factorydirectplayground.com,normal.alexa,0
jpawflpqgdocncdfgw.com,dga.ramnit,1
pokebi.com,normal.alexa,0
viaggiatoricheignorano.blogspot.it,normal.alexa,0
free-photolikes.com,normal.alexa,0
xvnhmen.com,,1
uopprasildeafeninguvuc.com,,1
allstarporngirls.com,normal.alexa,0
venuemob.com.au,normal.alexa,0
cicycqisoquumymm.org,,1
kccobfvl.info,,1
27w9mngh67s9.org,,1
alaskafromscratch.com,normal.alexa,0
staplesrewardscenter.com,normal.bambenek,0
hizlisanalkontor.com,normal.alexa,0
ccdvzqtlzja.info,,1
vyahusphpxrt.net,dga.cryptolocker,1
tersexy.net,normal.alexa,0
familie-loyal.de,normal.alexa,0
igfvsumqvrhqfirx.net,dga.murofet,1
musyuusei5.net,normal.alexa,0
ebikikupmeimibm.ddns.net,,1
cnbv.gob.mx,normal.alexa,0
hoddtmxewhdjys.net,,1
teenfucking.ru,normal.alexa,0
3eh4vqj2jm14sc.com,,1
amerikey.net,normal.alexa,0
mostcold.net,,1
telenovela-world.com,normal.alexa,0
bfcmbknbbbmmnbda.com,,1
wlcfhxm.info,,1
104vod.com,normal.alexa,0
zurutoj.info,,1
dtalhtdk.info,,1
kpzdnielk.com,,1
zebest-3000.com,normal.alexa,0
yi17wp1dpo0mmu0op4t9rjp3w.org,,1
internet4mobile.com,normal.alexa,0
qegtkblahjdpem.info,,1
haoche51.com,normal.alexa,0
yb2jx6ljuj7h2yilgh.ru,,1
eedzanerraticallyqozaw.com,dga.banjori,1
1ncz9xoby50dq1hksnnm1xifjls.biz,,1
bm62dadljc5cx28sui.net,,1
trtkor.com,,1
directory4me.ru,normal.alexa,0
imaginarium.pt,normal.alexa,0
ypgisbnmd.net,,1
iau-mahabad.ac.ir,normal.alexa,0
mbbnzozyaq.com,,1
porn-star.pics,normal.alexa,0
euakayggwu.com,,1
xvzvinalcentricem.com,,1
gohachi.com,normal.alexa,0
pfzztkewycs.tv,,1
mnyndsiqorua.com,,1
ywgcmwsiygswcoew.org,,1
timol.com.br,normal.alexa,0
tgvahip.info,,1
42wnrm1pnr7il1ts63601xys7qa.biz,,1
diznee.net,normal.alexa,0
book.tmall.com,normal.alexa,0
sbinenylofa.top,,1
drozthegoodlife.com,normal.alexa,0
imnmlxbfii.cn,,1
fpjvqeobg.com,,1
nixugrub.ru,,1
lbx.la,normal.alexa,0
avaeduc.com.br,normal.alexa,0
basketusa.com,normal.alexa,0
ns1.dnsfor3.info,,1
wonderingminstrels.blogspot.co.id,normal.alexa,0
gunshopfinder.com,normal.alexa,0
amsangzdoxasojili.com,,1
variousthird.net,dga.suppobox,1
etllejr.dynserv.com,,1
vuhgbqdshs.top,,1
ugpfancorml.com,dga.banjori,1
avsamples.com,normal.alexa,0
assertselenium.com,normal.alexa,0
besedki-msk.ru,normal.alexa,0
kiusys.com,normal.alexa,0
flex-antiques.com,normal.alexa,0
jiisexcugegmlo.net,,1
beltcakefriendsucceedannounce.com,,1
1t29xnnhc6gt0bnez3y1xgj1xc.com,,1
vvjl1o18n2a1o14n45ixgus43p.net,,1
mmho.tk,normal.alexa,0
bclabkdolodddmcb.eu,,1
strauss-innovation.de,normal.alexa,0
glassshout.net,,1
trade-trade.jp,normal.alexa,0
r6ac79d6d46aa789581d5ea4bcbe559aea.cn,,1
boargeutka.ddns.net,,1
shiuhjqvjryejo.com,,1
trainwithjackcanfield.com,normal.alexa,0
ngdkdybul.ru,,1
otjusgpgoxxntmk.biz,,1
qlj7uhie5hg2w4ascd.com,,1
cxalwgfmmejg.org,,1
lphjbezdeapzpcvgkfhmnvhm.biz,dga.p2p,1
e6ef6emguevmzz9ypswt7h1a.net,dga.post,1
jmfmijas.ws,,1
nzmearkj.net,,1
triathlon.de,normal.alexa,0
znwprasildeafeninguvuc.com,dga.banjori,1
littleminute.net,dga.suppobox,1
o4t52ofd3pblah2wlk1iignq4.net,,1
i2pay.com.sg,normal.alexa,0
cmsnl.com,normal.alexa,0
thqqc6mq84w61iw2z661mrupcd.org,,1
lovchy.ru,normal.alexa,0
hip-pro.info,normal.alexa,0
pehbysgvo.net,,1
507735f1f733b939cbdee2d5696b9e05.info,,1
redecol.com.br,normal.alexa,0
startrungrow.biz,normal.alexa,0
iuqwgaqowmmqguae.org,,1
740ea9fba7648beeded031336cd344b6.co.cc,,1
iubzvdkq.dyndns.org,,1
n8zfrj1wg0u8m1ok0az71hf6h5s.biz,,1
aurorasbikelight.com,normal.alexa,0
newsar.ro,normal.alexa,0
nationalservice.gov,normal.alexa,0
unitedforimpact.org,normal.alexa,0
lxynmytvhgyiv.com,,1
migenweb.net,normal.alexa,0
anglecakereturnbepattern.com,,1
faremusic.it,normal.alexa,0
dgtnpjulzbjy.com,,1
mydelraybeach.com,normal.alexa,0
wapicinsuranceplc.com,normal.alexa,0
boacoteivoire.com,normal.alexa,0
breitlingsource.com,normal.alexa,0
magic81.com,normal.alexa,0
ppxqrasildeafeninguvuc.com,dga.banjori,1
buscador.com.mx,normal.alexa,0
mbpjfaxlfnzkjcusjvkzlfqktsvw.net,,1
alternative-doctor.com,normal.alexa,0
shametitleoperateboneincorporate.com,,1
bknogmdjpoipsky.xyz,dga.locky,1
iyoakcamuqus.com,,1
ftkvleasuredehydratorysagp.com,dga.banjori,1
ermintrudeaugustine.net,,1
ns1.dnsfor20.info,,1
qkpucmxvgojq.net,,1
server-home.org,normal.alexa,0
eitbmvgncyc.mooo.com,,1
qakataoxofxo.ddns.net,,1
zdpqepictom.com,,1
sait1.com,normal.alexa,0
recortarfotos.com.br,normal.alexa,0
bossliftidentifydealroll.com,,1
uhwebtnmsuds.com,,1
autocarnano.com,normal.alexa,0
youheme.com,normal.alexa,0
80stees.com,normal.alexa,0
tnu.edu.vn,normal.alexa,0
blazingsocialmedia.com,normal.alexa,0
ob14lyc51i3fcl6n.net,,1
afelrpselnrbdptbnqwb.sc,,1
b6f31c7b11y2dv67.net,,1
listingsus.com,normal.alexa,0
odlhccnbfemtck.sx,,1
iranwebfestival.com,normal.alexa,0
16a24ff803221432ccaaf3924a3cab8a.info,,1
cc.ga.us,normal.alexa,0
jrbqdtc.mooo.com,,1
cloudeaseregisterorganize.com,,1
1uzzzbh1kyvi9vdxejapcirn0u.org,,1
flogisoft.com,normal.alexa,0
biznesideya.net,normal.alexa,0
iiuxezuzol.com,,1
dfii.org,normal.alexa,0
1040.com,normal.alexa,0
ibqima.com,,1
7p7j7mrbc7741kkdxnbqlc3kc.org,,1
1wx0ex5t9gnig1860w15rfnjfu.biz,dga.post,1
zzotndfljnskizxzgk.com,,1
freesocialmediatrends.com,normal.alexa,0
pressero.com,normal.alexa,0
autodealer24.pl,normal.alexa,0
batipresse.com,normal.alexa,0
jgeadnlf.net,,1
proteinsdepot.ie,normal.alexa,0
sdewgwjwbpvupositkzkcy.com,dga.qakbot,1
sexyloca.com,normal.alexa,0
exwpeuoqny1wndimbo.biz,,1
dekleurvangeld.nl,normal.alexa,0
lecu.ru,normal.alexa,0
cidinat.info,,1
bibliotech.ru,normal.alexa,0
econbooks.ru,normal.alexa,0
jrnkvwxocdij.com,,1
apmxqm.com,,1
assist247.co.za,normal.alexa,0
nethosting.az,normal.alexa,0
dugvatko.ru,dga.pushdo,1
9hep2wqzai23.net,,1
gxqanfribkjxjs.tw,,1
dizdsonormzuxkqcttvktwcmj.biz,,1
rqvubqjjbnng.info,,1
2coolcars.com,normal.alexa,0
pfdpxdqaqrcgutgzxlbjbytwoaqzd.biz,,1
aoanbakfccakdnac.cc,,1
etxkpbj.info,,1
sbpdiscovery.org,normal.alexa,0
xuspvjw.org,,1
vqsmgfqloynldu.net,,1
mwlbuacytanq.co.uk,,1
lovelyposts.com,normal.alexa,0
paccstulyblfsreotvmyco.org,,1
a4f101.tumblr.com,normal.alexa,0
dshqdgn.com,,1
gizvl.info,,1
mobboss-online.com,normal.alexa,0
18ay9m01fxh5eb1kg4trk8j34n9.net,,1
iukaxnqbificpl.net,,1
ivqyhkbq.com,,1
njaja.com,normal.alexa,0
medialounge.co.uk,normal.alexa,0
xebjwcclq13gis4.net,,1
wagnermania.com,normal.alexa,0
onnxtepjtmtukenpm.com,,1
hhqrvinskycattederifg.com,dga.banjori,1
plus500.com.cy,normal.alexa,0
oa0f3dfb5b3b6fc61093edbcfdfc382f3c.tk,,1
overclockers.ru,normal.alexa,0
qicrugwe.ru,dga.pushdo,1
inmarkelearning.com,normal.alexa,0
looti.net,normal.alexa,0
m6gdsfotqv3joxep76q.ddns.net,,1
joyalchina.com,normal.alexa,0
wamaogacut.ddns.net,,1
tucukyv.info,,1
golden-tube.com,normal.alexa,0
foodmonk.com,normal.alexa,0
carwinsolutions.com,normal.alexa,0
piratplatsen.se,normal.alexa,0
stayclassy.no,normal.alexa,0
bfkodaealefclbbd.net,,1
sepehr360.com,normal.alexa,0
novostimira.com.ua,normal.alexa,0
ero-babes.com,normal.alexa,0
hypothyroidismrevolution.com,normal.alexa,0
cemkarakus.com,normal.alexa,0
decor8blog.com,normal.alexa,0
renault-ze.com,normal.alexa,0
fxcuisine.com,normal.alexa,0
lepetitcoach.com,normal.alexa,0
newyoungmum.com,normal.alexa,0
michoacaninformativo.com,normal.alexa,0
fjpnfordlinnetavox.com,dga.banjori,1
bckmodddbclccccn.org,,1
sliv.ru,normal.alexa,0
le317.fr,normal.alexa,0
mdmwotiwmtya.net,,1
nureamugfitiixe.ddns.net,,1
gk26tivjeih5u5p6g3.cn,,1
ns1.backdates9.net,,1
evcblyncggwsqvuy.eu,,1
arevxavaru.ddns.net,,1
aller.no,normal.alexa,0
kulikov866886.wix.com,normal.alexa,0
bolyaiverseny.hu,normal.alexa,0
turbomanage.wordpress.com,normal.alexa,0
winnnheihaw.mn,dga.necurs,1
teaorszamok.hu,normal.alexa,0
lqciyswhunccrja.com,dga.cryptolocker,1
eyemedvisioncare.com,normal.alexa,0
sysadmin.it,normal.alexa,0
hmzxmvwglrcqeqwcsktxgikzbm.com,,1
lhdcfkfw.net,,1
flash-online.com.ua,normal.alexa,0
harmonikum.com,normal.alexa,0
dhwfqxrflbjlw.ru,,1
i3cxffdkkdi11z4y.ru,,1
ceijeovi.ru,,1
tnzavuetci.com,,1
icedlemon.com,normal.alexa,0
yottaa-support.net,normal.alexa,0
eqixvertsrj.pro,,1
smartwebplus.blogspot.it,normal.alexa,0
offertaste.net,,1
vcobydrbqpjeueivwbuvshhzpjf.ru,,1
goldsmiths.co.uk,normal.alexa,0
fullfact.org,normal.alexa,0
wagwefczzb.com,,1
xiaoleilu.com,normal.alexa,0
millennium-project.org,normal.alexa,0
uhyvbibuvxiieyi.ru,,1
ajtrkihkqjfoxmxo.eu,,1
b3india.in,normal.alexa,0
taynbnpewcktnbaxcboy.com,,1
cididuc.info,,1
hallandstrafiken.se,normal.alexa,0
ufxumuebupodru.ddns.net,,1
qulksknlpqezpnyo.net,,1
kanc.re.kr,normal.alexa,0
openlab.jp,normal.alexa,0
qq20100.com,normal.alexa,0
lretorcajanunal.com,dga.banjori,1
pjwxmegnmxmuquln.eu,,1
yehnidjidji.com,normal.alexa,0
oduxcl7ju2i2un7bkti.ddns.net,,1
vrame.org,normal.alexa,0
tiencuongmobile.com.vn,normal.alexa,0
pbiedg.com,,1
svs100.com,normal.alexa,0
vrici349ngoo19dp8m71qads6i.biz,,1
kruwhnvtnfeudbmtckbqculjvs.org,,1
pxoqpugyjvo31msf32d30a67cqm59cxouevg23.org,,1
konicaminolta.ro,normal.alexa,0
mhmjapan.com,normal.alexa,0
grough.co.uk,normal.alexa,0
nationalgeographic.co.id,normal.alexa,0
germancarsforsaleblog.com,normal.alexa,0
youtribechat.it,normal.alexa,0
booky.jp,normal.alexa,0
primeaarogyayuva.com,normal.alexa,0
enkblamfdolekolm.co,,1
fahrrad-design-berlin.de,normal.alexa,0
valcucine.com,normal.alexa,0
aplix-ip.com,normal.alexa,0
bucharestdancefestival.com,normal.alexa,0
oquj1unt3vv3jhw.com,,1
emvhrasildeafeninguvuc.com,,1
ymhsfpeufqyjr.com,,1
gadyk.eu,,1
putthison.com,normal.alexa,0
wellhello.com,normal.alexa,0
puvoweq.info,,1
qcuqsmqamy.org,,1
benbenla.cn,normal.alexa,0
iwqvktutvmptevjbnzy.com,,1
dwxfge3a9fmczc.com,,1
alvarum.com,normal.alexa,0
ttacvvcizv.org,,1
docafezinho.com.br,normal.alexa,0
zjnmamdejw.com,,1
kbcd7e31c418b9eaeb7cee1177974245d4.to,,1
oilpaintingfactory.com,normal.alexa,0
fef66d43d57998c4a9f671f1970913cf62.in,,1
mdeinteligente.co,normal.alexa,0
kupasbengkulu.com,normal.alexa,0
jwhqhwrq.info,,1
kwaeli.com,,1
corporateboxoffice.com,normal.alexa,0
fitnessandleisure.nz,normal.alexa,0
saglikhaberiniz.com,normal.alexa,0
hbpijexjs.org,,1
administrate-prototype.herokuapp.com,normal.alexa,0
fotiyjonxfa.com,,1
jrnl.com,normal.alexa,0
z496vstajcp2.net,,1
uhliebehu.ddns.net,,1
ipioknk.info,,1
ubalglox.top,,1
lndqealjpbirhkfozjrqotha.ru,,1
askcaptainlim.com,normal.alexa,0
link104.com,normal.alexa,0
cloudfine.net,,1
tqsrohqfuxn0adlt9n18f0ipn.com,,1
griefhealing.com,normal.alexa,0
fullxxxtube.com,normal.alexa,0
ctzqtjcy.com,,1
curebraincancer.org.au,normal.alexa,0
znakomstvasdevushkoj.ru,normal.alexa,0
ledworld.nl,normal.alexa,0
hiwymketrprfrnszb.net,,1
dslohkmkea8n.com,,1
reqgdvcmqojnhpnm.org,,1
resourcesforhistoryteachers.wikispaces.com,normal.alexa,0
bbdgdrmn.net,,1
zojirushi.co.jp,normal.alexa,0
gnqbipanyvw.top,,1
rearbeab.com,,1
daqeoqrjrjelnsgc.eu,,1
hywiwplqbpguhl.org,,1
fashiontrendz.biz,normal.alexa,0
alaton.ru,normal.alexa,0
chrono77.com,normal.alexa,0
ek-para.com,normal.alexa,0
infojardin.net,normal.alexa,0
cursodemaquiagemdaju.com.br,normal.alexa,0
gll85gyo8rfayoda8i.cn,dga.rovnix,1
okdpcjtle7slbk4z.ru,,1
myeawswaucikcmww.org,,1
1tadyywuvbpq31em4q39xq9k34.com,,1
materialesnungaray.com,normal.alexa,0
wwgwymaamssyyaom.org,,1
nfdrrasildeafeninguvuc.com,,1
das-tee-magazin.de,normal.alexa,0
slimbeleggen.net,normal.alexa,0
mediafon.net,normal.alexa,0
extploreredotn.info,,1
coduhujqnloonr.biz,,1
pumybag.com,,1
inzernet.com,normal.alexa,0
foxydeal.co.uk,normal.alexa,0
o6qhkrq4udup1kwl2lci9r8or.net,,1
vm-host.net,normal.alexa,0
foobetoxfexuso.ddns.net,,1
trojadyh.info,dga.nymaim,1
jdyzinalcentricem.com,dga.banjori,1
art-blesk.com,normal.alexa,0
pridestudy.com,normal.alexa,0
cmpcxghwvbuyrnhchmiymii.com,,1
dbguekhggmgf.com,,1
b2eb39d383dfb82610e781cce475c76e.org,,1
nyloncoffee.pl,normal.alexa,0
jobworld.de,normal.alexa,0
koraorganics.com,normal.alexa,0
1xuvx811ci8fhp19rygp01amwcrc.org,,1
bwjiahk.info,,1
myr2lotqxoq4zhdifx.ru,,1
tiempo.com.mx,normal.alexa,0
tzozur1kyxr3a3lamgp1v17p2i.org,,1
antonio.nom.br,normal.alexa,0
celeb-cafe.net,normal.alexa,0
lufsnvu.info,,1
casagarage.com,normal.bambenek,0
8zshyvm6ulm37qj5yi.ru,,1
sendit.com.py,normal.alexa,0
bootgod.dyndns.org,normal.alexa,0
espe-bretagne.fr,normal.alexa,0
indicationbrainsentenceaverage.com,,1
toolshedtoys.com,normal.alexa,0
dukemanorfarm.com,normal.alexa,0
1i33nntb4nwxm3fkja1tz8y1f.biz,,1
dnsdumpster.com,normal.alexa,0
vkeikbguoeviq.com,,1
ayergetladobeflashp.net,,1
foodbyphone.com,normal.alexa,0
mocataipei.org.tw,normal.alexa,0
forth.gr,normal.alexa,0
narotoc.info,,1
gfxwvfifyx.com,,1
counterexplorelecturetill.com,,1
alphachooser.com,normal.alexa,0
villeroyboch-group.ru,normal.alexa,0
carsdirect.com,normal.alexa,0
12x0jte1g13cvwqxs78m1lc1tof.org,,1
cgin.jp,normal.alexa,0
jmlhqvcrewcj.com,dga.tinba,1
bkc.org,normal.alexa,0
farmrepeatcakesoilcrashconsist.com,dga.matsnu,1
celebzen.com,normal.alexa,0
helpers4u.com,normal.alexa,0
qhfkvsmisdpuv2.com,,1
oohwenhancedysb.com,dga.banjori,1
stolmag.ru,normal.alexa,0
marksanborn.com,normal.alexa,0
nqxydnvuyqnn.com,,1
coopervision.de,normal.alexa,0
yooovsts.work,,1
nhnqdnc.info,,1
blr.com,normal.alexa,0
hlj.co.jp,normal.alexa,0
8e51c1e68372b1a6f2adec4673130d93.co.cc,,1
rosfirm.ru,normal.alexa,0
eaj.ir,normal.alexa,0
xbjersli.com,dga.ramnit,1
fxoabyplaywobb.com,,1
mtabeza.top,,1
hrnews.co.uk,normal.alexa,0
msduygsuiams.com,,1
megiorcajanunal.com,,1
dtciqbooqiaqu.com,dga.cryptolocker,1
theatre-antoine.com,normal.alexa,0
codeception.com,normal.alexa,0
mycmiigoyqyckayo.org,,1
irancell123.com,normal.alexa,0
visitdebeaches.com,normal.alexa,0
bo9enk9yf0pe.net,,1
vokwjfqfoe.nf,,1
soracom.jp,normal.alexa,0
povkzn.org,,1
mabblog.com,normal.alexa,0
rgrlgsapsshha.com,,1
e-no.net,normal.alexa,0
jsp2rcdaz4he.net,,1
uosbclscpvll.ru,,1
zpapa.ru,normal.alexa,0
ogqaaiyeqeacquke.org,,1
bnabmlmlcfmndbmc.org,,1
zilv.ru,normal.alexa,0
groundevenintendhesitate.com,,1
u56f14a79f217bc5f1f683b79395d8bd32.hk,,1
a1seolist.com,normal.alexa,0
eiekbto.com,,1
jqxdqqqxv3aaono.net,,1
qslplvvkjqgdhitozspaes.ru,,1
tgpvcyxogqheppbmlzbmzeid.ru,,1
theautolisting.com,normal.alexa,0
ixim.jp,normal.alexa,0
healthylifevision.com,normal.alexa,0
gazetemakale.com,normal.alexa,0
xbfb40cced5bf5b77b6560061a88b3572a.cn,,1
rugyveko.com,dga.ramnit,1
c2f5923e962f4fd4e5b7f913df1ff005.org,,1
peoplesofttutorial.com,normal.alexa,0
dramatica.org.ua,normal.alexa,0
eiawiamgucmewcag.org,,1
noemiguerriero.com,normal.alexa,0
shopping-disaster.com,normal.alexa,0
makehomeeasier.pl,normal.alexa,0
mjev3xqdyp7rcxe.ddns.net,,1
bazkebbwxyxnumeyqqqg.com,dga.qakbot,1
gtq3s5u7k5ej.top,,1
rqwmcbkco.info,,1
lloronas.mobi,normal.alexa,0
fmreview.org,normal.alexa,0
foox.net,normal.alexa,0
1yrsntydi2yui1coag2kialm8r.org,,1
etadobeflashgplayer.net,,1
ykuqospteatxmw.in,,1
videos2014.net,normal.alexa,0
kqfjkdjteo.com,,1
wxdeqcyyya128mzj5i.net,,1
drqxdsfweemrmt.biz,,1
yamagomori.com,normal.alexa,0
codnkffbkdlddfnb.co,,1
bqvtdovktmn.com,,1
ns1.backdates11.biz,,1
benno-koch.de,normal.alexa,0
qsnniqpudzimba.com,dga.qakbot,1
bizcompass.jp,normal.alexa,0
wambie.com,normal.alexa,0
1c4a59pd3dmkf161jmua6sg9p0.biz,,1
belezasergipana.com,normal.alexa,0
hotels.london,normal.alexa,0
nxfjxpmt.com,,1
girlzoutwest.com,normal.alexa,0
cegowogasuuimecy.org,dga.ramdo,1
bizak.es,normal.alexa,0
uvmbunheekwrrj.com,,1
alertelectrical.com,normal.alexa,0
roy-carter-tutorials.com,normal.alexa,0
mwspanarianaqh.com,dga.banjori,1
knesiamaororulb.com,,1
nanga-schlaf.com,normal.alexa,0
kbsnch5polchixo.ddns.net,,1
jrzrkjfzgcikvonueqmnkjbmt.com,,1
apaj.fr,normal.alexa,0
palacestamford.org,normal.alexa,0
nash-pamyatnik.ru,normal.alexa,0
30okt9af8zwno0b4.biz,,1
khuils.com,,1
jeannettetatyanna.net,,1
qquxgcrfjdqeppsf.eu,,1
gwysmg.org,,1
dalahwsqj.net,,1
dmtkptc.tv,,1
yardblowlaypartfearbowllip.com,,1
ambiencemalls.com,normal.alexa,0
adwaresystem-scan.com,normal.alexa,0
jqxnsvewj.pw,,1
mhvb2q5ym0m91m5qssr1ssrq1p.biz,dga.post,1
explorteredotn.net,,1
lucke-zone.com,normal.alexa,0
lmcmgqnhm.com,,1
bodo.ru,normal.alexa,0
hw1m31okhvnjfw.com,dga.shiotob/urlzone/bebloh,1
xugcofop.ru,,1
uipdyeshplmhqmodq.net,,1
kcv.ne.jp,normal.alexa,0
penangmyhome.com,normal.alexa,0
thefouriertransform.com,normal.alexa,0
15efv5ve610sgghgi7h15e6zqd.org,,1
congreswebredactie.nl,normal.alexa,0
hollanderparts.com,normal.alexa,0
62f3897ce77aa47eb73058241977181d.cz.cc,,1
tenga-indo.com,normal.alexa,0
teasoku.com,normal.alexa,0
sheenusoloads.com,normal.alexa,0
apogee.net,normal.alexa,0
demkristo.livejournal.com,normal.alexa,0
envoituresimone.com,normal.alexa,0
xarold.com,normal.alexa,0
usgca.org,normal.alexa,0
iuaoywsqimggikcy.org,,1
h6n01a3oli7w.com,,1
cejustv.com.br,normal.alexa,0
uaxqfsgaqyheoifb.com,,1
club4x4.ru,normal.alexa,0
zzlcwsnnnmxviiv29.com,,1
rtlfalitydevonianizuwb.com,,1
indecomm.net,normal.alexa,0
fordtransitusaforum.com,normal.alexa,0
septemberstood.net,,1
bdbcabdnlafmacfb.org,,1
rvrqnzuwwprtaxwkh.biz,,1
pevokroj.ru,,1
astaan.ir,normal.alexa,0
theramppeople.co.uk,normal.alexa,0
kirsoqtya.net,,1
btfmmms.ac,,1
y407a00eab0f5ab6c514388a504cd62e16.tk,,1
masomem.info,dga.simda,1
twinpictures.de,normal.alexa,0
sicixroollwfkh.pw,,1
hcjh3m9vswls.com,,1
tarteletteblog.com,normal.alexa,0
iueygiqwaqaaaikq.org,,1
biehdiaw.ddns.net,,1
kcabbcdmfdcofcaa.com,,1
mljmwjnlsbtynr.com,,1
rjouhlopbmsdpc.net,,1
qhmtrwoajfpk.su,,1
the-sub.com,normal.alexa,0
accklmelaoebodcf.cc,,1
chryslerminivan.net,normal.alexa,0
nzoqgirmc.org,,1
hfsrhyxhhnov.com,,1
p5377dcabbeacb70abe509f89bea7c4a85.cn,,1
tudasfaja.com,normal.alexa,0
cafreviews.com,normal.alexa,0
3oglqdvo4t4y23i.net,dga.shiotob/urlzone/bebloh,1
samoyed-smile.com,normal.alexa,0
m7a21j15qjcj1n9a68j15duef3.com,dga.post,1
aeescwmkuocuisuc.org,,1
cheetos.com.br,normal.alexa,0
solari.com,normal.alexa,0
draftfantasyfootball.co.uk,normal.alexa,0
musicdeal.net,,1
nklidcrkjy.top,,1
cmsonline.info,normal.alexa,0
2028adf69cbbea0a9e2c2b1861139b50.cz.cc,,1
kujeogat.ru,,1
nwjpphjwjsdqae.org,dga.cryptolocker,1
mnvpmce.info,,1
blickamabend.ch,normal.alexa,0
nwcwisbcmdautj.com,,1
yfevjgznjk5d.com,,1
koudai8.com,normal.alexa,0
2evw2j19st4mt1w3e9lj12p8x97.net,,1
k8ilkhknyfqn7dw.ddns.net,,1
chinacultures.com,normal.alexa,0
ns1.backdates13.info,,1
teslamag.de,normal.alexa,0
nrkbeta.no,normal.alexa,0
k1ezwd6bwp2n.top,,1
3orjz53sl4k8avlbc73t6t7l.com,,1
directreal.sk,normal.alexa,0
jjffidablyhoosieraw.com,dga.banjori,1
qpuxnyqttpgefp.com,,1
rapto.gr,normal.alexa,0
kaowedemipu.ddns.net,,1
ibsbknghs.com,,1
kdneybmz.net,,1
ezfowmkw.ws,,1
chat2way.com,normal.alexa,0
kknevschetkj.com,,1
browndresswithwhitedots.tumblr.com,normal.alexa,0
obaqisxapi.ddns.net,,1
coolima.de,normal.alexa,0
jbvgjjcvfqhh.info,,1
haiemdbedfmypjbvwguxlfsg.net,,1
xbeaqnfdufuwktciyvbezxmbxczd.ru,,1
a2fb15bbefce9529fd290616fa5afbd236.to,,1
njqfvokl.in,,1
llisrvzemqvgqlh.info,,1
doetntexplorer.info,,1
onpsx.de,normal.alexa,0
clippingpath.in,normal.alexa,0
skymetweather.com,normal.alexa,0
ptchronos.com,normal.alexa,0
notasimusik.com,normal.alexa,0
zara.tmall.com,normal.alexa,0
hplayergetadobefsla.co.uk,,1
seasonvar.ru,normal.alexa,0
djejhhnh.com,,1
store-t6grke70.mybigcommerce.com,normal.alexa,0
bkasmtdbdhudvl.kz,,1
ns1.backdates3.com,,1
hdygqkpvfkbqx.com,,1
garage.com,normal.alexa,0
bejvtsxctcywgpzaevkfipn.ru,,1
vrxwfordlinnetavox.com,,1
povktmbi.top,,1
fanqiele.com,normal.alexa,0
l2b33cfaa8c1f44c791344d5339b0eedd3.so,,1
nnvnitloygrs.xyz,dga.tinba,1
i94a2nuuw5jac.com,dga.shiotob/urlzone/bebloh,1
4s2vhb134zzvbfgvhgz1k2a3j.biz,,1
gealiwob.ru,,1
xpadder.com,normal.alexa,0
imsig.pl,normal.alexa,0
informativoelvalledeaguascalientes.net,normal.alexa,0
schoolhours.com.au,normal.alexa,0
camfitfun.tumblr.com,normal.alexa,0
mywebsitecreated.com,normal.alexa,0
fmrehxdqmf.com,,1
cmvu3ihcofoq7j374zh7go4n.com,,1
eetlijst.nl,normal.alexa,0
fineandcountry.ae,normal.alexa,0
aerpoanvjrido.pro,dga.necurs,1
wktjanerraticallyqozaw.com,,1
ekomarwanto.com,normal.alexa,0
quartercrosspursueapplycommand.com,,1
vatratru.ru,,1
weymmmecgw.com,,1
stepinvest.net,normal.alexa,0
wotnot.tv,normal.alexa,0
eoajscxydwgaqvnhcni.com,,1
r11eb93e3f93dbf88154b8c1217a2f16f5.in,,1
tehranpress.com,normal.alexa,0
star-magazine.co.uk,normal.alexa,0
irasuto-voice.com,normal.alexa,0
vegetablewheelliftconsult.com,,1
jctnxuwamllxoyhmcr.su,,1
kflqjm.com,,1
britwayz.com,normal.alexa,0
ns1.backdates17.org,,1
hvtjgws.info,,1
rima-con.it,normal.alexa,0
noticiasdemajadahonda.es,normal.alexa,0
cover32.com,normal.alexa,0
raqgkpgovcseoatvke.com,,1
goeasyearn.com,normal.alexa,0
572e1e752e41c7d48eb6ff7ec8e1ff27.info,,1
hbyydyxdixhiuihqoquwlzd.net,,1
cwxodl.info,,1
thepremiumboutique.com,normal.alexa,0
1ox3pee1twv0wxal032e3k94gv.com,,1
1v5dc031fzpvpfvw1zg710vwzzb.com,,1
ipchecking.com,normal.alexa,0
dkzaeinpojvxqprzpflnke.ru,,1
8650745d1afc46620f6a5bf4e2c09277.info,,1
musicslidequarterregister.com,dga.matsnu,1
unmaxdidees.com,normal.alexa,0
jzfucaxofmxcwkshdikzamthah.ru,,1
tnpjntjnupidbotquug.com,dga.ramnit,1
covgalitydevonianizuwb.com,dga.banjori,1
wesendit.com,normal.alexa,0
mawto9.com,normal.alexa,0
schedulemixedbebenddevelop.com,,1
iuocacosymioyguo.org,,1
vsenavareni.cz,normal.alexa,0
muryoj.com,normal.alexa,0
gift.edu.pk,normal.alexa,0
ruaavlwx.info,,1
odirgl2jgt2r.net,,1
wfublog.com,normal.alexa,0
gwdoa.biz,,1
osen.co.kr,normal.alexa,0
winetime.com.ua,normal.alexa,0
xokcaleo.ru,,1
berge.cz,normal.alexa,0
d-healthcare.co.jp,normal.alexa,0
jnncxcovgbtc.info,,1
firstladies.org,normal.alexa,0
3e3tw5yb9kyv11b2slfu7jp1z.org,dga.post,1
mrqqfhaqxuhd.click,,1
theseroll.net,,1
twinpinenetwork.com,normal.alexa,0
hcjrn.biz,,1
kjzhan.com,normal.alexa,0
mdmllqrv.info,,1
niirsifox.org,,1
shedworx.com,normal.alexa,0
berilmu.net,normal.alexa,0
marcisjencitis.lv,normal.alexa,0
upsa.edu.gh,normal.alexa,0
ns1.dnsfor17.net,,1
happyteachersdayquotesspeech.com,normal.alexa,0
rooshv.com,normal.alexa,0
hgbgoukgoroefrn.biz,,1
numuxafm.ru,,1
mevvhuaxor.biz,,1
5qp2wwjzqdz5r.com,,1
cinemagic.dk,normal.alexa,0
cybnetics.com,normal.alexa,0
ldctfdeisb.net,,1
jourgraph.com,normal.alexa,0
eqxprkrgqqchitsnbzdgwsugtgt.com,,1
xvideos.org,normal.alexa,0
ayjbyc.com,,1
qyioepictom.com,,1
kfzversicherungen.org,normal.alexa,0
reporterbuzoian.ro,normal.alexa,0
m679n1iyippis1bu611fqfs5l.org,,1
bkpyjcd2fct6.net,,1
rgetadeobeflashplay.net,,1
schroders.com,normal.alexa,0
mhgcumroyacupc.su,,1
pd086818f13e3a0c7cbe172676ad7e310f.in,dga.dyre,1
k5j2rp12effnobovckzkmxmgs.com,,1
getadorbeflashplaye.net,,1
apityrgpcx.org,,1
psvauto.ru,normal.alexa,0
hth.no,normal.alexa,0
eredortntexplo.info,,1
yppoqwu.info,,1
openeurop.by,normal.alexa,0
vvnluiywiofxn.com,,1
queenslandcountrylife.com.au,normal.alexa,0
gvaezjgq.info,,1
josiny.tmall.com,normal.alexa,0
ygwtoi.com,,1
npensieri.it,normal.alexa,0
helichina.com,normal.alexa,0
mzffaitd1h5w1jp98l414wa4o2.org,,1
toqfraool.net,,1
oldpig610346.com,normal.alexa,0
kbzlvgmvorcmytytprclskzlrs.com,,1
mwymb2kss8azedmc4a.cn,,1
collarsizequitoperatepleased.com,,1
noithatthaihoanggia.com,normal.alexa,0
xbuksssvhwkx.info,,1
wkuhrukplxi.click,,1
cinetvmajic.com,normal.alexa,0
loansblog.org,normal.alexa,0
ytnxvxnlumzvtdelo.com,,1
lvfnor.com,,1
holdinn.net,normal.alexa,0
vopoylfcqcxd53c3.info,,1
fertilityindia.com,normal.alexa,0
blwziotzxtclhztqe.com,,1
nativeadvertisinginstitute.com,normal.alexa,0
themesonic.com,normal.alexa,0
psvydcn.cc,,1
olympiakosvolou.gr,normal.alexa,0
nokeisan.ru,,1
rowreplyawardbabyprayburn.com,,1
iffort.in,normal.alexa,0
efloras.org,normal.alexa,0
chuizi.com,normal.alexa,0
pulaskibank.com,normal.alexa,0
vybermiauto.cz,normal.alexa,0
hmllogidbpjzpdujzxuf.com,,1
couchespourtous.com,normal.alexa,0
celebrityhomes.eu,normal.alexa,0
r4mmvu1bhceb.net,dga.shiotob/urlzone/bebloh,1
losdurosdelgenero.com,normal.alexa,0
magibiz.net,normal.alexa,0
supertoinette.com,normal.alexa,0
aekrnyf.info,,1
ezww71wh3iksjvcmw1.cn,,1
kijbcdgikpmxbu.biz,dga.cryptolocker,1
eredotntexprlo.info,,1
breachdsecurity.blogspot.in,normal.alexa,0
byeolgaram.es.kr,normal.alexa,0
binaryinvest.ru,normal.alexa,0
haaretz.co.il,normal.alexa,0
der-kleine-akif.de,normal.alexa,0
cd5hknk8g6whwl14aje6eho.ddns.net,,1
xwpdvof4p2ajqnh8ay.biz,,1
promoslice.com,normal.alexa,0
fairmontsentinel.com,normal.alexa,0
fontainebleau.com,normal.alexa,0
whatisplaystation4.com,normal.alexa,0
buyerdishemployreservelack.com,,1
gyeyrnjwtavswhaew.org,,1
debiantutorials.com,normal.alexa,0
n8pqfch2b8pq.org,,1
futurewatercity.com,normal.alexa,0
moviessexscenes.com,normal.alexa,0
xgpsydhqvcdehsgdyojbiwstwl.com,,1
agoravox.tv,normal.alexa,0
crossdresserheaven.com,normal.alexa,0
dpywajxvktkvpkmo.org,,1
100-gesundheitstipps.de,normal.alexa,0
ilerigazetesi.com.tr,normal.alexa,0
xziivvngllesymrryiavz.com,,1
tnwepky.yi.org,,1
namoguc.info,,1
hilecini.net,normal.alexa,0
404a.ru,normal.alexa,0
crosscollection.com,normal.alexa,0
skripsi-tesis.com,normal.alexa,0
fncynmabv.de,dga.necurs,1
nicepages.net,normal.alexa,0
joggen-online.de,normal.alexa,0
mobilinnov.com,normal.alexa,0
8398cbe2ddb1848cae6d0526424f4f25.org,,1
dotsport.it,normal.alexa,0
uxpin.com,normal.alexa,0
autosed.com,normal.alexa,0
rgetadoebeflashplay.co.uk,,1
wifibb.com,normal.alexa,0
jpzvbjih.net,dga.conficker,1
tqccacilvkpyxoemhueatc.com,,1
jihofozc.ru,,1
arscolor.com,normal.alexa,0
maths974.fr,normal.alexa,0
leovob.com,,1
prnymachuslazaroqok.com,dga.banjori,1
luckyreptile.com,normal.alexa,0
torrent-anime.com,normal.alexa,0
vjoqtluecgrjeof.net,,1
stwbibqh.ru,,1
gomodern.co.uk,normal.alexa,0
rzlzenhancedysb.com,,1
leitzaran.net,normal.alexa,0
datasheet4u.com,normal.alexa,0
holidayrollbasekeepshine.com,,1
zcpyvqfs.top,,1
crisfranklin.com.br,normal.alexa,0
mostmark.net,,1
wwqqwuqkqokmoggy.org,,1
yhcxxlrwnttl.com,dga.tinba,1
huaezwesrmxigyqj.com,,1
maxmailerpro.com,normal.alexa,0
skwuoz.com,,1
shutterchance.com,normal.alexa,0
aplia.com,normal.alexa,0
rxefrsensinaix.com,dga.banjori,1
promotiontops.com,normal.alexa,0
728c7brwsbmx3iu54y.ru,,1
rosss.com,normal.alexa,0
k6cj10k0g672slenc0sj1ty.ddns.net,,1
wagamama.us,normal.alexa,0
hokpilso.ru,,1
walkservice.ru,normal.alexa,0
topazhorizon.com,normal.alexa,0
h5630c880764671efbe335df929f158bb3.so,dga.dyre,1
kqwyiologistbikerepil.com,dga.banjori,1
ghahremanseir.ir,normal.alexa,0
adobeflashplayterge.co.uk,,1
madaniwallpaper.com,normal.alexa,0
greenfleetmagazine.com,normal.alexa,0
playeurolotto.com,normal.alexa,0
necessaryafraid.net,,1
chidiukwu.com,normal.alexa,0
highsierra.com,normal.alexa,0
chuihao.com,normal.alexa,0
yasm.com,normal.alexa,0
eevrfkfx.info,,1
jfqpossiooaacfq5s.com,,1
aykbdvqefumvhr.com,,1
hypepotamus.com,normal.alexa,0
iblocklist.com,normal.alexa,0
apbpjdtwbrxiqqnw.eu,,1
launion.com.mx,normal.alexa,0
qjxoph.com,,1
iceorganizeillustratepressure.com,,1
list.ly,normal.alexa,0
pelando.com.br,normal.alexa,0
starnote.ru,normal.alexa,0
t2ec1df9ccecf12dd2a22a55b9dda022e9.cn,dga.dyre,1
96jwxan0hev8.net,,1
qobudowa.ru,,1
lsxkdcbgt.top,,1
uvfitness.net,normal.alexa,0
charestparenteau.com,normal.alexa,0
mig1g3105o7h81ocauoc3pinsz.org,,1
atmotube.com,normal.alexa,0
woxikon.se,normal.alexa,0
qoocuhvor.ddns.net,,1
yoytkruzpcqyhamqwhmnvso.ru,,1
clo-saison.com,normal.alexa,0
ordicaisse.com,normal.alexa,0
akademiaf2p.pl,normal.alexa,0
uzyrasdqepanmdcyw.com,,1
arabchatters.com,normal.alexa,0
biltmore.com,normal.alexa,0
ecoair.org,normal.alexa,0
miqelrpdiyjfshbw.eu,,1
hiannie.com,normal.alexa,0
vydoxplustrial.com,normal.alexa,0
accessthestars.com,normal.alexa,0
sl5qi4ahaqkxy2t7lh.ru,,1
lokoukaxlaxaoce.ddns.net,,1
umbriajournal.com,normal.alexa,0
epasatiempos.es,normal.alexa,0
1u0prp21lk11bq3vsmf0tu1e1k.org,,1
vfgvancorml.com,,1
usqyoikcykyymcii.org,,1
184677n1fj0bbhn3gi7h17fjzcz.org,,1
krxoqpwquwqcgaheumn.com,,1
cbufznnmmjg.com,,1
ymmxgwiqyjjk.com,,1
p0fxhc1g08oo97uhbikl178ex.biz,,1
hdworld.cz,normal.alexa,0
c2cpa.net,normal.alexa,0
52kb.cc,normal.alexa,0
galianostore.com,normal.alexa,0
wzsvhrpeqbc.net,,1
citibet.com,normal.alexa,0
93d6owjl6jh41t1vvw0aaxtuz.org,,1
ctwbhqaoovsrwro.org,,1
hasbahcaiptv.com,normal.alexa,0
jobsinvienna.com,normal.alexa,0
litmir.co,normal.alexa,0
smpaa.cn,normal.alexa,0
colerikkycpyurgtxl.com,,1
serrurerie.info,normal.alexa,0
qxpyxlcodgenossx.eu,,1
tsiakkos.net,normal.alexa,0
orbqswtheirlmvxxijhz.net,,1
parsiantd.com,normal.alexa,0
kenwoodtravel.co.uk,normal.alexa,0
the7secretsofskiing.com,normal.alexa,0
cybertlc.world,normal.alexa,0
dococu.com,normal.alexa,0
1kaugv71rt2qdbql48s1bd66xq.net,,1
premiumizator.com,normal.alexa,0
koveobeflucutu.ddns.net,,1
energyglobal.com,normal.alexa,0
fvfpcrlcbeum.xyz,,1
lpsgtgpbgiqwwgih.eu,,1
ulpsozonje.com,,1
jmnoticia.com.br,normal.alexa,0
ohnvrrnkutvgqgo.org,,1
cyuhunf.mx,,1
kdcccbfetlcf.com,,1
pixspartner.com,normal.alexa,0
izmiraskf.com,normal.alexa,0
shzifhfzpjbjikjtwlzhzs.com,,1
hcljfczi.net,,1
wmzkrasildeafeninguvuc.com,,1
cwuget.com,,1
dixevew.info,,1
oucydwn.info,,1
hmvfdkird.info,,1
magenaf.info,,1
lancerlinks.com,normal.alexa,0
1t2b189158gf0o1kidkzq1x11kxt.com,,1
page-analyzer.dk,normal.alexa,0
bbfcdcdnefalecfa.info,,1
sixmoondesigns.com,normal.alexa,0
raam29rhg5n11o2tjvkeqvoph.org,,1
healthbedsinternational.com,normal.alexa,0
51etong.com,normal.alexa,0
moviesite.co.za,normal.alexa,0
hgevbqdinpbergyxtpzlblgm.ru,,1
riddenyellow.net,,1
dotkam.com,normal.alexa,0
dizkvdyfiqeqxyljcuauolvk.ru,,1
mein-monteurzimmer.de,normal.alexa,0
giftsdirect.com,normal.alexa,0
ssccgl2016.in,normal.alexa,0
leupay.eu,normal.alexa,0
q7f0dfd8bd2a4961a973d6fd18952b482c.tk,dga.dyre,1
paucapitale.fr,normal.alexa,0
bizzy.co.id,normal.alexa,0
nqietkrebr.com,,1
ramtruckoffers.ca,normal.alexa,0
metaglossary.com,normal.alexa,0
1ci7fr4143v7341vbvz71hjy0jz.com,,1
newsandmedia.sk,normal.alexa,0
fuuctuowipohene.ddns.net,,1
city1016.ae,normal.alexa,0
dobydipknk.ru,,1
n651hvj6c5eys2g7z51p6d9vx.net,,1
uxslooxf.com,,1
lxefjzuw.cn,dga.conficker,1
thuephongtro.com,normal.alexa,0
sexymomm.com,normal.alexa,0
merg.pl,normal.alexa,0
robbierichards.com,normal.alexa,0
g0kuws7kaheaqnyd601dqzf3z.biz,,1
bonkids.ru,normal.alexa,0
1gqx45unhjmv139p8hpe2c1dh.biz,,1
parkermotion.com,normal.alexa,0
listenpersian.net,normal.alexa,0
axelledsp.com,normal.alexa,0
lopeakav.ru,,1
1h76k05bmlcb7n7.ddns.net,,1
cafcoqva.ru,dga.pushdo,1
mahaheotovli.ddns.net,,1
employmentbankwb.gov.in,normal.alexa,0
cobivug.eu,,1
buildingdisappointedstyle.com,,1
feedvirality.com,normal.alexa,0
ue49711iouli41o7bgcn1vq0k6v.net,,1
sparrho.com,normal.alexa,0
rsddeeapdhmttphnue.ir,,1
ikano-storeportal.pl,normal.alexa,0
newsbreak.ch,normal.alexa,0
elektro.ru,normal.alexa,0
iitg.ac.in,normal.alexa,0
counterman.com,normal.alexa,0
estrelladamm.com,normal.alexa,0
vofebutytec.eu,dga.simda,1
freelancer-app.fr,normal.alexa,0
savvyvegetarian.com,normal.alexa,0
touchcommerce.com,normal.alexa,0
jmrkm.net,,1
jthowuf.eu,,1
electricfinger.net,,1
my-happybaby.ru,normal.alexa,0
ford.ru,normal.alexa,0
1s6l5cy1f3qovz15d1gln5poxyd.com,dga.post,1
betcart.com,normal.alexa,0
vhimleasuredehydratorysagp.com,,1
ninjalinker.com,normal.alexa,0
aboutcode.net,normal.alexa,0
globalcards.com.br,normal.alexa,0
pumlgfgy.su,,1
sky-bits.com,normal.alexa,0
n54tuning.com,normal.alexa,0
banzgames.ru,normal.alexa,0
geemcypvbzpcmdyrgpqozxhy.ru,,1
model-car.ru,normal.alexa,0
xoxonwbc.ru,,1
renweb.com,normal.alexa,0
hipmediakits.com,normal.alexa,0
rujicxaf.ru,,1
qyrayfvmppwayjmsg.com,,1
oauusemitismgavenuteq.com,dga.banjori,1
kuccblog.net,normal.alexa,0
returnpath.com,normal.alexa,0
hmeafmyzlgevwjofrbl.com,,1
gxuvcnpvavl.biz,,1
academia.org.mx,normal.alexa,0
rtvze.ba,normal.alexa,0
teplodoma.ru,normal.alexa,0
sunbeltbakery.com,normal.alexa,0
tpiesucem.com,,1
finwebinar.ru,normal.alexa,0
ynbhjfabkqniug.tw,,1
loltimeplayed.com,normal.alexa,0
3ku2urb1ud42.net,,1
xaxkfibcxit.top,,1
definitionaddrowoccasion.com,,1
volvo.com,normal.alexa,0
bucksme.com,normal.alexa,0
fatpracticesinkdealcompete.com,,1
lbjvldpo.info,,1
guidetotrade.ru,normal.alexa,0
bhophyppfvvd.com,,1
wasfickt.ch,normal.alexa,0
visitbangladesh.gov.bd,normal.alexa,0
webberzone.com,normal.alexa,0
modjanozwilxmcpjf.net,,1
anupkvqdg.org,,1
ivwzudy.ru,,1
kerxmachuslazaroqok.com,dga.banjori,1
zusuxije.info,,1
layergetadobeflpash.net,,1
eurostarshotels.com,normal.alexa,0
fernanda-familiar.com,normal.alexa,0
covermontislol.com,,1
medicasur.com.mx,normal.alexa,0
smuckers.com,normal.alexa,0
explorertedotn.net,,1
project-redcap.org,normal.alexa,0
zwynokrdcumflslw5.com,,1
dcnolfaodfdlocda.com,,1
atdnogolstxzrpyeul.com,,1
fdylllaabettingk.com,dga.banjori,1
malutifootprints.webs.com,normal.alexa,0
ns1.backdates20.org,,1
weisser-schwan-dresden.de,normal.alexa,0
pskiyxhcam.info,,1
wqawqqmsqfdcribw72.com,,1
allin1convert.com,normal.alexa,0
socialmedia.16mb.com,normal.alexa,0
readyportal.net,normal.alexa,0
pr-daily.com,normal.alexa,0
mtewotiwmtya.com,,1
ugegwmugmrxh.la,,1
pandastrike.com,normal.alexa,0
cuoemfcxi.info,,1
clgjjyquzb.com,,1
bamhklghyd.net,,1
hwavgsd.ws,,1
sunshinesurfclub.com,normal.alexa,0
armeriafotografica.com,normal.alexa,0
virtualjerusalem.com,normal.alexa,0
mesacounty.us,normal.alexa,0
netwrix.com,normal.alexa,0
pestcontrolcanada.com,normal.alexa,0
indianrailways.in,normal.alexa,0
gabrieleromanato.name,normal.alexa,0
fd7373af9930225e151d90ab0d564269.info,,1
bvegr.biz,,1
usgymwkuseowsagy.org,,1
booxoffice.de,normal.alexa,0
e1f40b2cb23cacd1b083e379549605b3ac.to,,1
uwniad19ksc6h19bpnn4fmxmpm.com,,1
aobifordlinnetavox.com,dga.banjori,1
yfjokkbbtjh.com,dga.ramnit,1
rabatoday.com,normal.alexa,0
otterbox.jp,normal.alexa,0
topviralposts.com,normal.alexa,0
liaotuo.org,normal.alexa,0
ekeo.gr,normal.alexa,0
eldorsal.com,normal.alexa,0
cnctrainingcentre.co.za,normal.alexa,0
qeugpfgmgj.cc,normal.bambenek,0
tsjmyugejtrpmaoi.com,dga.ramnit,1
apihotels.com,normal.alexa,0
jovnofme.pw,,1
mkb.ru,normal.alexa,0
ngcbqbuoyiseffh.cx,dga.necurs,1
gioconomicon.net,normal.alexa,0
kyiizsiugkeq.net,,1
lkbaabsspohgf.com,,1
jsngshsyajngs.com,,1
wcestskyuqgccngso.net,,1
mtb-forum.si,normal.alexa,0
frenchpopcorn.com,normal.alexa,0
genofond.org,normal.alexa,0
3cf6865c50c662ba46e6563f9a53fb09.org,,1
eyes-crystal.com,normal.alexa,0
kebudayaanindonesia.com,normal.alexa,0
121t3duvwn7vwd7.ddns.net,,1
apxsukcpjkyxsrlbe.com,,1
kapa.vn,normal.alexa,0
zfzhonger.com,normal.alexa,0
fescsaude.com.br,normal.alexa,0
tintkmduaogmdlj.bz,dga.necurs,1
shaparakdaily.ir,normal.alexa,0
planillaexcel.com,normal.alexa,0
vale.com,normal.alexa,0
hfnoinjqlfohh.ru,,1
telesintese.com.br,normal.alexa,0
fehofizoxuh.ru,,1
1bm7jh3z5986g1bzpbpjnoxrt5.net,,1
le5dcf7467768911eeb970bfcc02f80f8e.in,,1
emailhelp365.com,normal.alexa,0
edhouxuninmaa.ddns.net,,1
autoazart.ru,normal.alexa,0
shoeshopper.in,normal.alexa,0
guyborderpersuadetoolrain.com,,1
blhkhgagj.so,,1
gpnpcrgn.com,,1
mdr.de,normal.alexa,0
oomwyaiq.net,,1
marcadorint.com,normal.alexa,0
randomrepublika.com,normal.alexa,0
onairwithaib.com,normal.alexa,0
toneobum.ru,,1
gazaihanbai.jp,normal.alexa,0
aqckcg.com,,1
7gx6nspang92.com,,1
bnaw13azxht177nm.com,,1
nasglas.com,normal.alexa,0
uponouter.net,,1
ucancode.com,normal.alexa,0
diukjvirwtrhypxnvzpxclcy.ru,,1
inuzsy.com,,1
trymoswkenhausxd.eu,,1
5bm8e85perolqfchwf5fmfq.ddns.net,,1
dnjobb.no,normal.alexa,0
usi.net,normal.alexa,0
chaklyrics.com,normal.alexa,0
jvphlap.com,,1
mixinsurance.info,normal.alexa,0
aikqsemitismgavenuteq.com,dga.banjori,1
cuckooland.com,normal.alexa,0
17p5bos1o9sb09tecrod15psfs5.com,,1
hinlhuswknpfdtvsxinqfaijfe.biz,,1
hfmwylsrgihnjmcht.com,,1
lxcnsbkficgcfqlbqkktrt.org,,1
spy2mobile.com,normal.alexa,0
hmveojhq.net,,1
1f8erlw1h6nox8da0ggm1a44xmz.net,dga.post,1
vimm.com,normal.alexa,0
ielafurmsxlmbt.org,,1
xfapzone.com,normal.alexa,0
qmw.com.cn,normal.alexa,0
kru4ok.ru,normal.alexa,0
1dapwsku8l66g10g942ogs2sso.biz,,1
iuymiy.com,,1
laseleccion.cl,normal.alexa,0
infostud.biz,normal.alexa,0
cdunkpyfs.ru,,1
datapowerlearning.com,normal.alexa,0
tjqfaic.info,,1
kuyossumggagyiui.org,,1
jawanjoz.ru,,1
round1usa.com,normal.alexa,0
ftbservers.com,normal.alexa,0
hotbuy.sg,normal.alexa,0
699bcbf80fb09c7675f6d1de6720806d.org,,1
bestbus.com,normal.alexa,0
iqwkyuamwqwiewew.org,,1
lshhwdjvrapx.net,,1
areadelvino.com,normal.alexa,0
kin7001a0w0ykdmfrpa1fs691y.org,,1
beautyportal.gr,normal.alexa,0
slisystemsusa-my.sharepoint.com,normal.alexa,0
pfapramqgyhdixkhpramxtkxk.ru,dga.goz,1
olimpuskit.it,normal.alexa,0
oleganisimov.livejournal.com,normal.alexa,0
oportunidadereal.com,normal.alexa,0
mfcfund.com,normal.alexa,0
pdfindir.net,normal.alexa,0
animevf.tv,normal.alexa,0
jbfkdjiyyqfs.com,,1
famedrop.com,normal.alexa,0
tykbbd.com,,1
weawijan.ru,,1
menutradedrinkdiscovernegotiate.com,,1
fjwudtbgfvqugafhgecx.com,,1
fbkdmacmmodfnabm.net,,1
apunguvpkqv.pw,,1
ywxxhhrsha.net,,1
pfneo.cn,,1
insai.gob.ve,normal.alexa,0
motorblitz.com,normal.alexa,0
ggsbbqhpyyxvaore.eu,,1
p2psoft.info,normal.alexa,0
qkcmumkgcukemioi.org,,1
blnfbbrh.yi.org,,1
ui.edu.ng,normal.alexa,0
knskashmir.com,normal.alexa,0
wsbahaizlfypnjaixgypztxqodq.com,,1
aer.com,normal.alexa,0
gmcwwcaggocyqcgc.org,,1
mwwwstmthueqceyrwea.pw,,1
qkwuywgkwogakomo.org,dga.ramdo,1
a4fd3ce8d94985776e250d9bd5b38b6139.hk,,1
top-code-promo.com,normal.alexa,0
puqffmpmkwgs.com,,1
fypzdm.info,,1
xulorux.info,,1
canakkaledegisim.com,normal.alexa,0
luzanews.ir,normal.alexa,0
byzutidcgvq.net,,1
offres-de-remboursement-bouygues-telecom.com,normal.alexa,0
ketemulagi.com,normal.alexa,0
professioneforex.com,normal.alexa,0
yourirish.com,normal.alexa,0
xgmlgbkrpvwuy28.com,,1
wjqbwbwx.com,,1
bdvmhz19qxupx3rnh9m1ddvvkv.net,,1
luugarigevupe.ddns.net,,1
s419.ru,normal.alexa,0
adventistbookcenter.com,normal.alexa,0
pulsarmultimidia.com.br,normal.alexa,0
gosaimaa.com,normal.alexa,0
jelmerdeboer.nl,normal.alexa,0
8e51c1e68372b1a6f2adec4673130d93.cz.cc,,1
yvcdmqhirfke.su,,1
rvtutgag.com,,1
spfvpmafsj.net,,1
vjpwdp.info,,1
jannavi.net,normal.alexa,0
superjobsuk.com,normal.alexa,0
ogqsugcmycuqgayy.org,,1
tbnyds.com,,1
laomaotao.org,normal.alexa,0
ekoway.eu,normal.alexa,0
kvlnjvus.com,,1
gewinner.de,normal.alexa,0
forexonline40.com,normal.alexa,0
13y68qi10aiz8z111qyhmi8jr8d.com,dga.post,1
ahefkgxmyimg.info,,1
elamigodelpueblo.com,normal.alexa,0
qjyxgam.info,,1
rzfnqy.com,,1
samuelshats.com,normal.alexa,0
sundaythrow.net,,1
oxfordstudent.com,normal.alexa,0
totalsportsnews.co.uk,normal.alexa,0
sandisk.co.kr,normal.alexa,0
avashuturago.ddns.net,,1
mcvisas.com,normal.alexa,0
kvqcwvntub.com,dga.ramnit,1
v-corp.in,normal.alexa,0
vgnetwork.it,normal.alexa,0
118pwj94qfi1ectxeod11g8993.net,,1
umuxkhkluah.com,,1
lpikibsidkbnc.biz,,1
btkvgpcdflo.org,,1
spon.me,normal.alexa,0
nakaden.com,normal.alexa,0
cashless.pl,normal.alexa,0
laytgir.com,,1
pqz8xa7o9yjo.net,,1
lrorrasildeafeninguvuc.com,,1
alchemyforums.com,normal.alexa,0
yucfkehqhvtauki.sh,,1
fontslog.com,normal.alexa,0
canon.no,normal.alexa,0
vrsaopaulo.com.br,normal.alexa,0
i7spuzktyr0d.net,,1
6n4dufk5ufwx.org,,1
zd57cf8dfca17dd4dc66977d868bc067ab.in,,1
9391ec0b63163ebbb6d4c012af07b7ba.org,,1
babyonline.cz,normal.alexa,0
coles.com.au,normal.alexa,0
dwxkzivez.ru,,1
1xk1djl1l0qhmn4jndkz1ii0pmf.net,,1
buschjobs.com,normal.alexa,0
81c167e0ba9398bb12283d63208402e9.info,,1
lyleandscott.com,normal.alexa,0
xn--e1amhbxkdnb.xn--p1ai,normal.alexa,0
britishmuseumshoponline.org,normal.alexa,0
cronicabalear.es,normal.alexa,0
canalgirl.com,normal.alexa,0
conrad-electronic.co.uk,normal.alexa,0
tihoxwdtvi.com,,1
yqsegpkeedqgxl.net,,1
shentaiesp.asia,normal.alexa,0
fvfdkq.org,,1
earcuff.ru,normal.alexa,0
lindsaysaker.co.za,normal.alexa,0
rssrvwgiqmwlvq.info,,1
ortheme.com,normal.alexa,0
dmrqsarfuvkkknlvthxfxs.org,,1
mwiw75qzvw4ljryva2.ru,dga.rovnix,1
pattaya.net,normal.alexa,0
iowgeekblog.co.uk,normal.alexa,0
orschlurch.net,normal.alexa,0
yejocy.com,,1
jlmtanerraticallyqozaw.com,dga.banjori,1
drinkgives.net,,1
stokesauction.com,normal.alexa,0
yamipod.com,normal.alexa,0
jdozfpxyqmifnuauqpgpqkxsy.org,,1
epmiwmgumykyegi.org,,1
hsibwiy.info,,1
uohskgse.com,,1
docuware-online.de,normal.alexa,0
redlesbiantube.com,normal.alexa,0
12ifp84l83vq219i1q217k72rk.net,,1
school-remont.tv,normal.alexa,0
bejoo.info,,1
jatuhmruc.info,,1
tube-evo.com,normal.alexa,0
gospeldownloads.com.br,normal.alexa,0
afkcpqckcpaxawa.org,,1
wwaegyomckgoagso.org,,1
growleader.com,normal.alexa,0
zerkdoxe.top,,1
indeedlinkme.com,,1
blogreaca.blogspot.com.br,normal.alexa,0
rjqpqbcjiqiy.com,,1
wsyayauqwgcmqigk.org,,1
wicrirvu.ru,,1
jemoticons.com,normal.alexa,0
legalmarketingsavant.com,normal.alexa,0
adibet.com,normal.alexa,0
16zo9uvgtebc.com,,1
istesozluk.com,normal.alexa,0
crowdhaiku.com,normal.alexa,0
plantmeancashbuildexperience.com,,1
visiongroup.co.ug,normal.alexa,0
lhhebcnlqexi.com,dga.tinba,1
trimay.ru,normal.alexa,0
hwrezmngpix.top,,1
nyulawglobal.org,normal.alexa,0
din2.info,normal.alexa,0
vavfvwyx.com,,1
gulfjobcareers.com,normal.alexa,0
cpwyuvyx.cc,dga.conficker,1
rznaxaxvhprc.net,,1
parkwalkadvisors.com,normal.alexa,0
gazou-mania.org,normal.alexa,0
3r5hlhnykni2elc4b11vimp0.biz,,1
viruscomix.com,normal.alexa,0
mqjduokaojxmarmzqytr.org,,1
uruzwk.com,,1
yfnkhzqvlgfgl1dfdt.cn,,1
tlzxojrrwonmfbyucjbphycemv.com,,1
frcyw.com,normal.alexa,0
sportmedia24.com,normal.alexa,0
seashellhotels.net,normal.alexa,0
newsquest.co.uk,normal.alexa,0
primehome.it,normal.alexa,0
goqdidbgkwr.com,,1
qarea.com,normal.alexa,0
tcuklvoprxgxkfjzirfizorxlvjb.ru,,1
lajmpress.info,normal.alexa,0
programaswebfull.com,normal.alexa,0
badbitcoin.org,normal.alexa,0
fontfarsi.ir,normal.alexa,0
chainannouncewakegaslack.com,,1
cgbfkssbdida.sc,dga.necurs,1
micronichemedia.com,normal.alexa,0
asjvioxbjdkcnkn.xyz,,1
a3cf313711eceec427718174a4b4404afd.cc,,1
wopc.co.uk,normal.alexa,0
ryoyjpenjkoddyoy2.com,,1
neoconceptimmo.com,normal.alexa,0
spifftv.com,normal.alexa,0
lygif.eu,,1
oabmfobkmckdkael.co,,1
myiphide.com,normal.alexa,0
hxemsatformalisticirekb.com,dga.banjori,1
otntdexplorere.info,,1
mbmfirepyn.top,,1
qigxlgbja.im,,1
summoning.net,normal.alexa,0
sumidelec.com,normal.alexa,0
dbodpzlyc.com,,1
e-chronologie.org,normal.alexa,0
nppylves.org,dga.conficker,1
supremelala-shop.jp,normal.alexa,0
dssoswpwv.cc,,1
fptgiftbox.com,normal.alexa,0
donorsearch.org,normal.alexa,0
babamamama.com,,1
hashiriyadenai.com,normal.alexa,0
oaxevrqxjmunilo.org,,1
etadobeflashplgayer.co.uk,,1
lepetitbuzz.fr,normal.alexa,0
glibbo.it,normal.alexa,0
biblenara.org,normal.alexa,0
rvgifordlinnetavox.com,dga.banjori,1
promedblog.com,normal.alexa,0
superiorhealthplan.com,normal.alexa,0
hensai110.com,normal.alexa,0
jzojterpimbv.tv,,1
crous-creteil.fr,normal.alexa,0
worth.cf,normal.alexa,0
nshcteu.eu,,1
jounan-kensetsu.jp,normal.alexa,0
rw5izpo7wrldlwjhz8.net,,1
mcoqykcq.org,,1
rrzcbqhnohlzzuk.com,,1
894651.com,normal.alexa,0
lexchextqr.biz,dga.necurs,1
gdlotexvnb.biz,,1
ajantastar.com,normal.alexa,0
dcbrbpvaqnwrle.ms,,1
violey.com,normal.alexa,0
xhzallaabettingk.com,,1
auzpdl.org,dga.conficker,1
1fa9wmcfp1f7rmrz6t317m5ueu.org,,1
kiglebacxruxhl.biz,dga.cryptolocker,1
lukijps.eu,,1
ietxjjdlodf.mx,,1
ynegezjkuie.net,,1
karter-nsk.ru,normal.alexa,0
ozxmjxsbs.cc,,1
bytnapredaj.sk,normal.alexa,0
seunegocionainter.net,normal.alexa,0
juiceexerciseresolvebunch.com,,1
vahyfjdxmxrnvxop.org,,1
shreevidhyasaree.com,normal.alexa,0
forgetthrown.net,,1
o1gnng4p1xf.net,,1
piccin.it,normal.alexa,0
naturalhealthbag.com,normal.alexa,0
hertz.fr,normal.alexa,0
5pkb7clgpcdrsaumfe.cn,,1
meatking.ru,,1
banishedonline.com,normal.alexa,0
rlv8g81h3n8et16zvyuz1fq06fn.biz,dga.post,1
kabeelap.ddns.net,,1
argos.co,normal.alexa,0
makeupper.co.nz,normal.alexa,0
wdm5ec4mwpk91fl82je6s6tkc.org,,1
clgbmtwdkna.com,,1
kodaecaffnfeafad.com,,1
mvpoau.com,,1
seoficmu.ru,,1
edhmiicqapfafigag.net,,1
qetyxiqa.info,,1
lrdqslzhcipbindalnmvdeyhfmso.ru,,1
layerestimatefieldestimate.com,dga.matsnu,1
zwcmpx.com,,1
satelliteguys.us,normal.alexa,0
xcvovmqqmxfmss.com,,1
azporn.net,normal.alexa,0
ocdkfkfedacfboal.com,,1
sideupreply.eu,normal.alexa,0
kingart-games.com,normal.alexa,0
mobilissimo.ro,normal.alexa,0
alm7ben.tv,normal.alexa,0
naturaki.com,normal.alexa,0
mcmvkepyzgyycezgkkgx.com,,1
tuj0l2n0tez4.org,,1
phnxorcajanunal.com,,1
testsworld.net,normal.alexa,0
serreslife.gr,normal.alexa,0
cosifantutte.co.nz,normal.alexa,0
urcfpvxsflgodvp.com,,1
bets-shop.com,normal.alexa,0
surfacedstudio.com,normal.alexa,0
eatfresh.com,normal.alexa,0
mjot63sdar4h.org,,1
tacticalmilitaryflashlight.com,normal.alexa,0
haingoaiphiemdam.com,normal.alexa,0
loreredoptntex.info,,1
vxbazsn.org,,1
optiondalal.com,normal.alexa,0
cfboblnmaobfmkfb.com,,1
aicafqlayvsrcyzdavaesoxci.biz,,1
yaaeuosmgokqiwgs.org,,1
wjjpldgtoibydxqb.eu,,1
brightbridgesolutions.com,normal.alexa,0
yxyxkjwtkbpp.cc,,1
elenet.me,normal.alexa,0
tbmkoq.com,,1
clubdishleaveexchangepropose.com,,1
fxfactory.com,normal.alexa,0
e0r97g4ua8fs1gx8rcz16nl252.org,,1
eurorent-belgrade.com,normal.alexa,0
vk92fghm7wxq.net,,1
2155.com,normal.alexa,0
da3k163w5ej8.top,,1
xkriyj.com,,1
bmibvgukeiqcwcthibgmlbamnjf.net,,1
catwalk.com.tw,normal.alexa,0
twentyelevendemo.wordpress.com,normal.alexa,0
1i7td7u1jkzgjz7ps5d51gv23yx.org,,1
wxptinrsgii.com,,1
pwhkgauqtklejjkrhoiea.com,,1
uskmuvnqacilui.net,,1
withiron.net,,1
kinoxouse.ucoz.ru,normal.alexa,0
kilisaqa.ru,normal.alexa,0
blackforestindustries.com,normal.alexa,0
impgbmooldqritws.com,,1
ifdqjknxqqlqmmix.net,dga.murofet,1
sxovwlwtwhmna4uhmno4qlo.ddns.net,,1
hqlead.com,normal.alexa,0
kingdom.com,normal.alexa,0
sex169.biz,normal.alexa,0
photo-dictionary.com,normal.alexa,0
pacv21ihtoppwi3cpjy76cbz.com,,1
c971b11262f6b0dae678c5857a730619a6.to,,1
eenorrejkf.net,dga.pykspa,1
truthortradition.com,normal.alexa,0
mindfuleatingsummit.com,normal.alexa,0
twinbuzz.com,normal.alexa,0
elcajontecnologico.com,normal.alexa,0
noraconrad.com,normal.alexa,0
psulsbroc.info,,1
jvlibeymzozxcalvcadiqlndizyl.ru,,1
tmdhosting210.com,normal.alexa,0
cpalifestyle.com,normal.alexa,0
yu-nagi.com,normal.alexa,0
vitapur.hr,normal.alexa,0
pleasureaddresstasteoperate.com,,1
anwix.ru,normal.alexa,0
ylhs.org,normal.alexa,0
qoofkf1jfryr59vlfhl179vo7u.biz,dga.post,1
sebio.be,normal.alexa,0
ubpatqzah.info,,1
heardnature.net,,1
baendit.com,normal.alexa,0
exaltive.com,normal.alexa,0
getmeungated.com,normal.alexa,0
zdixlevhva.com,,1
juqenawufd.im,,1
zjwceimakuvaieqxzdi.com,,1
ns1.dnsfor2.com,,1
aunmyggo.com,,1
shochiku.co.jp,normal.alexa,0
koalite.com,normal.alexa,0
rwhlnovmfbasovgbmplhifnbt.ru,,1
pagesqatar.com,normal.alexa,0
indirengezginler.com,normal.alexa,0
rbyxfra.info,,1
dwlcfqfep.ru,,1
d2z49q70di7c.org,,1
ashlplayergetadobef.net,,1
kelloggs.in,normal.alexa,0
judge.me,normal.alexa,0
cosmocrafter.com,normal.alexa,0
onf-contrebasse.com,normal.alexa,0
internet-cd.blogspot.com,normal.alexa,0
mtywotiwmtya.com,,1
lefigaro.fr,normal.alexa,0
iqssmecgimumamqc.org,,1
tuniuhwecfplycs.com,,1
osen.com.tw,normal.alexa,0
qykxqjsgmponvxuq.com,,1
epiphanyventures.in,normal.alexa,0
xgenxeeycpufnx.in,,1
aqualung.com,normal.alexa,0
zavvi.nl,normal.alexa,0
smallflower.com,normal.alexa,0
woxtenhancedysb.com,,1
cvr5fxwzl6q1c26c.com,,1
bkzwlnv.info,,1
uxtfdqm.eu,,1
fbygidablyhoosieraw.com,dga.banjori,1
etiripgb.ru,,1
jqlolkzw.ru,,1
thedickinsonpress.com,normal.alexa,0
pqfwpup.eu,,1
swvxdxiijjfj.com,,1
legalink.org,normal.alexa,0
y-loveboat.com,normal.alexa,0
soutelarab.net,normal.alexa,0
bsrwwnuoldbhsjwg.xxx,,1
ttmiao.cn,normal.alexa,0
ruwed6h3r6tz9y3d0o2vmyny.com,,1
uoiacoqamoyccqwm.org,,1
frunyozlytpzso.com,,1
marahoffman.com,normal.alexa,0
tagtree.co.kr,normal.alexa,0
cnstopstories.com,normal.alexa,0
niaochai.com,normal.alexa,0
populer.web.id,normal.alexa,0
l4x2k11se89xkfu06jyzs75t8.net,,1
tntexploreredo.info,,1
kcpc.org,normal.alexa,0
greencorridorrun.com.sg,normal.alexa,0
newcanadian.ru,normal.alexa,0
sickoctober.net,,1
jv1k8-zo8l5.com,normal.alexa,0
rummblelabs.com,normal.bambenek,0
theamericanwedding.com,normal.alexa,0
wausucibp.ddns.net,,1
dipoivuunjnnmvogz.net,,1
techreviewpro.com,normal.alexa,0
oreredlotntexp.net,,1
nlqxhzljxskt.net,,1
usmkecy.info,,1
e8km4fdihwpqx1s2.cn,,1
aklpydnfdclhnxjy.nu,dga.necurs,1
getakka.net,normal.alexa,0
k8kythqr1g74aqzcyp.biz,,1
wyhfuvol.com,,1
ovvlep.com,,1
militaria.it,normal.alexa,0
cizcvyybne.cn,,1
todoappleblog.com,normal.alexa,0
zclipskart.com,normal.alexa,0
pupohyza.top,,1
new-ahiru.com,normal.alexa,0
inman.tmall.com,normal.alexa,0
gyih.com,normal.alexa,0
lwzmaxxznn.net,,1
tubeplan.com,normal.alexa,0
taptka.com,,1
allsoccerplanet.com,normal.alexa,0
vsichkifirmi.com,normal.alexa,0
dujppkdy.net,,1
weartested.org,normal.alexa,0
iptiaxavuvor.ddns.net,,1
itg-consultores.com,normal.alexa,0
takenfirst.net,,1
dqykbkmnaba.org,,1
answercontrol.net,,1
geanirto.ru,dga.pushdo,1
kduhda.info,,1
duniasexabg.com,normal.alexa,0
aycmkam.net,,1
empregoxl.com,normal.alexa,0
lethalpass.com,normal.alexa,0
ethfxm.com,dga.virut,1
eqywfc.com,,1
byteitbooking.com,normal.alexa,0
kyvcbmmfjhasbexa.eu,,1
yhat.net,normal.alexa,0
keas.com,normal.alexa,0
mvmfsgemeipintgpbqgodlxk.com,,1
diendanseovietnam.edu.vn,normal.alexa,0
djvuursktxrq.org,dga.tinba,1
getadobreflashplaye.co.uk,,1
nbttcccbbjz.com,,1
top-amateur.fr,normal.alexa,0
the8guild.com,normal.alexa,0
pwpw.pl,normal.alexa,0
meurio.org.br,normal.alexa,0
furnwovxy.ac,,1
tbpeslky.mooo.com,,1
astrofiles.net,normal.alexa,0
rnunpet.net,,1
ftteywv.net,,1
4fbfec40a80d0a15510fc0480dc8efb7.cz.cc,,1
kkwvuwofrtsy.co.uk,,1
khabr24.blogfa.com,normal.alexa,0
xaipbnrhnrkmzyjnovbiuwzhl.ru,dga.goz,1
rrhnuolthqto.info,,1
ajel.sa,normal.alexa,0
crazyscarygames.com,normal.alexa,0
bioskop212.com,normal.alexa,0
qi6f4wh1b4jm26jo.org,,1
wmkrozmmpkutmdutb.info,,1
surveyspree.com,normal.alexa,0
quartercodehabitspellare.com,,1
rnmowanleapr.ru,,1
sister.co.jp,normal.alexa,0
tomolasido.net,normal.alexa,0
bigking.jp,normal.alexa,0
natefkbej.top,,1
ihc81j3nq6udcbobid1.ddns.net,,1
rfwkwluqxtxw.com,dga.tinba,1
idahopress.com,normal.alexa,0
cplahavwni.com,,1
stroemdom.ru,normal.alexa,0
bollywoodsongslyrics.in,normal.alexa,0
zkmecocssrdqbqqlmzdy.org,,1
embeddedimaging.com,normal.alexa,0
thrdsxerbdvfraace.com,,1
tenforums.com,normal.alexa,0
mamavika.com,normal.alexa,0
sblklna.eu,,1
kcxcssrfgghv.su,dga.tinba,1
salonbizcloud.com,normal.alexa,0
tesoon.com,normal.alexa,0
i5ik3u1ecn34zlhp0xvhyajwa.net,,1
faculdadeprojecao.edu.br,normal.alexa,0
yyulppwkxvsvua.org,,1
uktech.ac.in,normal.alexa,0
fafqtrhmr.org,,1
hillthrew.net,,1
ljovinalcentricem.com,dga.banjori,1
wssimcimgeosyiiu.org,dga.ramdo,1
xblcngkwshyrpau.com,,1
bollywoodmasti.tv,normal.alexa,0
hgslihgfibcj.com,dga.tinba,1
nikolatos.eu,normal.alexa,0
safedownloadsrus158.com,normal.alexa,0
presta-sms.com,normal.alexa,0
cottageplans.ru,normal.alexa,0
4ed1916f4419a05f3605ee86ed7797a5.org,,1
sparnigeria.com,normal.alexa,0
qavubhskp.net,,1
cc5rc9fp5sreqz1.com,,1
rohgame.com,normal.alexa,0
fbyofawo.info,,1
lfckflfcodmmoekd.eu,,1
yhxlxjqojrifgxcarwbekrlb.ru,,1
qxtdp.cn,,1
ns1.backdates2.com,,1
wallpaper.net.in,normal.alexa,0
1nnn5y2b6pzjg1ul2o8pa51566.org,,1
djpoppy.mooo.com,,1
dpin100.com,normal.alexa,0
mgpusagabardinedazyx.com,,1
yynpnggsnjmy.biz,,1
umegei.com,normal.alexa,0
vfecenhancedysb.com,,1
swzonyysgpmpclr.info,,1
mozillazine.org,normal.alexa,0
halifaxcourier.co.uk,normal.alexa,0
zzdgppukia.com,,1
uhmhicfxdm.info,,1
whogsadsholapet.com,,1
xmflqqwinpmorzupwhkv.com,,1
zsummt.com,,1
wmsqwxqjdybgc.org,,1
artyardkilldiscoverfeelbalance.com,,1
1mhk31wcx4eve19jl7ty1yjgxi0.net,,1
vghbvpocnnydcoq.sh,,1
gsaise.asia,normal.alexa,0
ganuoqhoiqe.ddns.net,,1
menchic.it,normal.alexa,0
kaxook.org,,1
newdjs.in,normal.alexa,0
girlsleadership.org,normal.alexa,0
9wwhj3qr1h.net,,1
ggctjijerg.net,,1
cafqafiw.ru,,1
yenfzzj9if.com,,1
wealthprofessional.ca,normal.alexa,0
lortel.ir,normal.alexa,0
restofocus.com,normal.alexa,0
ihor.ru,normal.alexa,0
esmuy.co,normal.alexa,0
zangames.com,normal.alexa,0
mrnaia.org,dga.conficker,1
natpost.ru,normal.alexa,0
ruthe.de,normal.alexa,0
spxwlwsa.com,,1
nyxaeltggspy.cc,,1
1g9ay2jusidg11iduurbt7ztfv.org,,1
fmgsijiv.info,,1
sudrf.ru,normal.alexa,0
jenningswire.com,normal.alexa,0
1bkuv8u1p8fm92follgz1wrkqrg.com,,1
beatshared.com,normal.alexa,0
uvovsjmt3fcb5t78ilojkbm.ddns.net,,1
pchqhfsytkdkeqszt.com,,1
labbit-phone.jp,normal.alexa,0
1u4l6n63kg6o1wwfhkn16znq3c.com,,1
wexarts.org,normal.alexa,0
cecic.com.cn,normal.alexa,0
danbrown.com,normal.alexa,0
drweb-av.pl,normal.alexa,0
butterfieldonline.bm,normal.alexa,0
unrzgz.com,,1
eshopfa.biz,normal.alexa,0
multiplesclerosisnewstoday.com,normal.alexa,0
langleytimes.com,normal.alexa,0
voxx.ro,normal.alexa,0
avpfinwuboz.ws,,1
emksiswsyiyugiyu.org,,1
huvitech.com,normal.alexa,0
eoxsrihuafnrwuoqb.net,,1
navishoes.ru,normal.alexa,0
teensfuckr.com,normal.alexa,0
lifeinthegrid.com,normal.alexa,0
crack-assets.com,normal.alexa,0
hoteismabu.com.br,normal.alexa,0
rzktskhf.com,,1
csd.com.gh,normal.alexa,0
tv-hokkaido.co.jp,normal.alexa,0
yummy.ph,normal.alexa,0
fahwdraj.info,,1
saqykwmww.biz,,1
travelbike.it,normal.alexa,0
gukaboaqrip.ddns.net,,1
euagjoyemfbhxwumt.in,,1
aijbkppdpalf.ru,,1
grfiflb.click,,1
lysetyj.info,dga.simda,1
udel.edu,normal.alexa,0
net-sennik.pl,normal.alexa,0
evnmeiytag.com,,1
xclips.tv,normal.alexa,0
qulle.net,normal.alexa,0
1n932xgps4ez.net,,1
qsfmrzpvwifwklrjfnrfuxwcobqcbi.com,,1
floorfacts.com,normal.alexa,0
gpkyhwofrdgt.com,dga.tinba,1
hcrliqbcuqli.com,,1
sageone.es,normal.alexa,0
tyrotoys.de,normal.alexa,0
aishealth.com,normal.alexa,0
fcjuanemldlwllax.eu,,1
subreg.cz,normal.alexa,0
nidar.no,normal.alexa,0
freedentalcare.us,normal.alexa,0
divercity-tokyo.com,normal.alexa,0
bfgtwvhgsibiufmcerl.com,,1
achetezmoi.com,normal.alexa,0
liaxispjitcuebbu.eu,,1
tucipygaqal.eu,,1
eavxqtoyjdlzlikyvpbkikk.info,,1
anv.bz,normal.alexa,0
lbsfcu.org,normal.alexa,0
picnictime.com,normal.alexa,0
bommi2000.de,normal.alexa,0
gqkmyaakocsmoyok.org,,1
biznexxus.org,normal.alexa,0
raam.org,normal.alexa,0
duythanhcse.wordpress.com,normal.alexa,0
kogyyh.com,,1
xofnotleuime.com,dga.tinba,1
marketingabacortes.com,normal.alexa,0
pipsomania.com,normal.alexa,0
maktaba-amma.com,normal.alexa,0
mhxidzfbvyg.info,,1
tiapgkjizoovrnnnef.com,,1
aycjahjj.info,,1
aykvkxvwjqlsfba.su,,1
mushroomtravel.com,normal.alexa,0
sanitairwinkel.be,normal.alexa,0
cityoflondon.police.uk,normal.alexa,0
selbststaendig.de,normal.alexa,0
tramanto.com,normal.alexa,0
nevtes.org,normal.alexa,0
fvuhtaskwl.com,,1
tributes.in,normal.alexa,0
viweabkkfe.com,,1
ykdhlllwrtykspeb.pw,,1
masaelejensie2010.blogfa.com,normal.alexa,0
mosalingua.com,normal.alexa,0
bloofusion.de,normal.alexa,0
inforang.com,normal.alexa,0
tynytetsls.top,,1
supplymanagement.com,normal.alexa,0
c4atreros.es,normal.alexa,0
1c1say81q7npyc190o1gz11jpmzp.org,,1
kuka-robotics.com,normal.alexa,0
destockplus.com,normal.alexa,0
qeikoqho.ru,,1
mtuwotiwmtya.info,,1
stclare.com.tw,normal.alexa,0
yzfxrdwmjsj.net,,1
tyleryla.info,,1
1woehsr11ciggm1suvj0e1wovq8o.net,,1
hitmvin.org,,1
brainer.cc,normal.alexa,0
kndkvdrlwjfgck.pw,,1
tuufuvcpqbddpzlcysduuehcc.com,dga.qakbot,1
freedom.co.jp,normal.alexa,0
ljhqarxrlhstrliluk.com,,1
bztmle4tvuxx13w3tfu139l2ag.net,,1
qirrov.com,,1
technovelgy.com,normal.alexa,0
soundflush.com,normal.alexa,0
62i1ji1qlalpz1wc89se12mjwr8.net,,1
duwgzheapbwnbwtkdrhojonfa.ru,,1
newbies-trade.com,normal.alexa,0
unkut.fr,normal.alexa,0
leocom.kr,normal.alexa,0
webtimeorologi.it,normal.alexa,0
ctdywug.org,,1
3rail.nl,normal.alexa,0
gftc.ca,normal.alexa,0
bfollb.com,,1
rphrfordlinnetavox.com,,1
nwyotiinodipuh.tw,,1
xefmtuyqqxkevqh.biz,dga.murofet,1
kjyqfswtefrvhf.in,,1
americansoccernow.com,normal.alexa,0
now24.gr,normal.alexa,0
fzlkwtlxcnlgmktqo.net,,1
s-hokusyo.com,normal.alexa,0
zrhtytcdnh.cc,dga.conficker,1
tracelytics.com,normal.bambenek,0
dutytuesday.net,,1
kwciqg.com,,1
muleodog.ru,,1
constellation-guide.com,normal.alexa,0
herzen.spb.ru,normal.alexa,0
campmor.com,normal.alexa,0
dvbhptxxyfsmkctg.eu,,1
0e0ce3d8275fd0dbde2cac153a0b7a4b.org,,1
alborzfile.ir,normal.alexa,0
mjcwvxzb.cc,,1
hudhud.com,normal.alexa,0
pokemonizle.net,normal.alexa,0
listmyads.co,normal.alexa,0
ty7gma1b29ndb4818zffnxqfz.com,dga.post,1
jiykyma.dynserv.com,,1
nfd6vwe7369p1nsku5v17vc019.org,,1
fsksbm1y48z8pr3gco1fqg8y5.org,,1
digital-kaos.co.uk,normal.alexa,0
meetingpointgrupo.es,normal.alexa,0
targsmaku.pl,normal.alexa,0
dynalias.com,normal.alexa,0
orukayak.com,normal.alexa,0
vwmgwnym.cc,,1
lenkaranxeber.info,normal.alexa,0
dlcqjba.info,,1
yoswuaikd.net,dga.conficker,1
gamemoding.com,normal.alexa,0
52kpq4uj5jmtenyxkr3ncp5.ddns.net,,1
nttexploreredo.info,,1
thmktxjlibcurplh.com,,1
cfcfckakblnakddf.com,,1
winzipsystemtools.com,normal.alexa,0
shinko.co.jp,normal.alexa,0
techjaja.com,normal.alexa,0
iki-boutique.com,normal.alexa,0
ingbusinessonline.pl,normal.alexa,0
akp.gov.kh,normal.alexa,0
aucnet.jp,normal.alexa,0
nudecelebritypictures.nu,normal.alexa,0
thedebtmyth.com,normal.alexa,0
aefqjixx.info,,1
kaskusnetworks.com,normal.alexa,0
pqwrdb1d35b5d5z8ib91cb08z0.net,,1
zvktztetjzn.dyndns.org,,1
dh-mart.com,normal.alexa,0
19c0qj5keskp41386zitpz8f4z.org,,1
olimpica.com.co,normal.alexa,0
tailfeathersnetwork.com,normal.alexa,0
fundmytravel.com,normal.alexa,0
difymusic.com,normal.alexa,0
the-better-world.com,normal.alexa,0
tyfidepypiv.eu,,1
firstlockhart.com,normal.alexa,0
chrom.com.ua,normal.alexa,0
1m70h6rwhyv4.net,,1
mixit.co.uk,normal.alexa,0
afxbwnyjfibwy.ru,,1
betterneedle.net,,1
cbchjuuuxbnhc.com,,1
nnvcezdbezsibdynfdknozlf.ru,,1
techwithkids.com,normal.alexa,0
hgcvjrrgkqst.tj,,1
tixac.az,normal.alexa,0
wevwik.com,,1
t855bwys2t46x1epxo.biz,,1
yeyofaiq.biz,,1
a84f432852a163bbebbfc6b73247f66e.cz.cc,,1
enquetemaken.nu,normal.alexa,0
musierowicz.com.pl,normal.alexa,0
7k5mvst67w1m.org,,1
template.vn,normal.alexa,0
digitalforce.in,normal.alexa,0
fekhfvsmf.tv,,1
cebu-market.com,normal.alexa,0
ischia.it,normal.alexa,0
gfmer.ch,normal.alexa,0
jknfpqd.info,,1
tpcu.edu.tw,normal.alexa,0
epkybnvqoncflkmnvjj.cx,,1
skyje.com,normal.alexa,0
lagu.in,normal.alexa,0
uncleguaranteerewardpanic.com,,1
bio-markt.info,normal.alexa,0
obbceckkfbecebkb.com,,1
georgeannamontgomery.ru,,1
finewoodworking.com,normal.alexa,0
axsrcvydor.ru,,1
ltfsdzyufdyyridnx.net,,1
rszlpkjzaiibvsjzdmeqgnzfysche.org,,1
eecdcnfckfmommef.website,,1
espaciolatino.com,normal.alexa,0
daobeflashplayerget.net,,1
ipqyfmnansnan.com,,1
365eme.com,normal.alexa,0
websiteoptimizers.blogspot.in,normal.alexa,0
qdwxpuyrnwrw.com,,1
clickkhongthuocla.vn,normal.alexa,0
devonstank.com,normal.alexa,0
schmedt24.de,normal.alexa,0
reichelt.de,normal.alexa,0
tbeuotf.info,dga.shifu,1
cfqxofg.com,,1
yxtrbadqowvatw.com,,1
yubeai.com,,1
uycwii.com,,1
senseresortremainapplystart.com,,1
taste3.com,normal.alexa,0
oaoyoewa82o6.org,,1
swpaqugmcorpweegnsgk.info,,1
tradingdepot.co.uk,normal.alexa,0
researchmortgagebendorganize.com,,1
j9b131a621e10168f4af4bad6ebc8965fe.ws,,1
kajpsmaaxirdnv.tw,dga.ranbyus,1
3dprintboard.com,normal.alexa,0
smallbiz.com,normal.alexa,0
byzmsg15dqldm1dfetoe1u0k2sy.com,,1
xscuqonrmrnbpjxaydibhhgufyx.biz,,1
jacketwearlandscapeappropriate.com,,1
debauchedbabes.com,normal.alexa,0
vdf16fb0b4ff49194b8a648cc62c14c0a1.ws,,1
igc6y6o5vsq81uyny3m4i33l0.biz,,1
otndtexplorere.info,,1
lolzor.com,normal.alexa,0
delife.eu,normal.alexa,0
writerspacenews.com,normal.alexa,0
o1gnbw1w69r6x1qve934yvyom1.net,dga.post,1
delfinschool.com,normal.alexa,0
nairegift.com,normal.alexa,0
b60l1p1wle8l6p0qaev14yiczy.net,,1
ohipdrevghru.ru,dga.tinba,1
ropagrande.uy,normal.alexa,0
1v3k3ha1ua3hgl15i2h6y8qz3h7.org,,1
yvyubtb.info,,1
downloadcarmanuals.com,normal.alexa,0
dkoshhap.net,normal.bambenek,0
zdtftdtcw.name,,1
evvqojqffibjjsl.co.uk,dga.cryptolocker,1
ldebcnnnobub.com,,1
moorepay.co.uk,normal.alexa,0
7kgqvkvqlty6qoeppg2v7oxm.com,dga.gameover,1
imagesociale.fr,normal.alexa,0
hkcmnjihdxiq.com,,1
knilolgf.org,,1
pornovhod.com,normal.alexa,0
1ohh2to1i9n4oo1izs8kr18j18qu.org,,1
yoarbceubnihtdvv96.com,,1
spicylegs.com,normal.alexa,0
mtewotiwmtya.info,,1
hztmvfeqrhwunvhvo.net,,1
afddfabdckfabdbf.com,,1
content-cooperation.com,normal.alexa,0
jqal3m6ip00svp02.biz,,1
piqviirkwcvq.net,dga.tinba,1
pure4c.de,normal.alexa,0
ojiz.net,normal.alexa,0
1pa9fpl2sg0iurw0m8mxm11hu.net,dga.post,1
cmwhsbhjnslm.com,dga.tinba,1
ingoalmag.com,normal.alexa,0
tvtour.com.cn,normal.alexa,0
7eu70hvs2638d390.cn,,1
woodworkerssource.com,normal.alexa,0
bosch-automotive-steering.com,normal.alexa,0
michaelevans.org,normal.alexa,0
yhqmazsrw.com,,1
fhhkeeefz.dynserv.com,,1
explotreredotn.net,,1
ecomandjobs.com,normal.alexa,0
der9a5l83v4ftwdn.org,,1
iguaygoc.org,,1
2020panel.com,normal.alexa,0
8du9j51tf4kc31alzlq0281vzm.org,,1
cnrexrjlo.org,,1
xn----7sbbofbvdnbhs7be3a9f9d.xn--p1ai,normal.alexa,0
iyvybsbemub.net,,1
iban.com,normal.alexa,0
sybelio.com,normal.alexa,0
myluxurycard.com,normal.alexa,0
pgyiycgfluyhtznwp.net,,1
sajavaqo.ru,,1
fluentd.org,normal.alexa,0
yplzbyskucyxydjzcqtivjrirkb.com,,1
hirurgs.ru,normal.alexa,0
ibgugjrdzxivwz.biz,,1
eanaztis.com,,1
iausamajgsh.com,,1
ns1.dnsfor10.info,,1
skaqqqiiqiiucwka.org,,1
f4e0ad1a31726dc572d8943dfd972dfd9a.in,,1
wogkuqasagks.com,,1
uoewgomkcykwsqug.org,,1
dokhokxi.ru,,1
uwivdifvwrwdatozxduswrktnj.net,,1
mazdaclubtr.com,normal.alexa,0
1h4sw7uqnq85kbjh8o1lf87w1.net,,1
effwij.info,,1
vxmqdes.info,,1
weezigo.com,normal.alexa,0
thenewsviews.in,normal.alexa,0
almosafer.com,normal.alexa,0
ejlgpphrvqonizfipuzi.com,,1
xdhttdpizf.com,,1
nogsyskpqplroskq.info,,1
mrmxefyxy.top,,1
medicalalertcomparison.com,normal.alexa,0
farmaciabatablanca.com,normal.alexa,0
vipbrands.com,normal.alexa,0
oe-e.gr,normal.alexa,0
kilcooleremembers1916.com,normal.alexa,0
kcmjropely.com,,1
buildings.com.br,normal.alexa,0
ucqrejzhucmvhmj.com,,1
nyeyufk.info,,1
acab.org,normal.alexa,0
viennale.at,normal.alexa,0
zytk.cn,normal.alexa,0
golgxoqnhigal.org,dga.cryptolocker,1
lqro9qzwdu30.com,,1
fzfuywyfjm.com,,1
26036ca98b38f34f05a7ff13de10e54d.cz.cc,,1
iipnetwork.org,normal.alexa,0
flub.info,normal.alexa,0
bkqszgdzdme.org,,1
ubuupxqtgecp.dyndns.org,,1
pfpflaugh.com,normal.alexa,0
xbmvgfgt.net,,1
mindcastr.com,normal.alexa,0
ar4coll.blogspot.com,normal.alexa,0
funmunch.com,normal.alexa,0
1x2kb1c1f5dgmk13cda1i1goub5f.net,dga.post,1
armed.cz,normal.alexa,0
mooc.cn,normal.alexa,0
ledrus.ru,normal.alexa,0
143go5e1t7614qvjsy7n14ayawj.net,,1
scdecision.in,normal.alexa,0
uciaanerraticallyqozaw.com,,1
mdmwotiwmtya.info,,1
cooklos.gr,normal.alexa,0
rakuten.cn,normal.alexa,0
xxysqyfllnvr.com,dga.ramnit,1
dcdfcbflklffkeaf.co.uk,,1
camembert02.com,normal.alexa,0
chinatechnik.com,normal.alexa,0
6w3l0oex2rzscts9.info,,1
fxakzsj.org,,1
kjgidcstqhsb.com,dga.tinba,1
1nptxux2y1gps18htx79vupv3p.biz,,1
imfreevpn.com,normal.alexa,0
mlmpult.com,normal.alexa,0
zlllzofnoe5f6eiy2w.com,,1
siddharatha-buddha.blogspot.in,normal.alexa,0
floral-city.ru,normal.alexa,0
cuwtsgwkt.org,,1
leather-house.net,normal.alexa,0
eleome.org,,1
pembrokepinesfla.com,normal.alexa,0
bolizarsospos.com,,1
topgearautosport.com,normal.alexa,0
kuukomusicyeeqss.org,,1
lbrxlelcwr.net,,1
aeweseokwykkyiso.org,,1
lsyapr.net,,1
usummiyameuqoeaa.org,,1
sexyvideos.co,normal.alexa,0
kemadore.info,,1
1eelfbxwi4omi5e2c5711e4a7a.org,,1
progadgets.com.au,normal.alexa,0
gaquzib.info,dga.simda,1
korda.co.uk,normal.alexa,0
sgpjqwxmbyptlnvopjcqfqtskr.ru,dga.p2p,1
rankscanner.com,normal.alexa,0
sofugewoombub.ddns.net,,1
muschealth.org,normal.alexa,0
supersoluce.com,normal.alexa,0
jollyroom.dk,normal.alexa,0
energieleveranciers.nl,normal.alexa,0
interiorsavings.com,normal.alexa,0
monstr-high.com,normal.alexa,0
luceplan.com,normal.alexa,0
lminpsexktwnkkn.org,,1
mua24h.com.vn,normal.alexa,0
eltern-raten-eltern-forum.de,normal.alexa,0
ukfestivalguides.com,normal.alexa,0
colombotelegraph.com,normal.alexa,0
fotmyvcmga.mooo.com,,1
nsiktjcqavalcebnzl.org,,1
thalysthecard.com,normal.alexa,0
gmgk.de,normal.alexa,0
qemougdakapaoxn.ddns.net,,1
mybusinessmatches.com,normal.alexa,0
egovap.com,normal.alexa,0
findmyghar.com,normal.alexa,0
multibyte.be,normal.alexa,0
nmibgglwgxcnee.biz,,1
iitsvupppefj.com,,1
tdqvprgscjzjvfidxq.com,,1
mabivit.info,,1
xmbs1ivkx6rs.com,,1
acffkldnllclaaak.de,,1
aejixgeoya.biz,,1
jepudiji.info,,1
kp2n0lyf4xmr.org,,1
paleononpaleo.com,normal.alexa,0
axwxwzarlhjlqucgbfbttasvk.net,,1
examregulatoryauthorityup.in,normal.alexa,0
ruanmei.com,normal.alexa,0
kavolta.com,normal.alexa,0
vlvit.ru,normal.alexa,0
worldalldetails.com,normal.alexa,0
serviceautopilot.com,normal.alexa,0
coconutoilcooking.com,normal.alexa,0
cflcdekndnbceaob.com,,1
elitedosblurays.com,normal.alexa,0
ahabsvgf.ru,,1
camgirlsdownload.com,normal.alexa,0
polytechnique.edu,normal.alexa,0
glamlemon.ru,normal.alexa,0
actiondroid.com,normal.alexa,0
edykcyxcok.com,,1
islamiwiki.blogspot.co.id,normal.alexa,0
aeowkeaaomcoaokk.org,,1
comarcarural.com,normal.alexa,0
1rsb4s81ibu92ywhhidu1ldwox0.net,,1
wonderchef.in,normal.alexa,0
nyaypyxqf.com,,1
mikesmatures.com,normal.alexa,0
chairuntil.net,,1
ysvxrxtmui9bu.com,,1
drive-news.net,normal.alexa,0
8zc4arpmt7cum9okwwp0foqb.com,,1
eiiaescssksoomsk.org,,1
bcmprjlzlnbscknxpfaducme.ru,,1
q9jylzrqvyyx9k.net,,1
wissenswertes.at,normal.alexa,0
ctunebyjel.top,,1
tmr72d4qwbh41uqxpzb186cyzj.org,dga.post,1
dirigehoy.com,normal.alexa,0
nfwvepspyvwx.cc,dga.tinba,1
lncwwtcmlnyilqs.biz,,1
1cidm0lg6omjoygbkrx1nq12h6.com,,1
wloxjplubhoxvy.com,,1
starofservice.be,normal.alexa,0
eleventhavenue.com,normal.alexa,0
labsporno.com,normal.alexa,0
ilgiornaledelmolise.it,normal.alexa,0
zmuyyib.info,,1
ingncvgj.org,,1
hayasblog.com,normal.alexa,0
pinstake.com,normal.alexa,0
commerceweb.com.br,normal.alexa,0
ns1.backdates16.net,,1
urirmpyp.top,,1
wendyarbeit.com,normal.alexa,0
flashplayergetaedob.co.uk,,1
regosearch.com,normal.alexa,0
1rznujuzc1at31hwog5ovwmjcg.org,,1
101sports.com,normal.alexa,0
ryyejwxss.com,dga.ramnit,1
cdo4sn3val1fq6yhc2g.ddns.net,,1
gentlegiantsrescue.com,normal.alexa,0
vnmw8j1vnk9peos207ycg4wx9.net,,1
cpokemon.com,normal.alexa,0
readysetgostaffing.com,normal.alexa,0
hqpnbcydyhlreaqcyxbvwofkrkj.com,,1
libjchta.biz,dga.conficker,1
simply-debrid.com,normal.alexa,0
cyd.ro,normal.alexa,0
bkialpurgqelsrjxgo.com,,1
zstanst2z4xa.net,,1
